level,state,district,metric,value,unit,observation_period,source_url,data_status,retrieved_at
state,Johor,,incomeMean,9484.0,RM per household per month,2024-01-01,https://data.gov.my/data-catalogue/hies_state,fresh,2026-10-04T11:16:32Z
state,Johor,,incomeMedian,7712.0,RM per household per month,2024-01-01,https://data.gov.my/data-catalogue/hies_state,fresh,2026-10-04T11:16:32Z
state,Johor,,expenditureMean,5927.0,RM per household per month,2024-01-01,https://data.gov.my/data-catalogue/hies_state,fresh,2026-10-04T11:16:32Z
state,Johor,,incomeMinusExpenditure,1785.0,RM per household per month,2024-01-01,https://data.gov.my/data-catalogue/hies_state,fresh,2026-10-04T11:16:32Z
state,Johor,,incomeToExpenditureRatio,1.301,ratio,2024-01-01,https://data.gov.my/data-catalogue/hies_state,fresh,2026-10-04T11:16:32Z
state,Johor,,poverty,2.5,%,2024-01-01,https://data.gov.my/data-catalogue/hies_state,fresh,2026-10-04T11:16:32Z
state,Johor,,gini,0.348,coefficient,2024-01-01,https://data.gov.my/data-catalogue/hies_state,fresh,2026-10-04T11:16:32Z
state,Johor,,headlineInflation,2.3,%,2026-08-01,https://data.gov.my/data-catalogue/cpi_state_inflation,fresh,2026-10-04T11:16:32Z
state,Johor,,unemploymentRate,2.34,%,2024-01-01,https://data.gov.my/data-catalogue/lfs_district,fresh,2026-10-04T11:16:32Z
state,Johor,,realGdp,170.947,RM billion (constant 2015 prices),2025-01-01,https://data.gov.my/data-catalogue/gdp_state_real_supply,fresh,2026-10-04T11:16:32Z
state,Johor,,largestSector,Services,sector,2025-01-01,https://data.gov.my/data-catalogue/gdp_state_real_supply,fresh,2026-10-04T11:16:32Z
state,Johor,,largestSectorShare,54.76,%,2025-01-01,https://data.gov.my/data-catalogue/gdp_state_real_supply,fresh,2026-10-04T11:16:32Z
state,Johor,,sector.p5.value,93.608,RM billion (constant 2015 prices),2025-01-01,https://data.gov.my/data-catalogue/gdp_state_real_supply,fresh,2026-10-04T11:16:32Z
state,Johor,,sector.p5.share,54.76,%,2025-01-01,https://data.gov.my/data-catalogue/gdp_state_real_supply,fresh,2026-10-04T11:16:32Z
state,Johor,,sector.p3.value,47.859,RM billion (constant 2015 prices),2025-01-01,https://data.gov.my/data-catalogue/gdp_state_real_supply,fresh,2026-10-04T11:16:32Z
state,Johor,,sector.p3.share,28.0,%,2025-01-01,https://data.gov.my/data-catalogue/gdp_state_real_supply,fresh,2026-10-04T11:16:32Z
state,Johor,,sector.p1.value,18.395,RM billion (constant 2015 prices),2025-01-01,https://data.gov.my/data-catalogue/gdp_state_real_supply,fresh,2026-10-04T11:16:32Z
state,Johor,,sector.p1.share,10.76,%,2025-01-01,https://data.gov.my/data-catalogue/gdp_state_real_supply,fresh,2026-10-04T11:16:32Z
state,Johor,,sector.p4.value,8.072,RM billion (constant 2015 prices),2025-01-01,https://data.gov.my/data-catalogue/gdp_state_real_supply,fresh,2026-10-04T11:16:32Z
state,Johor,,sector.p4.share,4.72,%,2025-01-01,https://data.gov.my/data-catalogue/gdp_state_real_supply,fresh,2026-10-04T11:16:32Z
state,Johor,,sector.p6.value,2.258,RM billion (constant 2015 prices),2025-01-01,https://data.gov.my/data-catalogue/gdp_state_real_supply,fresh,2026-10-04T11:16:32Z
state,Johor,,sector.p6.share,1.32,%,2025-01-01,https://data.gov.my/data-catalogue/gdp_state_real_supply,fresh,2026-10-04T11:16:32Z
state,Johor,,sector.p2.value,0.756,RM billion (constant 2015 prices),2025-01-01,https://data.gov.my/data-catalogue/gdp_state_real_supply,fresh,2026-10-04T11:16:32Z
state,Johor,,sector.p2.share,0.44,%,2025-01-01,https://data.gov.my/data-catalogue/gdp_state_real_supply,fresh,2026-10-04T11:16:32Z
state,Kedah,,incomeMean,5793.0,RM per household per month,2024-01-01,https://data.gov.my/data-catalogue/hies_state,fresh,2026-10-04T11:16:32Z
state,Kedah,,incomeMedian,4895.0,RM per household per month,2024-01-01,https://data.gov.my/data-catalogue/hies_state,fresh,2026-10-04T11:16:32Z
state,Kedah,,expenditureMean,4028.0,RM per household per month,2024-01-01,https://data.gov.my/data-catalogue/hies_state,fresh,2026-10-04T11:16:32Z
state,Kedah,,incomeMinusExpenditure,867.0,RM per household per month,2024-01-01,https://data.gov.my/data-catalogue/hies_state,fresh,2026-10-04T11:16:32Z
state,Kedah,,incomeToExpenditureRatio,1.215,ratio,2024-01-01,https://data.gov.my/data-catalogue/hies_state,fresh,2026-10-04T11:16:32Z
state,Kedah,,poverty,8.4,%,2024-01-01,https://data.gov.my/data-catalogue/hies_state,fresh,2026-10-04T11:16:32Z
state,Kedah,,gini,0.334,coefficient,2024-01-01,https://data.gov.my/data-catalogue/hies_state,fresh,2026-10-04T11:16:32Z
state,Kedah,,headlineInflation,2.3,%,2026-08-01,https://data.gov.my/data-catalogue/cpi_state_inflation,fresh,2026-10-04T11:16:32Z
state,Kedah,,unemploymentRate,2.54,%,2024-01-01,https://data.gov.my/data-catalogue/lfs_district,fresh,2026-10-04T11:16:32Z
state,Kedah,,realGdp,56.303,RM billion (constant 2015 prices),2025-01-01,https://data.gov.my/data-catalogue/gdp_state_real_supply,fresh,2026-10-04T11:16:32Z
state,Kedah,,largestSector,Services,sector,2025-01-01,https://data.gov.my/data-catalogue/gdp_state_real_supply,fresh,2026-10-04T11:16:32Z
state,Kedah,,largestSectorShare,55.96,%,2025-01-01,https://data.gov.my/data-catalogue/gdp_state_real_supply,fresh,2026-10-04T11:16:32Z
state,Kedah,,sector.p5.value,31.509,RM billion (constant 2015 prices),2025-01-01,https://data.gov.my/data-catalogue/gdp_state_real_supply,fresh,2026-10-04T11:16:32Z
state,Kedah,,sector.p5.share,55.96,%,2025-01-01,https://data.gov.my/data-catalogue/gdp_state_real_supply,fresh,2026-10-04T11:16:32Z
state,Kedah,,sector.p3.value,16.945,RM billion (constant 2015 prices),2025-01-01,https://data.gov.my/data-catalogue/gdp_state_real_supply,fresh,2026-10-04T11:16:32Z
state,Kedah,,sector.p3.share,30.1,%,2025-01-01,https://data.gov.my/data-catalogue/gdp_state_real_supply,fresh,2026-10-04T11:16:32Z
state,Kedah,,sector.p1.value,5.909,RM billion (constant 2015 prices),2025-01-01,https://data.gov.my/data-catalogue/gdp_state_real_supply,fresh,2026-10-04T11:16:32Z
state,Kedah,,sector.p1.share,10.5,%,2025-01-01,https://data.gov.my/data-catalogue/gdp_state_real_supply,fresh,2026-10-04T11:16:32Z
state,Kedah,,sector.p4.value,1.405,RM billion (constant 2015 prices),2025-01-01,https://data.gov.my/data-catalogue/gdp_state_real_supply,fresh,2026-10-04T11:16:32Z
state,Kedah,,sector.p4.share,2.5,%,2025-01-01,https://data.gov.my/data-catalogue/gdp_state_real_supply,fresh,2026-10-04T11:16:32Z
state,Kedah,,sector.p6.value,0.418,RM billion (constant 2015 prices),2025-01-01,https://data.gov.my/data-catalogue/gdp_state_real_supply,fresh,2026-10-04T11:16:32Z
state,Kedah,,sector.p6.share,0.74,%,2025-01-01,https://data.gov.my/data-catalogue/gdp_state_real_supply,fresh,2026-10-04T11:16:32Z
state,Kedah,,sector.p2.value,0.117,RM billion (constant 2015 prices),2025-01-01,https://data.gov.my/data-catalogue/gdp_state_real_supply,fresh,2026-10-04T11:16:32Z
state,Kedah,,sector.p2.share,0.21,%,2025-01-01,https://data.gov.my/data-catalogue/gdp_state_real_supply,fresh,2026-10-04T11:16:32Z
state,Kelantan,,incomeMean,5265.0,RM per household per month,2024-01-01,https://data.gov.my/data-catalogue/hies_state,fresh,2026-10-04T11:16:32Z
state,Kelantan,,incomeMedian,4083.0,RM per household per month,2024-01-01,https://data.gov.my/data-catalogue/hies_state,fresh,2026-10-04T11:16:32Z
state,Kelantan,,expenditureMean,3825.0,RM per household per month,2024-01-01,https://data.gov.my/data-catalogue/hies_state,fresh,2026-10-04T11:16:32Z
state,Kelantan,,incomeMinusExpenditure,258.0,RM per household per month,2024-01-01,https://data.gov.my/data-catalogue/hies_state,fresh,2026-10-04T11:16:32Z
state,Kelantan,,incomeToExpenditureRatio,1.067,ratio,2024-01-01,https://data.gov.my/data-catalogue/hies_state,fresh,2026-10-04T11:16:32Z
state,Kelantan,,poverty,11.5,%,2024-01-01,https://data.gov.my/data-catalogue/hies_state,fresh,2026-10-04T11:16:32Z
state,Kelantan,,gini,0.356,coefficient,2024-01-01,https://data.gov.my/data-catalogue/hies_state,fresh,2026-10-04T11:16:32Z
state,Kelantan,,headlineInflation,1.1,%,2026-08-01,https://data.gov.my/data-catalogue/cpi_state_inflation,fresh,2026-10-04T11:16:32Z
state,Kelantan,,unemploymentRate,3.58,%,2024-01-01,https://data.gov.my/data-catalogue/lfs_district,fresh,2026-10-04T11:16:32Z
state,Kelantan,,realGdp,29.776,RM billion (constant 2015 prices),2025-01-01,https://data.gov.my/data-catalogue/gdp_state_real_supply,fresh,2026-10-04T11:16:32Z
state,Kelantan,,largestSector,Services,sector,2025-01-01,https://data.gov.my/data-catalogue/gdp_state_real_supply,fresh,2026-10-04T11:16:32Z
state,Kelantan,,largestSectorShare,71.78,%,2025-01-01,https://data.gov.my/data-catalogue/gdp_state_real_supply,fresh,2026-10-04T11:16:32Z
state,Kelantan,,sector.p5.value,21.373,RM billion (constant 2015 prices),2025-01-01,https://data.gov.my/data-catalogue/gdp_state_real_supply,fresh,2026-10-04T11:16:32Z
state,Kelantan,,sector.p5.share,71.78,%,2025-01-01,https://data.gov.my/data-catalogue/gdp_state_real_supply,fresh,2026-10-04T11:16:32Z
state,Kelantan,,sector.p1.value,5.902,RM billion (constant 2015 prices),2025-01-01,https://data.gov.my/data-catalogue/gdp_state_real_supply,fresh,2026-10-04T11:16:32Z
state,Kelantan,,sector.p1.share,19.82,%,2025-01-01,https://data.gov.my/data-catalogue/gdp_state_real_supply,fresh,2026-10-04T11:16:32Z
state,Kelantan,,sector.p3.value,1.413,RM billion (constant 2015 prices),2025-01-01,https://data.gov.my/data-catalogue/gdp_state_real_supply,fresh,2026-10-04T11:16:32Z
state,Kelantan,,sector.p3.share,4.74,%,2025-01-01,https://data.gov.my/data-catalogue/gdp_state_real_supply,fresh,2026-10-04T11:16:32Z
state,Kelantan,,sector.p4.value,0.597,RM billion (constant 2015 prices),2025-01-01,https://data.gov.my/data-catalogue/gdp_state_real_supply,fresh,2026-10-04T11:16:32Z
state,Kelantan,,sector.p4.share,2.01,%,2025-01-01,https://data.gov.my/data-catalogue/gdp_state_real_supply,fresh,2026-10-04T11:16:32Z
state,Kelantan,,sector.p2.value,0.46,RM billion (constant 2015 prices),2025-01-01,https://data.gov.my/data-catalogue/gdp_state_real_supply,fresh,2026-10-04T11:16:32Z
state,Kelantan,,sector.p2.share,1.54,%,2025-01-01,https://data.gov.my/data-catalogue/gdp_state_real_supply,fresh,2026-10-04T11:16:32Z
state,Kelantan,,sector.p6.value,0.031,RM billion (constant 2015 prices),2025-01-01,https://data.gov.my/data-catalogue/gdp_state_real_supply,fresh,2026-10-04T11:16:32Z
state,Kelantan,,sector.p6.share,0.1,%,2025-01-01,https://data.gov.my/data-catalogue/gdp_state_real_supply,fresh,2026-10-04T11:16:32Z
state,Melaka,,incomeMean,8686.0,RM per household per month,2024-01-01,https://data.gov.my/data-catalogue/hies_state,fresh,2026-10-04T11:16:32Z
state,Melaka,,incomeMedian,6891.0,RM per household per month,2024-01-01,https://data.gov.my/data-catalogue/hies_state,fresh,2026-10-04T11:16:32Z
state,Melaka,,expenditureMean,6212.0,RM per household per month,2024-01-01,https://data.gov.my/data-catalogue/hies_state,fresh,2026-10-04T11:16:32Z
state,Melaka,,incomeMinusExpenditure,679.0,RM per household per month,2024-01-01,https://data.gov.my/data-catalogue/hies_state,fresh,2026-10-04T11:16:32Z
state,Melaka,,incomeToExpenditureRatio,1.109,ratio,2024-01-01,https://data.gov.my/data-catalogue/hies_state,fresh,2026-10-04T11:16:32Z
state,Melaka,,poverty,3.0,%,2024-01-01,https://data.gov.my/data-catalogue/hies_state,fresh,2026-10-04T11:16:32Z
state,Melaka,,gini,0.337,coefficient,2024-01-01,https://data.gov.my/data-catalogue/hies_state,fresh,2026-10-04T11:16:32Z
state,Melaka,,headlineInflation,2.0,%,2026-08-01,https://data.gov.my/data-catalogue/cpi_state_inflation,fresh,2026-10-04T11:16:32Z
state,Melaka,,unemploymentRate,1.6,%,2024-01-01,https://data.gov.my/data-catalogue/lfs_district,fresh,2026-10-04T11:16:32Z
state,Melaka,,realGdp,50.286,RM billion (constant 2015 prices),2025-01-01,https://data.gov.my/data-catalogue/gdp_state_real_supply,fresh,2026-10-04T11:16:32Z
state,Melaka,,largestSector,Services,sector,2025-01-01,https://data.gov.my/data-catalogue/gdp_state_real_supply,fresh,2026-10-04T11:16:32Z
state,Melaka,,largestSectorShare,52.44,%,2025-01-01,https://data.gov.my/data-catalogue/gdp_state_real_supply,fresh,2026-10-04T11:16:32Z
state,Melaka,,sector.p5.value,26.37,RM billion (constant 2015 prices),2025-01-01,https://data.gov.my/data-catalogue/gdp_state_real_supply,fresh,2026-10-04T11:16:32Z
state,Melaka,,sector.p5.share,52.44,%,2025-01-01,https://data.gov.my/data-catalogue/gdp_state_real_supply,fresh,2026-10-04T11:16:32Z
state,Melaka,,sector.p3.value,17.777,RM billion (constant 2015 prices),2025-01-01,https://data.gov.my/data-catalogue/gdp_state_real_supply,fresh,2026-10-04T11:16:32Z
state,Melaka,,sector.p3.share,35.35,%,2025-01-01,https://data.gov.my/data-catalogue/gdp_state_real_supply,fresh,2026-10-04T11:16:32Z
state,Melaka,,sector.p1.value,4.686,RM billion (constant 2015 prices),2025-01-01,https://data.gov.my/data-catalogue/gdp_state_real_supply,fresh,2026-10-04T11:16:32Z
state,Melaka,,sector.p1.share,9.32,%,2025-01-01,https://data.gov.my/data-catalogue/gdp_state_real_supply,fresh,2026-10-04T11:16:32Z
state,Melaka,,sector.p4.value,1.259,RM billion (constant 2015 prices),2025-01-01,https://data.gov.my/data-catalogue/gdp_state_real_supply,fresh,2026-10-04T11:16:32Z
state,Melaka,,sector.p4.share,2.5,%,2025-01-01,https://data.gov.my/data-catalogue/gdp_state_real_supply,fresh,2026-10-04T11:16:32Z
state,Melaka,,sector.p6.value,0.122,RM billion (constant 2015 prices),2025-01-01,https://data.gov.my/data-catalogue/gdp_state_real_supply,fresh,2026-10-04T11:16:32Z
state,Melaka,,sector.p6.share,0.24,%,2025-01-01,https://data.gov.my/data-catalogue/gdp_state_real_supply,fresh,2026-10-04T11:16:32Z
state,Melaka,,sector.p2.value,0.072,RM billion (constant 2015 prices),2025-01-01,https://data.gov.my/data-catalogue/gdp_state_real_supply,fresh,2026-10-04T11:16:32Z
state,Melaka,,sector.p2.share,0.14,%,2025-01-01,https://data.gov.my/data-catalogue/gdp_state_real_supply,fresh,2026-10-04T11:16:32Z
state,Negeri Sembilan,,incomeMean,7305.0,RM per household per month,2024-01-01,https://data.gov.my/data-catalogue/hies_state,fresh,2026-10-04T11:16:32Z
state,Negeri Sembilan,,incomeMedian,5591.0,RM per household per month,2024-01-01,https://data.gov.my/data-catalogue/hies_state,fresh,2026-10-04T11:16:32Z
state,Negeri Sembilan,,expenditureMean,5115.0,RM per household per month,2024-01-01,https://data.gov.my/data-catalogue/hies_state,fresh,2026-10-04T11:16:32Z
state,Negeri Sembilan,,incomeMinusExpenditure,476.0,RM per household per month,2024-01-01,https://data.gov.my/data-catalogue/hies_state,fresh,2026-10-04T11:16:32Z
state,Negeri Sembilan,,incomeToExpenditureRatio,1.093,ratio,2024-01-01,https://data.gov.my/data-catalogue/hies_state,fresh,2026-10-04T11:16:32Z
state,Negeri Sembilan,,poverty,4.0,%,2024-01-01,https://data.gov.my/data-catalogue/hies_state,fresh,2026-10-04T11:16:32Z
state,Negeri Sembilan,,gini,0.343,coefficient,2024-01-01,https://data.gov.my/data-catalogue/hies_state,fresh,2026-10-04T11:16:32Z
state,Negeri Sembilan,,headlineInflation,2.5,%,2026-08-01,https://data.gov.my/data-catalogue/cpi_state_inflation,fresh,2026-10-04T11:16:32Z
state,Negeri Sembilan,,unemploymentRate,3.16,%,2024-01-01,https://data.gov.my/data-catalogue/lfs_district,fresh,2026-10-04T11:16:32Z
state,Negeri Sembilan,,realGdp,55.767,RM billion (constant 2015 prices),2025-01-01,https://data.gov.my/data-catalogue/gdp_state_real_supply,fresh,2026-10-04T11:16:32Z
state,Negeri Sembilan,,largestSector,Services,sector,2025-01-01,https://data.gov.my/data-catalogue/gdp_state_real_supply,fresh,2026-10-04T11:16:32Z
state,Negeri Sembilan,,largestSectorShare,53.05,%,2025-01-01,https://data.gov.my/data-catalogue/gdp_state_real_supply,fresh,2026-10-04T11:16:32Z
state,Negeri Sembilan,,sector.p5.value,29.587,RM billion (constant 2015 prices),2025-01-01,https://data.gov.my/data-catalogue/gdp_state_real_supply,fresh,2026-10-04T11:16:32Z
state,Negeri Sembilan,,sector.p5.share,53.05,%,2025-01-01,https://data.gov.my/data-catalogue/gdp_state_real_supply,fresh,2026-10-04T11:16:32Z
state,Negeri Sembilan,,sector.p3.value,20.78,RM billion (constant 2015 prices),2025-01-01,https://data.gov.my/data-catalogue/gdp_state_real_supply,fresh,2026-10-04T11:16:32Z
state,Negeri Sembilan,,sector.p3.share,37.26,%,2025-01-01,https://data.gov.my/data-catalogue/gdp_state_real_supply,fresh,2026-10-04T11:16:32Z
state,Negeri Sembilan,,sector.p1.value,3.437,RM billion (constant 2015 prices),2025-01-01,https://data.gov.my/data-catalogue/gdp_state_real_supply,fresh,2026-10-04T11:16:32Z
state,Negeri Sembilan,,sector.p1.share,6.16,%,2025-01-01,https://data.gov.my/data-catalogue/gdp_state_real_supply,fresh,2026-10-04T11:16:32Z
state,Negeri Sembilan,,sector.p4.value,1.488,RM billion (constant 2015 prices),2025-01-01,https://data.gov.my/data-catalogue/gdp_state_real_supply,fresh,2026-10-04T11:16:32Z
state,Negeri Sembilan,,sector.p4.share,2.67,%,2025-01-01,https://data.gov.my/data-catalogue/gdp_state_real_supply,fresh,2026-10-04T11:16:32Z
state,Negeri Sembilan,,sector.p6.value,0.244,RM billion (constant 2015 prices),2025-01-01,https://data.gov.my/data-catalogue/gdp_state_real_supply,fresh,2026-10-04T11:16:32Z
state,Negeri Sembilan,,sector.p6.share,0.44,%,2025-01-01,https://data.gov.my/data-catalogue/gdp_state_real_supply,fresh,2026-10-04T11:16:32Z
state,Negeri Sembilan,,sector.p2.value,0.232,RM billion (constant 2015 prices),2025-01-01,https://data.gov.my/data-catalogue/gdp_state_real_supply,fresh,2026-10-04T11:16:32Z
state,Negeri Sembilan,,sector.p2.share,0.42,%,2025-01-01,https://data.gov.my/data-catalogue/gdp_state_real_supply,fresh,2026-10-04T11:16:32Z
state,Pahang,,incomeMean,6066.0,RM per household per month,2024-01-01,https://data.gov.my/data-catalogue/hies_state,fresh,2026-10-04T11:16:32Z
state,Pahang,,incomeMedian,4975.0,RM per household per month,2024-01-01,https://data.gov.my/data-catalogue/hies_state,fresh,2026-10-04T11:16:32Z
state,Pahang,,expenditureMean,4368.0,RM per household per month,2024-01-01,https://data.gov.my/data-catalogue/hies_state,fresh,2026-10-04T11:16:32Z
state,Pahang,,incomeMinusExpenditure,607.0,RM per household per month,2024-01-01,https://data.gov.my/data-catalogue/hies_state,fresh,2026-10-04T11:16:32Z
state,Pahang,,incomeToExpenditureRatio,1.139,ratio,2024-01-01,https://data.gov.my/data-catalogue/hies_state,fresh,2026-10-04T11:16:32Z
state,Pahang,,poverty,5.9,%,2024-01-01,https://data.gov.my/data-catalogue/hies_state,fresh,2026-10-04T11:16:32Z
state,Pahang,,gini,0.319,coefficient,2024-01-01,https://data.gov.my/data-catalogue/hies_state,fresh,2026-10-04T11:16:32Z
state,Pahang,,headlineInflation,2.3,%,2026-08-01,https://data.gov.my/data-catalogue/cpi_state_inflation,fresh,2026-10-04T11:16:32Z
state,Pahang,,unemploymentRate,2.02,%,2024-01-01,https://data.gov.my/data-catalogue/lfs_district,fresh,2026-10-04T11:16:32Z
state,Pahang,,realGdp,70.962,RM billion (constant 2015 prices),2025-01-01,https://data.gov.my/data-catalogue/gdp_state_real_supply,fresh,2026-10-04T11:16:32Z
state,Pahang,,largestSector,Services,sector,2025-01-01,https://data.gov.my/data-catalogue/gdp_state_real_supply,fresh,2026-10-04T11:16:32Z
state,Pahang,,largestSectorShare,52.62,%,2025-01-01,https://data.gov.my/data-catalogue/gdp_state_real_supply,fresh,2026-10-04T11:16:32Z
state,Pahang,,sector.p5.value,37.34,RM billion (constant 2015 prices),2025-01-01,https://data.gov.my/data-catalogue/gdp_state_real_supply,fresh,2026-10-04T11:16:32Z
state,Pahang,,sector.p5.share,52.62,%,2025-01-01,https://data.gov.my/data-catalogue/gdp_state_real_supply,fresh,2026-10-04T11:16:32Z
state,Pahang,,sector.p1.value,15.878,RM billion (constant 2015 prices),2025-01-01,https://data.gov.my/data-catalogue/gdp_state_real_supply,fresh,2026-10-04T11:16:32Z
state,Pahang,,sector.p1.share,22.38,%,2025-01-01,https://data.gov.my/data-catalogue/gdp_state_real_supply,fresh,2026-10-04T11:16:32Z
state,Pahang,,sector.p3.value,14.727,RM billion (constant 2015 prices),2025-01-01,https://data.gov.my/data-catalogue/gdp_state_real_supply,fresh,2026-10-04T11:16:32Z
state,Pahang,,sector.p3.share,20.75,%,2025-01-01,https://data.gov.my/data-catalogue/gdp_state_real_supply,fresh,2026-10-04T11:16:32Z
state,Pahang,,sector.p4.value,2.335,RM billion (constant 2015 prices),2025-01-01,https://data.gov.my/data-catalogue/gdp_state_real_supply,fresh,2026-10-04T11:16:32Z
state,Pahang,,sector.p4.share,3.29,%,2025-01-01,https://data.gov.my/data-catalogue/gdp_state_real_supply,fresh,2026-10-04T11:16:32Z
state,Pahang,,sector.p2.value,0.582,RM billion (constant 2015 prices),2025-01-01,https://data.gov.my/data-catalogue/gdp_state_real_supply,fresh,2026-10-04T11:16:32Z
state,Pahang,,sector.p2.share,0.82,%,2025-01-01,https://data.gov.my/data-catalogue/gdp_state_real_supply,fresh,2026-10-04T11:16:32Z
state,Pahang,,sector.p6.value,0.1,RM billion (constant 2015 prices),2025-01-01,https://data.gov.my/data-catalogue/gdp_state_real_supply,fresh,2026-10-04T11:16:32Z
state,Pahang,,sector.p6.share,0.14,%,2025-01-01,https://data.gov.my/data-catalogue/gdp_state_real_supply,fresh,2026-10-04T11:16:32Z
state,Perak,,incomeMean,6173.0,RM per household per month,2024-01-01,https://data.gov.my/data-catalogue/hies_state,fresh,2026-10-04T11:16:32Z
state,Perak,,incomeMedian,4687.0,RM per household per month,2024-01-01,https://data.gov.my/data-catalogue/hies_state,fresh,2026-10-04T11:16:32Z
state,Perak,,expenditureMean,4232.0,RM per household per month,2024-01-01,https://data.gov.my/data-catalogue/hies_state,fresh,2026-10-04T11:16:32Z
state,Perak,,incomeMinusExpenditure,455.0,RM per household per month,2024-01-01,https://data.gov.my/data-catalogue/hies_state,fresh,2026-10-04T11:16:32Z
state,Perak,,incomeToExpenditureRatio,1.108,ratio,2024-01-01,https://data.gov.my/data-catalogue/hies_state,fresh,2026-10-04T11:16:32Z
state,Perak,,poverty,6.9,%,2024-01-01,https://data.gov.my/data-catalogue/hies_state,fresh,2026-10-04T11:16:32Z
state,Perak,,gini,0.298,coefficient,2024-01-01,https://data.gov.my/data-catalogue/hies_state,fresh,2026-10-04T11:16:32Z
state,Perak,,headlineInflation,1.2,%,2026-08-01,https://data.gov.my/data-catalogue/cpi_state_inflation,fresh,2026-10-04T11:16:32Z
state,Perak,,unemploymentRate,3.57,%,2024-01-01,https://data.gov.my/data-catalogue/lfs_district,fresh,2026-10-04T11:16:32Z
state,Perak,,realGdp,91.529,RM billion (constant 2015 prices),2025-01-01,https://data.gov.my/data-catalogue/gdp_state_real_supply,fresh,2026-10-04T11:16:32Z
state,Perak,,largestSector,Services,sector,2025-01-01,https://data.gov.my/data-catalogue/gdp_state_real_supply,fresh,2026-10-04T11:16:32Z
state,Perak,,largestSectorShare,61.84,%,2025-01-01,https://data.gov.my/data-catalogue/gdp_state_real_supply,fresh,2026-10-04T11:16:32Z
state,Perak,,sector.p5.value,56.6,RM billion (constant 2015 prices),2025-01-01,https://data.gov.my/data-catalogue/gdp_state_real_supply,fresh,2026-10-04T11:16:32Z
state,Perak,,sector.p5.share,61.84,%,2025-01-01,https://data.gov.my/data-catalogue/gdp_state_real_supply,fresh,2026-10-04T11:16:32Z
state,Perak,,sector.p3.value,19.318,RM billion (constant 2015 prices),2025-01-01,https://data.gov.my/data-catalogue/gdp_state_real_supply,fresh,2026-10-04T11:16:32Z
state,Perak,,sector.p3.share,21.11,%,2025-01-01,https://data.gov.my/data-catalogue/gdp_state_real_supply,fresh,2026-10-04T11:16:32Z
state,Perak,,sector.p1.value,12.451,RM billion (constant 2015 prices),2025-01-01,https://data.gov.my/data-catalogue/gdp_state_real_supply,fresh,2026-10-04T11:16:32Z
state,Perak,,sector.p1.share,13.6,%,2025-01-01,https://data.gov.my/data-catalogue/gdp_state_real_supply,fresh,2026-10-04T11:16:32Z
state,Perak,,sector.p4.value,2.43,RM billion (constant 2015 prices),2025-01-01,https://data.gov.my/data-catalogue/gdp_state_real_supply,fresh,2026-10-04T11:16:32Z
state,Perak,,sector.p4.share,2.66,%,2025-01-01,https://data.gov.my/data-catalogue/gdp_state_real_supply,fresh,2026-10-04T11:16:32Z
state,Perak,,sector.p2.value,0.524,RM billion (constant 2015 prices),2025-01-01,https://data.gov.my/data-catalogue/gdp_state_real_supply,fresh,2026-10-04T11:16:32Z
state,Perak,,sector.p2.share,0.57,%,2025-01-01,https://data.gov.my/data-catalogue/gdp_state_real_supply,fresh,2026-10-04T11:16:32Z
state,Perak,,sector.p6.value,0.207,RM billion (constant 2015 prices),2025-01-01,https://data.gov.my/data-catalogue/gdp_state_real_supply,fresh,2026-10-04T11:16:32Z
state,Perak,,sector.p6.share,0.23,%,2025-01-01,https://data.gov.my/data-catalogue/gdp_state_real_supply,fresh,2026-10-04T11:16:32Z
state,Perlis,,incomeMean,5996.0,RM per household per month,2024-01-01,https://data.gov.my/data-catalogue/hies_state,fresh,2026-10-04T11:16:32Z
state,Perlis,,incomeMedian,4950.0,RM per household per month,2024-01-01,https://data.gov.my/data-catalogue/hies_state,fresh,2026-10-04T11:16:32Z
state,Perlis,,expenditureMean,4084.0,RM per household per month,2024-01-01,https://data.gov.my/data-catalogue/hies_state,fresh,2026-10-04T11:16:32Z
state,Perlis,,incomeMinusExpenditure,866.0,RM per household per month,2024-01-01,https://data.gov.my/data-catalogue/hies_state,fresh,2026-10-04T11:16:32Z
state,Perlis,,incomeToExpenditureRatio,1.212,ratio,2024-01-01,https://data.gov.my/data-catalogue/hies_state,fresh,2026-10-04T11:16:32Z
state,Perlis,,poverty,3.6,%,2024-01-01,https://data.gov.my/data-catalogue/hies_state,fresh,2026-10-04T11:16:32Z
state,Perlis,,gini,0.334,coefficient,2024-01-01,https://data.gov.my/data-catalogue/hies_state,fresh,2026-10-04T11:16:32Z
state,Perlis,,headlineInflation,1.2,%,2026-08-01,https://data.gov.my/data-catalogue/cpi_state_inflation,fresh,2026-10-04T11:16:32Z
state,Perlis,,realGdp,6.676,RM billion (constant 2015 prices),2025-01-01,https://data.gov.my/data-catalogue/gdp_state_real_supply,fresh,2026-10-04T11:16:32Z
state,Perlis,,largestSector,Services,sector,2025-01-01,https://data.gov.my/data-catalogue/gdp_state_real_supply,fresh,2026-10-04T11:16:32Z
state,Perlis,,largestSectorShare,71.23,%,2025-01-01,https://data.gov.my/data-catalogue/gdp_state_real_supply,fresh,2026-10-04T11:16:32Z
state,Perlis,,sector.p5.value,4.755,RM billion (constant 2015 prices),2025-01-01,https://data.gov.my/data-catalogue/gdp_state_real_supply,fresh,2026-10-04T11:16:32Z
state,Perlis,,sector.p5.share,71.23,%,2025-01-01,https://data.gov.my/data-catalogue/gdp_state_real_supply,fresh,2026-10-04T11:16:32Z
state,Perlis,,sector.p1.value,1.099,RM billion (constant 2015 prices),2025-01-01,https://data.gov.my/data-catalogue/gdp_state_real_supply,fresh,2026-10-04T11:16:32Z
state,Perlis,,sector.p1.share,16.46,%,2025-01-01,https://data.gov.my/data-catalogue/gdp_state_real_supply,fresh,2026-10-04T11:16:32Z
state,Perlis,,sector.p3.value,0.512,RM billion (constant 2015 prices),2025-01-01,https://data.gov.my/data-catalogue/gdp_state_real_supply,fresh,2026-10-04T11:16:32Z
state,Perlis,,sector.p3.share,7.67,%,2025-01-01,https://data.gov.my/data-catalogue/gdp_state_real_supply,fresh,2026-10-04T11:16:32Z
state,Perlis,,sector.p4.value,0.159,RM billion (constant 2015 prices),2025-01-01,https://data.gov.my/data-catalogue/gdp_state_real_supply,fresh,2026-10-04T11:16:32Z
state,Perlis,,sector.p4.share,2.38,%,2025-01-01,https://data.gov.my/data-catalogue/gdp_state_real_supply,fresh,2026-10-04T11:16:32Z
state,Perlis,,sector.p6.value,0.116,RM billion (constant 2015 prices),2025-01-01,https://data.gov.my/data-catalogue/gdp_state_real_supply,fresh,2026-10-04T11:16:32Z
state,Perlis,,sector.p6.share,1.73,%,2025-01-01,https://data.gov.my/data-catalogue/gdp_state_real_supply,fresh,2026-10-04T11:16:32Z
state,Perlis,,sector.p2.value,0.035,RM billion (constant 2015 prices),2025-01-01,https://data.gov.my/data-catalogue/gdp_state_real_supply,fresh,2026-10-04T11:16:32Z
state,Perlis,,sector.p2.share,0.53,%,2025-01-01,https://data.gov.my/data-catalogue/gdp_state_real_supply,fresh,2026-10-04T11:16:32Z
state,Pulau Pinang,,incomeMean,9152.0,RM per household per month,2024-01-01,https://data.gov.my/data-catalogue/hies_state,fresh,2026-10-04T11:16:32Z
state,Pulau Pinang,,incomeMedian,7386.0,RM per household per month,2024-01-01,https://data.gov.my/data-catalogue/hies_state,fresh,2026-10-04T11:16:32Z
state,Pulau Pinang,,expenditureMean,5850.0,RM per household per month,2024-01-01,https://data.gov.my/data-catalogue/hies_state,fresh,2026-10-04T11:16:32Z
state,Pulau Pinang,,incomeMinusExpenditure,1536.0,RM per household per month,2024-01-01,https://data.gov.my/data-catalogue/hies_state,fresh,2026-10-04T11:16:32Z
state,Pulau Pinang,,incomeToExpenditureRatio,1.263,ratio,2024-01-01,https://data.gov.my/data-catalogue/hies_state,fresh,2026-10-04T11:16:32Z
state,Pulau Pinang,,poverty,1.9,%,2024-01-01,https://data.gov.my/data-catalogue/hies_state,fresh,2026-10-04T11:16:32Z
state,Pulau Pinang,,gini,0.311,coefficient,2024-01-01,https://data.gov.my/data-catalogue/hies_state,fresh,2026-10-04T11:16:32Z
state,Pulau Pinang,,headlineInflation,1.7,%,2026-08-01,https://data.gov.my/data-catalogue/cpi_state_inflation,fresh,2026-10-04T11:16:32Z
state,Pulau Pinang,,unemploymentRate,2.0,%,2024-01-01,https://data.gov.my/data-catalogue/lfs_district,fresh,2026-10-04T11:16:32Z
state,Pulau Pinang,,realGdp,130.283,RM billion (constant 2015 prices),2025-01-01,https://data.gov.my/data-catalogue/gdp_state_real_supply,fresh,2026-10-04T11:16:32Z
state,Pulau Pinang,,largestSector,Manufacturing,sector,2025-01-01,https://data.gov.my/data-catalogue/gdp_state_real_supply,fresh,2026-10-04T11:16:32Z
state,Pulau Pinang,,largestSectorShare,47.33,%,2025-01-01,https://data.gov.my/data-catalogue/gdp_state_real_supply,fresh,2026-10-04T11:16:32Z
state,Pulau Pinang,,sector.p3.value,61.659,RM billion (constant 2015 prices),2025-01-01,https://data.gov.my/data-catalogue/gdp_state_real_supply,fresh,2026-10-04T11:16:32Z
state,Pulau Pinang,,sector.p3.share,47.33,%,2025-01-01,https://data.gov.my/data-catalogue/gdp_state_real_supply,fresh,2026-10-04T11:16:32Z
state,Pulau Pinang,,sector.p5.value,60.84,RM billion (constant 2015 prices),2025-01-01,https://data.gov.my/data-catalogue/gdp_state_real_supply,fresh,2026-10-04T11:16:32Z
state,Pulau Pinang,,sector.p5.share,46.7,%,2025-01-01,https://data.gov.my/data-catalogue/gdp_state_real_supply,fresh,2026-10-04T11:16:32Z
state,Pulau Pinang,,sector.p4.value,4.309,RM billion (constant 2015 prices),2025-01-01,https://data.gov.my/data-catalogue/gdp_state_real_supply,fresh,2026-10-04T11:16:32Z
state,Pulau Pinang,,sector.p4.share,3.31,%,2025-01-01,https://data.gov.my/data-catalogue/gdp_state_real_supply,fresh,2026-10-04T11:16:32Z
state,Pulau Pinang,,sector.p1.value,2.241,RM billion (constant 2015 prices),2025-01-01,https://data.gov.my/data-catalogue/gdp_state_real_supply,fresh,2026-10-04T11:16:32Z
state,Pulau Pinang,,sector.p1.share,1.72,%,2025-01-01,https://data.gov.my/data-catalogue/gdp_state_real_supply,fresh,2026-10-04T11:16:32Z
state,Pulau Pinang,,sector.p6.value,1.069,RM billion (constant 2015 prices),2025-01-01,https://data.gov.my/data-catalogue/gdp_state_real_supply,fresh,2026-10-04T11:16:32Z
state,Pulau Pinang,,sector.p6.share,0.82,%,2025-01-01,https://data.gov.my/data-catalogue/gdp_state_real_supply,fresh,2026-10-04T11:16:32Z
state,Pulau Pinang,,sector.p2.value,0.166,RM billion (constant 2015 prices),2025-01-01,https://data.gov.my/data-catalogue/gdp_state_real_supply,fresh,2026-10-04T11:16:32Z
state,Pulau Pinang,,sector.p2.share,0.13,%,2025-01-01,https://data.gov.my/data-catalogue/gdp_state_real_supply,fresh,2026-10-04T11:16:32Z
state,Sabah,,incomeMean,6498.0,RM per household per month,2024-01-01,https://data.gov.my/data-catalogue/hies_state,fresh,2026-10-04T11:16:32Z
state,Sabah,,incomeMedian,4890.0,RM per household per month,2024-01-01,https://data.gov.my/data-catalogue/hies_state,fresh,2026-10-04T11:16:32Z
state,Sabah,,expenditureMean,3547.0,RM per household per month,2024-01-01,https://data.gov.my/data-catalogue/hies_state,fresh,2026-10-04T11:16:32Z
state,Sabah,,incomeMinusExpenditure,1343.0,RM per household per month,2024-01-01,https://data.gov.my/data-catalogue/hies_state,fresh,2026-10-04T11:16:32Z
state,Sabah,,incomeToExpenditureRatio,1.379,ratio,2024-01-01,https://data.gov.my/data-catalogue/hies_state,fresh,2026-10-04T11:16:32Z
state,Sabah,,poverty,17.7,%,2024-01-01,https://data.gov.my/data-catalogue/hies_state,fresh,2026-10-04T11:16:32Z
state,Sabah,,gini,0.405,coefficient,2024-01-01,https://data.gov.my/data-catalogue/hies_state,fresh,2026-10-04T11:16:32Z
state,Sabah,,headlineInflation,1.8,%,2026-08-01,https://data.gov.my/data-catalogue/cpi_state_inflation,fresh,2026-10-04T11:16:32Z
state,Sabah,,unemploymentRate,7.56,%,2024-01-01,https://data.gov.my/data-catalogue/lfs_district,fresh,2026-10-04T11:16:32Z
state,Sabah,,realGdp,88.774,RM billion (constant 2015 prices),2025-01-01,https://data.gov.my/data-catalogue/gdp_state_real_supply,fresh,2026-10-04T11:16:32Z
state,Sabah,,largestSector,Services,sector,2025-01-01,https://data.gov.my/data-catalogue/gdp_state_real_supply,fresh,2026-10-04T11:16:32Z
state,Sabah,,largestSectorShare,52.05,%,2025-01-01,https://data.gov.my/data-catalogue/gdp_state_real_supply,fresh,2026-10-04T11:16:32Z
state,Sabah,,sector.p5.value,46.207,RM billion (constant 2015 prices),2025-01-01,https://data.gov.my/data-catalogue/gdp_state_real_supply,fresh,2026-10-04T11:16:32Z
state,Sabah,,sector.p5.share,52.05,%,2025-01-01,https://data.gov.my/data-catalogue/gdp_state_real_supply,fresh,2026-10-04T11:16:32Z
state,Sabah,,sector.p2.value,19.501,RM billion (constant 2015 prices),2025-01-01,https://data.gov.my/data-catalogue/gdp_state_real_supply,fresh,2026-10-04T11:16:32Z
state,Sabah,,sector.p2.share,21.97,%,2025-01-01,https://data.gov.my/data-catalogue/gdp_state_real_supply,fresh,2026-10-04T11:16:32Z
state,Sabah,,sector.p1.value,12.369,RM billion (constant 2015 prices),2025-01-01,https://data.gov.my/data-catalogue/gdp_state_real_supply,fresh,2026-10-04T11:16:32Z
state,Sabah,,sector.p1.share,13.93,%,2025-01-01,https://data.gov.my/data-catalogue/gdp_state_real_supply,fresh,2026-10-04T11:16:32Z
state,Sabah,,sector.p3.value,6.434,RM billion (constant 2015 prices),2025-01-01,https://data.gov.my/data-catalogue/gdp_state_real_supply,fresh,2026-10-04T11:16:32Z
state,Sabah,,sector.p3.share,7.25,%,2025-01-01,https://data.gov.my/data-catalogue/gdp_state_real_supply,fresh,2026-10-04T11:16:32Z
state,Sabah,,sector.p4.value,3.886,RM billion (constant 2015 prices),2025-01-01,https://data.gov.my/data-catalogue/gdp_state_real_supply,fresh,2026-10-04T11:16:32Z
state,Sabah,,sector.p4.share,4.38,%,2025-01-01,https://data.gov.my/data-catalogue/gdp_state_real_supply,fresh,2026-10-04T11:16:32Z
state,Sabah,,sector.p6.value,0.376,RM billion (constant 2015 prices),2025-01-01,https://data.gov.my/data-catalogue/gdp_state_real_supply,fresh,2026-10-04T11:16:32Z
state,Sabah,,sector.p6.share,0.42,%,2025-01-01,https://data.gov.my/data-catalogue/gdp_state_real_supply,fresh,2026-10-04T11:16:32Z
state,Sarawak,,incomeMean,6947.0,RM per household per month,2024-01-01,https://data.gov.my/data-catalogue/hies_state,fresh,2026-10-04T11:16:32Z
state,Sarawak,,incomeMedian,5504.0,RM per household per month,2024-01-01,https://data.gov.my/data-catalogue/hies_state,fresh,2026-10-04T11:16:32Z
state,Sarawak,,expenditureMean,4281.0,RM per household per month,2024-01-01,https://data.gov.my/data-catalogue/hies_state,fresh,2026-10-04T11:16:32Z
state,Sarawak,,incomeMinusExpenditure,1223.0,RM per household per month,2024-01-01,https://data.gov.my/data-catalogue/hies_state,fresh,2026-10-04T11:16:32Z
state,Sarawak,,incomeToExpenditureRatio,1.286,ratio,2024-01-01,https://data.gov.my/data-catalogue/hies_state,fresh,2026-10-04T11:16:32Z
state,Sarawak,,poverty,8.4,%,2024-01-01,https://data.gov.my/data-catalogue/hies_state,fresh,2026-10-04T11:16:32Z
state,Sarawak,,gini,0.361,coefficient,2024-01-01,https://data.gov.my/data-catalogue/hies_state,fresh,2026-10-04T11:16:32Z
state,Sarawak,,headlineInflation,0.5,%,2026-08-01,https://data.gov.my/data-catalogue/cpi_state_inflation,fresh,2026-10-04T11:16:32Z
state,Sarawak,,unemploymentRate,3.34,%,2024-01-01,https://data.gov.my/data-catalogue/lfs_district,fresh,2026-10-04T11:16:32Z
state,Sarawak,,realGdp,153.511,RM billion (constant 2015 prices),2025-01-01,https://data.gov.my/data-catalogue/gdp_state_real_supply,fresh,2026-10-04T11:16:32Z
state,Sarawak,,largestSector,Services,sector,2025-01-01,https://data.gov.my/data-catalogue/gdp_state_real_supply,fresh,2026-10-04T11:16:32Z
state,Sarawak,,largestSectorShare,39.34,%,2025-01-01,https://data.gov.my/data-catalogue/gdp_state_real_supply,fresh,2026-10-04T11:16:32Z
state,Sarawak,,sector.p5.value,60.391,RM billion (constant 2015 prices),2025-01-01,https://data.gov.my/data-catalogue/gdp_state_real_supply,fresh,2026-10-04T11:16:32Z
state,Sarawak,,sector.p5.share,39.34,%,2025-01-01,https://data.gov.my/data-catalogue/gdp_state_real_supply,fresh,2026-10-04T11:16:32Z
state,Sarawak,,sector.p3.value,38.214,RM billion (constant 2015 prices),2025-01-01,https://data.gov.my/data-catalogue/gdp_state_real_supply,fresh,2026-10-04T11:16:32Z
state,Sarawak,,sector.p3.share,24.89,%,2025-01-01,https://data.gov.my/data-catalogue/gdp_state_real_supply,fresh,2026-10-04T11:16:32Z
state,Sarawak,,sector.p2.value,32.157,RM billion (constant 2015 prices),2025-01-01,https://data.gov.my/data-catalogue/gdp_state_real_supply,fresh,2026-10-04T11:16:32Z
state,Sarawak,,sector.p2.share,20.95,%,2025-01-01,https://data.gov.my/data-catalogue/gdp_state_real_supply,fresh,2026-10-04T11:16:32Z
state,Sarawak,,sector.p1.value,15.656,RM billion (constant 2015 prices),2025-01-01,https://data.gov.my/data-catalogue/gdp_state_real_supply,fresh,2026-10-04T11:16:32Z
state,Sarawak,,sector.p1.share,10.2,%,2025-01-01,https://data.gov.my/data-catalogue/gdp_state_real_supply,fresh,2026-10-04T11:16:32Z
state,Sarawak,,sector.p4.value,6.51,RM billion (constant 2015 prices),2025-01-01,https://data.gov.my/data-catalogue/gdp_state_real_supply,fresh,2026-10-04T11:16:32Z
state,Sarawak,,sector.p4.share,4.24,%,2025-01-01,https://data.gov.my/data-catalogue/gdp_state_real_supply,fresh,2026-10-04T11:16:32Z
state,Sarawak,,sector.p6.value,0.584,RM billion (constant 2015 prices),2025-01-01,https://data.gov.my/data-catalogue/gdp_state_real_supply,fresh,2026-10-04T11:16:32Z
state,Sarawak,,sector.p6.share,0.38,%,2025-01-01,https://data.gov.my/data-catalogue/gdp_state_real_supply,fresh,2026-10-04T11:16:32Z
state,Selangor,,incomeMean,13296.0,RM per household per month,2024-01-01,https://data.gov.my/data-catalogue/hies_state,fresh,2026-10-04T11:16:32Z
state,Selangor,,incomeMedian,10726.0,RM per household per month,2024-01-01,https://data.gov.my/data-catalogue/hies_state,fresh,2026-10-04T11:16:32Z
state,Selangor,,expenditureMean,7266.0,RM per household per month,2024-01-01,https://data.gov.my/data-catalogue/hies_state,fresh,2026-10-04T11:16:32Z
state,Selangor,,incomeMinusExpenditure,3460.0,RM per household per month,2024-01-01,https://data.gov.my/data-catalogue/hies_state,fresh,2026-10-04T11:16:32Z
state,Selangor,,incomeToExpenditureRatio,1.476,ratio,2024-01-01,https://data.gov.my/data-catalogue/hies_state,fresh,2026-10-04T11:16:32Z
state,Selangor,,poverty,0.9,%,2024-01-01,https://data.gov.my/data-catalogue/hies_state,fresh,2026-10-04T11:16:32Z
state,Selangor,,gini,0.332,coefficient,2024-01-01,https://data.gov.my/data-catalogue/hies_state,fresh,2026-10-04T11:16:32Z
state,Selangor,,headlineInflation,2.1,%,2026-08-01,https://data.gov.my/data-catalogue/cpi_state_inflation,fresh,2026-10-04T11:16:32Z
state,Selangor,,unemploymentRate,2.28,%,2024-01-01,https://data.gov.my/data-catalogue/lfs_district,fresh,2026-10-04T11:16:32Z
state,Selangor,,realGdp,460.114,RM billion (constant 2015 prices),2025-01-01,https://data.gov.my/data-catalogue/gdp_state_real_supply,fresh,2026-10-04T11:16:32Z
state,Selangor,,largestSector,Services,sector,2025-01-01,https://data.gov.my/data-catalogue/gdp_state_real_supply,fresh,2026-10-04T11:16:32Z
state,Selangor,,largestSectorShare,60.83,%,2025-01-01,https://data.gov.my/data-catalogue/gdp_state_real_supply,fresh,2026-10-04T11:16:32Z
state,Selangor,,sector.p5.value,279.883,RM billion (constant 2015 prices),2025-01-01,https://data.gov.my/data-catalogue/gdp_state_real_supply,fresh,2026-10-04T11:16:32Z
state,Selangor,,sector.p5.share,60.83,%,2025-01-01,https://data.gov.my/data-catalogue/gdp_state_real_supply,fresh,2026-10-04T11:16:32Z
state,Selangor,,sector.p3.value,131.002,RM billion (constant 2015 prices),2025-01-01,https://data.gov.my/data-catalogue/gdp_state_real_supply,fresh,2026-10-04T11:16:32Z
state,Selangor,,sector.p3.share,28.47,%,2025-01-01,https://data.gov.my/data-catalogue/gdp_state_real_supply,fresh,2026-10-04T11:16:32Z
state,Selangor,,sector.p4.value,26.823,RM billion (constant 2015 prices),2025-01-01,https://data.gov.my/data-catalogue/gdp_state_real_supply,fresh,2026-10-04T11:16:32Z
state,Selangor,,sector.p4.share,5.83,%,2025-01-01,https://data.gov.my/data-catalogue/gdp_state_real_supply,fresh,2026-10-04T11:16:32Z
state,Selangor,,sector.p6.value,16.255,RM billion (constant 2015 prices),2025-01-01,https://data.gov.my/data-catalogue/gdp_state_real_supply,fresh,2026-10-04T11:16:32Z
state,Selangor,,sector.p6.share,3.53,%,2025-01-01,https://data.gov.my/data-catalogue/gdp_state_real_supply,fresh,2026-10-04T11:16:32Z
state,Selangor,,sector.p1.value,5.148,RM billion (constant 2015 prices),2025-01-01,https://data.gov.my/data-catalogue/gdp_state_real_supply,fresh,2026-10-04T11:16:32Z
state,Selangor,,sector.p1.share,1.12,%,2025-01-01,https://data.gov.my/data-catalogue/gdp_state_real_supply,fresh,2026-10-04T11:16:32Z
state,Selangor,,sector.p2.value,1.003,RM billion (constant 2015 prices),2025-01-01,https://data.gov.my/data-catalogue/gdp_state_real_supply,fresh,2026-10-04T11:16:32Z
state,Selangor,,sector.p2.share,0.22,%,2025-01-01,https://data.gov.my/data-catalogue/gdp_state_real_supply,fresh,2026-10-04T11:16:32Z
state,Terengganu,,incomeMean,7627.0,RM per household per month,2024-01-01,https://data.gov.my/data-catalogue/hies_state,fresh,2026-10-04T11:16:32Z
state,Terengganu,,incomeMedian,6627.0,RM per household per month,2024-01-01,https://data.gov.my/data-catalogue/hies_state,fresh,2026-10-04T11:16:32Z
state,Terengganu,,expenditureMean,5219.0,RM per household per month,2024-01-01,https://data.gov.my/data-catalogue/hies_state,fresh,2026-10-04T11:16:32Z
state,Terengganu,,incomeMinusExpenditure,1408.0,RM per household per month,2024-01-01,https://data.gov.my/data-catalogue/hies_state,fresh,2026-10-04T11:16:32Z
state,Terengganu,,incomeToExpenditureRatio,1.27,ratio,2024-01-01,https://data.gov.my/data-catalogue/hies_state,fresh,2026-10-04T11:16:32Z
state,Terengganu,,poverty,5.8,%,2024-01-01,https://data.gov.my/data-catalogue/hies_state,fresh,2026-10-04T11:16:32Z
state,Terengganu,,gini,0.263,coefficient,2024-01-01,https://data.gov.my/data-catalogue/hies_state,fresh,2026-10-04T11:16:32Z
state,Terengganu,,headlineInflation,1.2,%,2026-08-01,https://data.gov.my/data-catalogue/cpi_state_inflation,fresh,2026-10-04T11:16:32Z
state,Terengganu,,unemploymentRate,3.09,%,2024-01-01,https://data.gov.my/data-catalogue/lfs_district,fresh,2026-10-04T11:16:32Z
state,Terengganu,,realGdp,40.597,RM billion (constant 2015 prices),2025-01-01,https://data.gov.my/data-catalogue/gdp_state_real_supply,fresh,2026-10-04T11:16:32Z
state,Terengganu,,largestSector,Services,sector,2025-01-01,https://data.gov.my/data-catalogue/gdp_state_real_supply,fresh,2026-10-04T11:16:32Z
state,Terengganu,,largestSectorShare,52.96,%,2025-01-01,https://data.gov.my/data-catalogue/gdp_state_real_supply,fresh,2026-10-04T11:16:32Z
state,Terengganu,,sector.p5.value,21.499,RM billion (constant 2015 prices),2025-01-01,https://data.gov.my/data-catalogue/gdp_state_real_supply,fresh,2026-10-04T11:16:32Z
state,Terengganu,,sector.p5.share,52.96,%,2025-01-01,https://data.gov.my/data-catalogue/gdp_state_real_supply,fresh,2026-10-04T11:16:32Z
state,Terengganu,,sector.p3.value,14.457,RM billion (constant 2015 prices),2025-01-01,https://data.gov.my/data-catalogue/gdp_state_real_supply,fresh,2026-10-04T11:16:32Z
state,Terengganu,,sector.p3.share,35.61,%,2025-01-01,https://data.gov.my/data-catalogue/gdp_state_real_supply,fresh,2026-10-04T11:16:32Z
state,Terengganu,,sector.p1.value,3.053,RM billion (constant 2015 prices),2025-01-01,https://data.gov.my/data-catalogue/gdp_state_real_supply,fresh,2026-10-04T11:16:32Z
state,Terengganu,,sector.p1.share,7.52,%,2025-01-01,https://data.gov.my/data-catalogue/gdp_state_real_supply,fresh,2026-10-04T11:16:32Z
state,Terengganu,,sector.p4.value,1.29,RM billion (constant 2015 prices),2025-01-01,https://data.gov.my/data-catalogue/gdp_state_real_supply,fresh,2026-10-04T11:16:32Z
state,Terengganu,,sector.p4.share,3.18,%,2025-01-01,https://data.gov.my/data-catalogue/gdp_state_real_supply,fresh,2026-10-04T11:16:32Z
state,Terengganu,,sector.p2.value,0.233,RM billion (constant 2015 prices),2025-01-01,https://data.gov.my/data-catalogue/gdp_state_real_supply,fresh,2026-10-04T11:16:32Z
state,Terengganu,,sector.p2.share,0.57,%,2025-01-01,https://data.gov.my/data-catalogue/gdp_state_real_supply,fresh,2026-10-04T11:16:32Z
state,Terengganu,,sector.p6.value,0.064,RM billion (constant 2015 prices),2025-01-01,https://data.gov.my/data-catalogue/gdp_state_real_supply,fresh,2026-10-04T11:16:32Z
state,Terengganu,,sector.p6.share,0.16,%,2025-01-01,https://data.gov.my/data-catalogue/gdp_state_real_supply,fresh,2026-10-04T11:16:32Z
state,W.P. Kuala Lumpur,,incomeMean,13985.0,RM per household per month,2024-01-01,https://data.gov.my/data-catalogue/hies_state,fresh,2026-10-04T11:16:32Z
state,W.P. Kuala Lumpur,,incomeMedian,10802.0,RM per household per month,2024-01-01,https://data.gov.my/data-catalogue/hies_state,fresh,2026-10-04T11:16:32Z
state,W.P. Kuala Lumpur,,expenditureMean,8178.0,RM per household per month,2024-01-01,https://data.gov.my/data-catalogue/hies_state,fresh,2026-10-04T11:16:32Z
state,W.P. Kuala Lumpur,,incomeMinusExpenditure,2624.0,RM per household per month,2024-01-01,https://data.gov.my/data-catalogue/hies_state,fresh,2026-10-04T11:16:32Z
state,W.P. Kuala Lumpur,,incomeToExpenditureRatio,1.321,ratio,2024-01-01,https://data.gov.my/data-catalogue/hies_state,fresh,2026-10-04T11:16:32Z
state,W.P. Kuala Lumpur,,poverty,1.0,%,2024-01-01,https://data.gov.my/data-catalogue/hies_state,fresh,2026-10-04T11:16:32Z
state,W.P. Kuala Lumpur,,gini,0.375,coefficient,2024-01-01,https://data.gov.my/data-catalogue/hies_state,fresh,2026-10-04T11:16:32Z
state,W.P. Kuala Lumpur,,headlineInflation,2.1,%,2026-08-01,https://data.gov.my/data-catalogue/cpi_state_inflation,fresh,2026-10-04T11:16:32Z
state,W.P. Kuala Lumpur,,realGdp,265.104,RM billion (constant 2015 prices),2025-01-01,https://data.gov.my/data-catalogue/gdp_state_real_supply,fresh,2026-10-04T11:16:32Z
state,W.P. Kuala Lumpur,,largestSector,Services,sector,2025-01-01,https://data.gov.my/data-catalogue/gdp_state_real_supply,fresh,2026-10-04T11:16:32Z
state,W.P. Kuala Lumpur,,largestSectorShare,91.73,%,2025-01-01,https://data.gov.my/data-catalogue/gdp_state_real_supply,fresh,2026-10-04T11:16:32Z
state,W.P. Kuala Lumpur,,sector.p5.value,243.185,RM billion (constant 2015 prices),2025-01-01,https://data.gov.my/data-catalogue/gdp_state_real_supply,fresh,2026-10-04T11:16:32Z
state,W.P. Kuala Lumpur,,sector.p5.share,91.73,%,2025-01-01,https://data.gov.my/data-catalogue/gdp_state_real_supply,fresh,2026-10-04T11:16:32Z
state,W.P. Kuala Lumpur,,sector.p4.value,13.494,RM billion (constant 2015 prices),2025-01-01,https://data.gov.my/data-catalogue/gdp_state_real_supply,fresh,2026-10-04T11:16:32Z
state,W.P. Kuala Lumpur,,sector.p4.share,5.09,%,2025-01-01,https://data.gov.my/data-catalogue/gdp_state_real_supply,fresh,2026-10-04T11:16:32Z
state,W.P. Kuala Lumpur,,sector.p3.value,6.889,RM billion (constant 2015 prices),2025-01-01,https://data.gov.my/data-catalogue/gdp_state_real_supply,fresh,2026-10-04T11:16:32Z
state,W.P. Kuala Lumpur,,sector.p3.share,2.6,%,2025-01-01,https://data.gov.my/data-catalogue/gdp_state_real_supply,fresh,2026-10-04T11:16:32Z
state,W.P. Kuala Lumpur,,sector.p6.value,1.372,RM billion (constant 2015 prices),2025-01-01,https://data.gov.my/data-catalogue/gdp_state_real_supply,fresh,2026-10-04T11:16:32Z
state,W.P. Kuala Lumpur,,sector.p6.share,0.52,%,2025-01-01,https://data.gov.my/data-catalogue/gdp_state_real_supply,fresh,2026-10-04T11:16:32Z
state,W.P. Kuala Lumpur,,sector.p2.value,0.163,RM billion (constant 2015 prices),2025-01-01,https://data.gov.my/data-catalogue/gdp_state_real_supply,fresh,2026-10-04T11:16:32Z
state,W.P. Kuala Lumpur,,sector.p2.share,0.06,%,2025-01-01,https://data.gov.my/data-catalogue/gdp_state_real_supply,fresh,2026-10-04T11:16:32Z
state,W.P. Kuala Lumpur,,sector.p1.value,0.0,RM billion (constant 2015 prices),2025-01-01,https://data.gov.my/data-catalogue/gdp_state_real_supply,fresh,2026-10-04T11:16:32Z
state,W.P. Kuala Lumpur,,sector.p1.share,0.0,%,2025-01-01,https://data.gov.my/data-catalogue/gdp_state_real_supply,fresh,2026-10-04T11:16:32Z
state,W.P. Labuan,,incomeMean,8555.0,RM per household per month,2024-01-01,https://data.gov.my/data-catalogue/hies_state,fresh,2026-10-04T11:16:32Z
state,W.P. Labuan,,incomeMedian,7383.0,RM per household per month,2024-01-01,https://data.gov.my/data-catalogue/hies_state,fresh,2026-10-04T11:16:32Z
state,W.P. Labuan,,expenditureMean,4497.0,RM per household per month,2024-01-01,https://data.gov.my/data-catalogue/hies_state,fresh,2026-10-04T11:16:32Z
state,W.P. Labuan,,incomeMinusExpenditure,2886.0,RM per household per month,2024-01-01,https://data.gov.my/data-catalogue/hies_state,fresh,2026-10-04T11:16:32Z
state,W.P. Labuan,,incomeToExpenditureRatio,1.642,ratio,2024-01-01,https://data.gov.my/data-catalogue/hies_state,fresh,2026-10-04T11:16:32Z
state,W.P. Labuan,,poverty,2.0,%,2024-01-01,https://data.gov.my/data-catalogue/hies_state,fresh,2026-10-04T11:16:32Z
state,W.P. Labuan,,gini,0.327,coefficient,2024-01-01,https://data.gov.my/data-catalogue/hies_state,fresh,2026-10-04T11:16:32Z
state,W.P. Labuan,,headlineInflation,2.3,%,2026-08-01,https://data.gov.my/data-catalogue/cpi_state_inflation,fresh,2026-10-04T11:16:32Z
state,W.P. Labuan,,realGdp,8.7,RM billion (constant 2015 prices),2025-01-01,https://data.gov.my/data-catalogue/gdp_state_real_supply,fresh,2026-10-04T11:16:32Z
state,W.P. Labuan,,largestSector,Services,sector,2025-01-01,https://data.gov.my/data-catalogue/gdp_state_real_supply,fresh,2026-10-04T11:16:32Z
state,W.P. Labuan,,largestSectorShare,80.24,%,2025-01-01,https://data.gov.my/data-catalogue/gdp_state_real_supply,fresh,2026-10-04T11:16:32Z
state,W.P. Labuan,,sector.p5.value,6.981,RM billion (constant 2015 prices),2025-01-01,https://data.gov.my/data-catalogue/gdp_state_real_supply,fresh,2026-10-04T11:16:32Z
state,W.P. Labuan,,sector.p5.share,80.24,%,2025-01-01,https://data.gov.my/data-catalogue/gdp_state_real_supply,fresh,2026-10-04T11:16:32Z
state,W.P. Labuan,,sector.p3.value,1.374,RM billion (constant 2015 prices),2025-01-01,https://data.gov.my/data-catalogue/gdp_state_real_supply,fresh,2026-10-04T11:16:32Z
state,W.P. Labuan,,sector.p3.share,15.79,%,2025-01-01,https://data.gov.my/data-catalogue/gdp_state_real_supply,fresh,2026-10-04T11:16:32Z
state,W.P. Labuan,,sector.p4.value,0.155,RM billion (constant 2015 prices),2025-01-01,https://data.gov.my/data-catalogue/gdp_state_real_supply,fresh,2026-10-04T11:16:32Z
state,W.P. Labuan,,sector.p4.share,1.78,%,2025-01-01,https://data.gov.my/data-catalogue/gdp_state_real_supply,fresh,2026-10-04T11:16:32Z
state,W.P. Labuan,,sector.p1.value,0.128,RM billion (constant 2015 prices),2025-01-01,https://data.gov.my/data-catalogue/gdp_state_real_supply,fresh,2026-10-04T11:16:32Z
state,W.P. Labuan,,sector.p1.share,1.47,%,2025-01-01,https://data.gov.my/data-catalogue/gdp_state_real_supply,fresh,2026-10-04T11:16:32Z
state,W.P. Labuan,,sector.p6.value,0.062,RM billion (constant 2015 prices),2025-01-01,https://data.gov.my/data-catalogue/gdp_state_real_supply,fresh,2026-10-04T11:16:32Z
state,W.P. Labuan,,sector.p6.share,0.71,%,2025-01-01,https://data.gov.my/data-catalogue/gdp_state_real_supply,fresh,2026-10-04T11:16:32Z
state,W.P. Labuan,,sector.p2.value,0.0,RM billion (constant 2015 prices),2025-01-01,https://data.gov.my/data-catalogue/gdp_state_real_supply,fresh,2026-10-04T11:16:32Z
state,W.P. Labuan,,sector.p2.share,0.0,%,2025-01-01,https://data.gov.my/data-catalogue/gdp_state_real_supply,fresh,2026-10-04T11:16:32Z
state,W.P. Putrajaya,,incomeMean,13846.0,RM per household per month,2024-01-01,https://data.gov.my/data-catalogue/hies_state,fresh,2026-10-04T11:16:32Z
state,W.P. Putrajaya,,incomeMedian,10769.0,RM per household per month,2024-01-01,https://data.gov.my/data-catalogue/hies_state,fresh,2026-10-04T11:16:32Z
state,W.P. Putrajaya,,expenditureMean,9186.0,RM per household per month,2024-01-01,https://data.gov.my/data-catalogue/hies_state,fresh,2026-10-04T11:16:32Z
state,W.P. Putrajaya,,incomeMinusExpenditure,1583.0,RM per household per month,2024-01-01,https://data.gov.my/data-catalogue/hies_state,fresh,2026-10-04T11:16:32Z
state,W.P. Putrajaya,,incomeToExpenditureRatio,1.172,ratio,2024-01-01,https://data.gov.my/data-catalogue/hies_state,fresh,2026-10-04T11:16:32Z
state,W.P. Putrajaya,,poverty,0.2,%,2024-01-01,https://data.gov.my/data-catalogue/hies_state,fresh,2026-10-04T11:16:32Z
state,W.P. Putrajaya,,gini,0.324,coefficient,2024-01-01,https://data.gov.my/data-catalogue/hies_state,fresh,2026-10-04T11:16:32Z
state,W.P. Putrajaya,,headlineInflation,2.0,%,2026-08-01,https://data.gov.my/data-catalogue/cpi_state_inflation,fresh,2026-10-04T11:16:32Z
state,W.P. Putrajaya,,realGdp,14.366,RM billion (constant 2015 prices),2025-01-01,https://data.gov.my/data-catalogue/gdp_state_real_supply,fresh,2026-10-04T11:16:32Z
state,W.P. Putrajaya,,largestSector,Services,sector,2025-01-01,https://data.gov.my/data-catalogue/gdp_state_real_supply,fresh,2026-10-04T11:16:32Z
state,W.P. Putrajaya,,largestSectorShare,96.42,%,2025-01-01,https://data.gov.my/data-catalogue/gdp_state_real_supply,fresh,2026-10-04T11:16:32Z
state,W.P. Putrajaya,,sector.p5.value,13.851,RM billion (constant 2015 prices),2025-01-01,https://data.gov.my/data-catalogue/gdp_state_real_supply,fresh,2026-10-04T11:16:32Z
state,W.P. Putrajaya,,sector.p5.share,96.42,%,2025-01-01,https://data.gov.my/data-catalogue/gdp_state_real_supply,fresh,2026-10-04T11:16:32Z
state,W.P. Putrajaya,,sector.p4.value,0.496,RM billion (constant 2015 prices),2025-01-01,https://data.gov.my/data-catalogue/gdp_state_real_supply,fresh,2026-10-04T11:16:32Z
state,W.P. Putrajaya,,sector.p4.share,3.45,%,2025-01-01,https://data.gov.my/data-catalogue/gdp_state_real_supply,fresh,2026-10-04T11:16:32Z
state,W.P. Putrajaya,,sector.p6.value,0.015,RM billion (constant 2015 prices),2025-01-01,https://data.gov.my/data-catalogue/gdp_state_real_supply,fresh,2026-10-04T11:16:32Z
state,W.P. Putrajaya,,sector.p6.share,0.1,%,2025-01-01,https://data.gov.my/data-catalogue/gdp_state_real_supply,fresh,2026-10-04T11:16:32Z
state,W.P. Putrajaya,,sector.p1.value,0.0,RM billion (constant 2015 prices),2025-01-01,https://data.gov.my/data-catalogue/gdp_state_real_supply,fresh,2026-10-04T11:16:32Z
state,W.P. Putrajaya,,sector.p1.share,0.0,%,2025-01-01,https://data.gov.my/data-catalogue/gdp_state_real_supply,fresh,2026-10-04T11:16:32Z
state,W.P. Putrajaya,,sector.p2.value,0.0,RM billion (constant 2015 prices),2025-01-01,https://data.gov.my/data-catalogue/gdp_state_real_supply,fresh,2026-10-04T11:16:32Z
state,W.P. Putrajaya,,sector.p2.share,0.0,%,2025-01-01,https://data.gov.my/data-catalogue/gdp_state_real_supply,fresh,2026-10-04T11:16:32Z
state,W.P. Putrajaya,,sector.p3.value,0.0,RM billion (constant 2015 prices),2025-01-01,https://data.gov.my/data-catalogue/gdp_state_real_supply,fresh,2026-10-04T11:16:32Z
state,W.P. Putrajaya,,sector.p3.share,0.0,%,2025-01-01,https://data.gov.my/data-catalogue/gdp_state_real_supply,fresh,2026-10-04T11:16:32Z
district,Johor,Batu Pahat,incomeMean,9006.0,RM per household per month,2024-01-01,https://data.gov.my/data-catalogue/hies_district,fresh,2026-10-04T11:16:32Z
district,Johor,Batu Pahat,incomeMedian,7555.0,RM per household per month,2024-01-01,https://data.gov.my/data-catalogue/hies_district,fresh,2026-10-04T11:16:32Z
district,Johor,Batu Pahat,expenditureMean,5153.0,RM per household per month,2024-01-01,https://data.gov.my/data-catalogue/hies_district,fresh,2026-10-04T11:16:32Z
district,Johor,Batu Pahat,incomeMinusExpenditure,2402.0,RM per household per month,2024-01-01,https://data.gov.my/data-catalogue/hies_district,fresh,2026-10-04T11:16:32Z
district,Johor,Batu Pahat,incomeToExpenditureRatio,1.466,ratio,2024-01-01,https://data.gov.my/data-catalogue/hies_district,fresh,2026-10-04T11:16:32Z
district,Johor,Batu Pahat,poverty,2.4,%,2024-01-01,https://data.gov.my/data-catalogue/hies_district,fresh,2026-10-04T11:16:32Z
district,Johor,Batu Pahat,gini,0.316,coefficient,2024-01-01,https://data.gov.my/data-catalogue/hies_district,fresh,2026-10-04T11:16:32Z
district,Johor,Batu Pahat,unemploymentRate,1.3,%,2024-01-01,https://data.gov.my/data-catalogue/lfs_district,fresh,2026-10-04T11:16:32Z
district,Johor,Batu Pahat,participationRate,70.9,%,2024-01-01,https://data.gov.my/data-catalogue/lfs_district,fresh,2026-10-04T11:16:32Z
district,Johor,Batu Pahat,employmentPopulationRatio,70.0,%,2024-01-01,https://data.gov.my/data-catalogue/lfs_district,fresh,2026-10-04T11:16:32Z
district,Johor,Batu Pahat,labourForce,263.6,thousand persons,2024-01-01,https://data.gov.my/data-catalogue/lfs_district,fresh,2026-10-04T11:16:32Z
district,Johor,Batu Pahat,realGdp,14.328,RM billion (constant 2015 prices),2020-01-01,https://data.gov.my/data-catalogue/gdp_district_real_supply,fresh,2026-10-04T11:16:32Z
district,Johor,Batu Pahat,largestSector,Services,sector,2020-01-01,https://data.gov.my/data-catalogue/gdp_district_real_supply,fresh,2026-10-04T11:16:32Z
district,Johor,Batu Pahat,largestSectorShare,51.35,%,2020-01-01,https://data.gov.my/data-catalogue/gdp_district_real_supply,fresh,2026-10-04T11:16:32Z
district,Johor,Batu Pahat,sector.p5.value,7.357,RM billion (constant 2015 prices),2020-01-01,https://data.gov.my/data-catalogue/gdp_district_real_supply,fresh,2026-10-04T11:16:32Z
district,Johor,Batu Pahat,sector.p5.share,51.35,%,2020-01-01,https://data.gov.my/data-catalogue/gdp_district_real_supply,fresh,2026-10-04T11:16:32Z
district,Johor,Batu Pahat,sector.p3.value,3.951,RM billion (constant 2015 prices),2020-01-01,https://data.gov.my/data-catalogue/gdp_district_real_supply,fresh,2026-10-04T11:16:32Z
district,Johor,Batu Pahat,sector.p3.share,27.58,%,2020-01-01,https://data.gov.my/data-catalogue/gdp_district_real_supply,fresh,2026-10-04T11:16:32Z
district,Johor,Batu Pahat,sector.p1.value,2.68,RM billion (constant 2015 prices),2020-01-01,https://data.gov.my/data-catalogue/gdp_district_real_supply,fresh,2026-10-04T11:16:32Z
district,Johor,Batu Pahat,sector.p1.share,18.7,%,2020-01-01,https://data.gov.my/data-catalogue/gdp_district_real_supply,fresh,2026-10-04T11:16:32Z
district,Johor,Batu Pahat,sector.p4.value,0.175,RM billion (constant 2015 prices),2020-01-01,https://data.gov.my/data-catalogue/gdp_district_real_supply,fresh,2026-10-04T11:16:32Z
district,Johor,Batu Pahat,sector.p4.share,1.22,%,2020-01-01,https://data.gov.my/data-catalogue/gdp_district_real_supply,fresh,2026-10-04T11:16:32Z
district,Johor,Batu Pahat,sector.p2.value,0.017,RM billion (constant 2015 prices),2020-01-01,https://data.gov.my/data-catalogue/gdp_district_real_supply,fresh,2026-10-04T11:16:32Z
district,Johor,Batu Pahat,sector.p2.share,0.12,%,2020-01-01,https://data.gov.my/data-catalogue/gdp_district_real_supply,fresh,2026-10-04T11:16:32Z
district,Johor,Johor Bahru,incomeMean,10975.0,RM per household per month,2024-01-01,https://data.gov.my/data-catalogue/hies_district,fresh,2026-10-04T11:16:32Z
district,Johor,Johor Bahru,incomeMedian,8977.0,RM per household per month,2024-01-01,https://data.gov.my/data-catalogue/hies_district,fresh,2026-10-04T11:16:32Z
district,Johor,Johor Bahru,expenditureMean,6764.0,RM per household per month,2024-01-01,https://data.gov.my/data-catalogue/hies_district,fresh,2026-10-04T11:16:32Z
district,Johor,Johor Bahru,incomeMinusExpenditure,2213.0,RM per household per month,2024-01-01,https://data.gov.my/data-catalogue/hies_district,fresh,2026-10-04T11:16:32Z
district,Johor,Johor Bahru,incomeToExpenditureRatio,1.327,ratio,2024-01-01,https://data.gov.my/data-catalogue/hies_district,fresh,2026-10-04T11:16:32Z
district,Johor,Johor Bahru,poverty,1.9,%,2024-01-01,https://data.gov.my/data-catalogue/hies_district,fresh,2026-10-04T11:16:32Z
district,Johor,Johor Bahru,gini,0.35,coefficient,2024-01-01,https://data.gov.my/data-catalogue/hies_district,fresh,2026-10-04T11:16:32Z
district,Johor,Johor Bahru,unemploymentRate,2.7,%,2024-01-01,https://data.gov.my/data-catalogue/lfs_district,fresh,2026-10-04T11:16:32Z
district,Johor,Johor Bahru,participationRate,74.6,%,2024-01-01,https://data.gov.my/data-catalogue/lfs_district,fresh,2026-10-04T11:16:32Z
district,Johor,Johor Bahru,employmentPopulationRatio,72.6,%,2024-01-01,https://data.gov.my/data-catalogue/lfs_district,fresh,2026-10-04T11:16:32Z
district,Johor,Johor Bahru,labourForce,921.3,thousand persons,2024-01-01,https://data.gov.my/data-catalogue/lfs_district,fresh,2026-10-04T11:16:32Z
district,Johor,Johor Bahru,realGdp,64.279,RM billion (constant 2015 prices),2020-01-01,https://data.gov.my/data-catalogue/gdp_district_real_supply,fresh,2026-10-04T11:16:32Z
district,Johor,Johor Bahru,largestSector,Services,sector,2020-01-01,https://data.gov.my/data-catalogue/gdp_district_real_supply,fresh,2026-10-04T11:16:32Z
district,Johor,Johor Bahru,largestSectorShare,58.85,%,2020-01-01,https://data.gov.my/data-catalogue/gdp_district_real_supply,fresh,2026-10-04T11:16:32Z
district,Johor,Johor Bahru,sector.p5.value,37.828,RM billion (constant 2015 prices),2020-01-01,https://data.gov.my/data-catalogue/gdp_district_real_supply,fresh,2026-10-04T11:16:32Z
district,Johor,Johor Bahru,sector.p5.share,58.85,%,2020-01-01,https://data.gov.my/data-catalogue/gdp_district_real_supply,fresh,2026-10-04T11:16:32Z
district,Johor,Johor Bahru,sector.p3.value,21.962,RM billion (constant 2015 prices),2020-01-01,https://data.gov.my/data-catalogue/gdp_district_real_supply,fresh,2026-10-04T11:16:32Z
district,Johor,Johor Bahru,sector.p3.share,34.17,%,2020-01-01,https://data.gov.my/data-catalogue/gdp_district_real_supply,fresh,2026-10-04T11:16:32Z
district,Johor,Johor Bahru,sector.p4.value,2.266,RM billion (constant 2015 prices),2020-01-01,https://data.gov.my/data-catalogue/gdp_district_real_supply,fresh,2026-10-04T11:16:32Z
district,Johor,Johor Bahru,sector.p4.share,3.53,%,2020-01-01,https://data.gov.my/data-catalogue/gdp_district_real_supply,fresh,2026-10-04T11:16:32Z
district,Johor,Johor Bahru,sector.p1.value,1.293,RM billion (constant 2015 prices),2020-01-01,https://data.gov.my/data-catalogue/gdp_district_real_supply,fresh,2026-10-04T11:16:32Z
district,Johor,Johor Bahru,sector.p1.share,2.01,%,2020-01-01,https://data.gov.my/data-catalogue/gdp_district_real_supply,fresh,2026-10-04T11:16:32Z
district,Johor,Johor Bahru,sector.p2.value,0.19,RM billion (constant 2015 prices),2020-01-01,https://data.gov.my/data-catalogue/gdp_district_real_supply,fresh,2026-10-04T11:16:32Z
district,Johor,Johor Bahru,sector.p2.share,0.3,%,2020-01-01,https://data.gov.my/data-catalogue/gdp_district_real_supply,fresh,2026-10-04T11:16:32Z
district,Johor,Kluang,incomeMean,6616.0,RM per household per month,2024-01-01,https://data.gov.my/data-catalogue/hies_district,fresh,2026-10-04T11:16:32Z
district,Johor,Kluang,incomeMedian,6158.0,RM per household per month,2024-01-01,https://data.gov.my/data-catalogue/hies_district,fresh,2026-10-04T11:16:32Z
district,Johor,Kluang,expenditureMean,4748.0,RM per household per month,2024-01-01,https://data.gov.my/data-catalogue/hies_district,fresh,2026-10-04T11:16:32Z
district,Johor,Kluang,incomeMinusExpenditure,1410.0,RM per household per month,2024-01-01,https://data.gov.my/data-catalogue/hies_district,fresh,2026-10-04T11:16:32Z
district,Johor,Kluang,incomeToExpenditureRatio,1.297,ratio,2024-01-01,https://data.gov.my/data-catalogue/hies_district,fresh,2026-10-04T11:16:32Z
district,Johor,Kluang,poverty,5.7,%,2024-01-01,https://data.gov.my/data-catalogue/hies_district,fresh,2026-10-04T11:16:32Z
district,Johor,Kluang,gini,0.292,coefficient,2024-01-01,https://data.gov.my/data-catalogue/hies_district,fresh,2026-10-04T11:16:32Z
district,Johor,Kluang,unemploymentRate,2.8,%,2024-01-01,https://data.gov.my/data-catalogue/lfs_district,fresh,2026-10-04T11:16:32Z
district,Johor,Kluang,participationRate,72.6,%,2024-01-01,https://data.gov.my/data-catalogue/lfs_district,fresh,2026-10-04T11:16:32Z
district,Johor,Kluang,employmentPopulationRatio,70.6,%,2024-01-01,https://data.gov.my/data-catalogue/lfs_district,fresh,2026-10-04T11:16:32Z
district,Johor,Kluang,labourForce,176.6,thousand persons,2024-01-01,https://data.gov.my/data-catalogue/lfs_district,fresh,2026-10-04T11:16:32Z
district,Johor,Kluang,realGdp,9.134,RM billion (constant 2015 prices),2020-01-01,https://data.gov.my/data-catalogue/gdp_district_real_supply,fresh,2026-10-04T11:16:32Z
district,Johor,Kluang,largestSector,Services,sector,2020-01-01,https://data.gov.my/data-catalogue/gdp_district_real_supply,fresh,2026-10-04T11:16:32Z
district,Johor,Kluang,largestSectorShare,39.71,%,2020-01-01,https://data.gov.my/data-catalogue/gdp_district_real_supply,fresh,2026-10-04T11:16:32Z
district,Johor,Kluang,sector.p5.value,3.627,RM billion (constant 2015 prices),2020-01-01,https://data.gov.my/data-catalogue/gdp_district_real_supply,fresh,2026-10-04T11:16:32Z
district,Johor,Kluang,sector.p5.share,39.71,%,2020-01-01,https://data.gov.my/data-catalogue/gdp_district_real_supply,fresh,2026-10-04T11:16:32Z
district,Johor,Kluang,sector.p1.value,3.575,RM billion (constant 2015 prices),2020-01-01,https://data.gov.my/data-catalogue/gdp_district_real_supply,fresh,2026-10-04T11:16:32Z
district,Johor,Kluang,sector.p1.share,39.14,%,2020-01-01,https://data.gov.my/data-catalogue/gdp_district_real_supply,fresh,2026-10-04T11:16:32Z
district,Johor,Kluang,sector.p3.value,1.808,RM billion (constant 2015 prices),2020-01-01,https://data.gov.my/data-catalogue/gdp_district_real_supply,fresh,2026-10-04T11:16:32Z
district,Johor,Kluang,sector.p3.share,19.79,%,2020-01-01,https://data.gov.my/data-catalogue/gdp_district_real_supply,fresh,2026-10-04T11:16:32Z
district,Johor,Kluang,sector.p4.value,0.05,RM billion (constant 2015 prices),2020-01-01,https://data.gov.my/data-catalogue/gdp_district_real_supply,fresh,2026-10-04T11:16:32Z
district,Johor,Kluang,sector.p4.share,0.54,%,2020-01-01,https://data.gov.my/data-catalogue/gdp_district_real_supply,fresh,2026-10-04T11:16:32Z
district,Johor,Kluang,sector.p2.value,0.01,RM billion (constant 2015 prices),2020-01-01,https://data.gov.my/data-catalogue/gdp_district_real_supply,fresh,2026-10-04T11:16:32Z
district,Johor,Kluang,sector.p2.share,0.11,%,2020-01-01,https://data.gov.my/data-catalogue/gdp_district_real_supply,fresh,2026-10-04T11:16:32Z
district,Johor,Kota Tinggi,incomeMean,8106.0,RM per household per month,2024-01-01,https://data.gov.my/data-catalogue/hies_district,fresh,2026-10-04T11:16:32Z
district,Johor,Kota Tinggi,incomeMedian,6284.0,RM per household per month,2024-01-01,https://data.gov.my/data-catalogue/hies_district,fresh,2026-10-04T11:16:32Z
district,Johor,Kota Tinggi,expenditureMean,4949.0,RM per household per month,2024-01-01,https://data.gov.my/data-catalogue/hies_district,fresh,2026-10-04T11:16:32Z
district,Johor,Kota Tinggi,incomeMinusExpenditure,1335.0,RM per household per month,2024-01-01,https://data.gov.my/data-catalogue/hies_district,fresh,2026-10-04T11:16:32Z
district,Johor,Kota Tinggi,incomeToExpenditureRatio,1.27,ratio,2024-01-01,https://data.gov.my/data-catalogue/hies_district,fresh,2026-10-04T11:16:32Z
district,Johor,Kota Tinggi,poverty,4.2,%,2024-01-01,https://data.gov.my/data-catalogue/hies_district,fresh,2026-10-04T11:16:32Z
district,Johor,Kota Tinggi,gini,0.379,coefficient,2024-01-01,https://data.gov.my/data-catalogue/hies_district,fresh,2026-10-04T11:16:32Z
district,Johor,Kota Tinggi,unemploymentRate,2.4,%,2024-01-01,https://data.gov.my/data-catalogue/lfs_district,fresh,2026-10-04T11:16:32Z
district,Johor,Kota Tinggi,participationRate,72.1,%,2024-01-01,https://data.gov.my/data-catalogue/lfs_district,fresh,2026-10-04T11:16:32Z
district,Johor,Kota Tinggi,employmentPopulationRatio,70.3,%,2024-01-01,https://data.gov.my/data-catalogue/lfs_district,fresh,2026-10-04T11:16:32Z
district,Johor,Kota Tinggi,labourForce,119.6,thousand persons,2024-01-01,https://data.gov.my/data-catalogue/lfs_district,fresh,2026-10-04T11:16:32Z
district,Johor,Kota Tinggi,realGdp,6.356,RM billion (constant 2015 prices),2020-01-01,https://data.gov.my/data-catalogue/gdp_district_real_supply,fresh,2026-10-04T11:16:32Z
district,Johor,Kota Tinggi,largestSector,Services,sector,2020-01-01,https://data.gov.my/data-catalogue/gdp_district_real_supply,fresh,2026-10-04T11:16:32Z
district,Johor,Kota Tinggi,largestSectorShare,37.65,%,2020-01-01,https://data.gov.my/data-catalogue/gdp_district_real_supply,fresh,2026-10-04T11:16:32Z
district,Johor,Kota Tinggi,sector.p5.value,2.393,RM billion (constant 2015 prices),2020-01-01,https://data.gov.my/data-catalogue/gdp_district_real_supply,fresh,2026-10-04T11:16:32Z
district,Johor,Kota Tinggi,sector.p5.share,37.65,%,2020-01-01,https://data.gov.my/data-catalogue/gdp_district_real_supply,fresh,2026-10-04T11:16:32Z
district,Johor,Kota Tinggi,sector.p1.value,1.952,RM billion (constant 2015 prices),2020-01-01,https://data.gov.my/data-catalogue/gdp_district_real_supply,fresh,2026-10-04T11:16:32Z
district,Johor,Kota Tinggi,sector.p1.share,30.71,%,2020-01-01,https://data.gov.my/data-catalogue/gdp_district_real_supply,fresh,2026-10-04T11:16:32Z
district,Johor,Kota Tinggi,sector.p4.value,1.133,RM billion (constant 2015 prices),2020-01-01,https://data.gov.my/data-catalogue/gdp_district_real_supply,fresh,2026-10-04T11:16:32Z
district,Johor,Kota Tinggi,sector.p4.share,17.82,%,2020-01-01,https://data.gov.my/data-catalogue/gdp_district_real_supply,fresh,2026-10-04T11:16:32Z
district,Johor,Kota Tinggi,sector.p3.value,0.674,RM billion (constant 2015 prices),2020-01-01,https://data.gov.my/data-catalogue/gdp_district_real_supply,fresh,2026-10-04T11:16:32Z
district,Johor,Kota Tinggi,sector.p3.share,10.6,%,2020-01-01,https://data.gov.my/data-catalogue/gdp_district_real_supply,fresh,2026-10-04T11:16:32Z
district,Johor,Kota Tinggi,sector.p2.value,0.178,RM billion (constant 2015 prices),2020-01-01,https://data.gov.my/data-catalogue/gdp_district_real_supply,fresh,2026-10-04T11:16:32Z
district,Johor,Kota Tinggi,sector.p2.share,2.8,%,2020-01-01,https://data.gov.my/data-catalogue/gdp_district_real_supply,fresh,2026-10-04T11:16:32Z
district,Johor,Kulai,incomeMean,10296.0,RM per household per month,2024-01-01,https://data.gov.my/data-catalogue/hies_district,fresh,2026-10-04T11:16:32Z
district,Johor,Kulai,incomeMedian,8406.0,RM per household per month,2024-01-01,https://data.gov.my/data-catalogue/hies_district,fresh,2026-10-04T11:16:32Z
district,Johor,Kulai,expenditureMean,6254.0,RM per household per month,2024-01-01,https://data.gov.my/data-catalogue/hies_district,fresh,2026-10-04T11:16:32Z
district,Johor,Kulai,incomeMinusExpenditure,2152.0,RM per household per month,2024-01-01,https://data.gov.my/data-catalogue/hies_district,fresh,2026-10-04T11:16:32Z
district,Johor,Kulai,incomeToExpenditureRatio,1.344,ratio,2024-01-01,https://data.gov.my/data-catalogue/hies_district,fresh,2026-10-04T11:16:32Z
district,Johor,Kulai,poverty,0.1,%,2024-01-01,https://data.gov.my/data-catalogue/hies_district,fresh,2026-10-04T11:16:32Z
district,Johor,Kulai,gini,0.319,coefficient,2024-01-01,https://data.gov.my/data-catalogue/hies_district,fresh,2026-10-04T11:16:32Z
district,Johor,Kulai,unemploymentRate,2.3,%,2024-01-01,https://data.gov.my/data-catalogue/lfs_district,fresh,2026-10-04T11:16:32Z
district,Johor,Kulai,participationRate,66.8,%,2024-01-01,https://data.gov.my/data-catalogue/lfs_district,fresh,2026-10-04T11:16:32Z
district,Johor,Kulai,employmentPopulationRatio,65.3,%,2024-01-01,https://data.gov.my/data-catalogue/lfs_district,fresh,2026-10-04T11:16:32Z
district,Johor,Kulai,labourForce,173.3,thousand persons,2024-01-01,https://data.gov.my/data-catalogue/lfs_district,fresh,2026-10-04T11:16:32Z
district,Johor,Kulai,realGdp,10.527,RM billion (constant 2015 prices),2020-01-01,https://data.gov.my/data-catalogue/gdp_district_real_supply,fresh,2026-10-04T11:16:32Z
district,Johor,Kulai,largestSector,Manufacturing,sector,2020-01-01,https://data.gov.my/data-catalogue/gdp_district_real_supply,fresh,2026-10-04T11:16:32Z
district,Johor,Kulai,largestSectorShare,49.49,%,2020-01-01,https://data.gov.my/data-catalogue/gdp_district_real_supply,fresh,2026-10-04T11:16:32Z
district,Johor,Kulai,sector.p3.value,5.21,RM billion (constant 2015 prices),2020-01-01,https://data.gov.my/data-catalogue/gdp_district_real_supply,fresh,2026-10-04T11:16:32Z
district,Johor,Kulai,sector.p3.share,49.49,%,2020-01-01,https://data.gov.my/data-catalogue/gdp_district_real_supply,fresh,2026-10-04T11:16:32Z
district,Johor,Kulai,sector.p5.value,4.407,RM billion (constant 2015 prices),2020-01-01,https://data.gov.my/data-catalogue/gdp_district_real_supply,fresh,2026-10-04T11:16:32Z
district,Johor,Kulai,sector.p5.share,41.87,%,2020-01-01,https://data.gov.my/data-catalogue/gdp_district_real_supply,fresh,2026-10-04T11:16:32Z
district,Johor,Kulai,sector.p1.value,0.508,RM billion (constant 2015 prices),2020-01-01,https://data.gov.my/data-catalogue/gdp_district_real_supply,fresh,2026-10-04T11:16:32Z
district,Johor,Kulai,sector.p1.share,4.82,%,2020-01-01,https://data.gov.my/data-catalogue/gdp_district_real_supply,fresh,2026-10-04T11:16:32Z
district,Johor,Kulai,sector.p2.value,0.146,RM billion (constant 2015 prices),2020-01-01,https://data.gov.my/data-catalogue/gdp_district_real_supply,fresh,2026-10-04T11:16:32Z
district,Johor,Kulai,sector.p2.share,1.38,%,2020-01-01,https://data.gov.my/data-catalogue/gdp_district_real_supply,fresh,2026-10-04T11:16:32Z
district,Johor,Kulai,sector.p4.value,0.099,RM billion (constant 2015 prices),2020-01-01,https://data.gov.my/data-catalogue/gdp_district_real_supply,fresh,2026-10-04T11:16:32Z
district,Johor,Kulai,sector.p4.share,0.94,%,2020-01-01,https://data.gov.my/data-catalogue/gdp_district_real_supply,fresh,2026-10-04T11:16:32Z
district,Johor,Mersing,incomeMean,6014.0,RM per household per month,2024-01-01,https://data.gov.my/data-catalogue/hies_district,fresh,2026-10-04T11:16:32Z
district,Johor,Mersing,incomeMedian,5335.0,RM per household per month,2024-01-01,https://data.gov.my/data-catalogue/hies_district,fresh,2026-10-04T11:16:32Z
district,Johor,Mersing,expenditureMean,4274.0,RM per household per month,2024-01-01,https://data.gov.my/data-catalogue/hies_district,fresh,2026-10-04T11:16:32Z
district,Johor,Mersing,incomeMinusExpenditure,1061.0,RM per household per month,2024-01-01,https://data.gov.my/data-catalogue/hies_district,fresh,2026-10-04T11:16:32Z
district,Johor,Mersing,incomeToExpenditureRatio,1.248,ratio,2024-01-01,https://data.gov.my/data-catalogue/hies_district,fresh,2026-10-04T11:16:32Z
district,Johor,Mersing,poverty,6.7,%,2024-01-01,https://data.gov.my/data-catalogue/hies_district,fresh,2026-10-04T11:16:32Z
district,Johor,Mersing,gini,0.263,coefficient,2024-01-01,https://data.gov.my/data-catalogue/hies_district,fresh,2026-10-04T11:16:32Z
district,Johor,Mersing,unemploymentRate,2.0,%,2024-01-01,https://data.gov.my/data-catalogue/lfs_district,fresh,2026-10-04T11:16:32Z
district,Johor,Mersing,participationRate,61.3,%,2024-01-01,https://data.gov.my/data-catalogue/lfs_district,fresh,2026-10-04T11:16:32Z
district,Johor,Mersing,employmentPopulationRatio,60.1,%,2024-01-01,https://data.gov.my/data-catalogue/lfs_district,fresh,2026-10-04T11:16:32Z
district,Johor,Mersing,labourForce,35.4,thousand persons,2024-01-01,https://data.gov.my/data-catalogue/lfs_district,fresh,2026-10-04T11:16:32Z
district,Johor,Mersing,realGdp,1.851,RM billion (constant 2015 prices),2020-01-01,https://data.gov.my/data-catalogue/gdp_district_real_supply,fresh,2026-10-04T11:16:32Z
district,Johor,Mersing,largestSector,Agriculture,sector,2020-01-01,https://data.gov.my/data-catalogue/gdp_district_real_supply,fresh,2026-10-04T11:16:32Z
district,Johor,Mersing,largestSectorShare,53.2,%,2020-01-01,https://data.gov.my/data-catalogue/gdp_district_real_supply,fresh,2026-10-04T11:16:32Z
district,Johor,Mersing,sector.p1.value,0.985,RM billion (constant 2015 prices),2020-01-01,https://data.gov.my/data-catalogue/gdp_district_real_supply,fresh,2026-10-04T11:16:32Z
district,Johor,Mersing,sector.p1.share,53.2,%,2020-01-01,https://data.gov.my/data-catalogue/gdp_district_real_supply,fresh,2026-10-04T11:16:32Z
district,Johor,Mersing,sector.p5.value,0.675,RM billion (constant 2015 prices),2020-01-01,https://data.gov.my/data-catalogue/gdp_district_real_supply,fresh,2026-10-04T11:16:32Z
district,Johor,Mersing,sector.p5.share,36.47,%,2020-01-01,https://data.gov.my/data-catalogue/gdp_district_real_supply,fresh,2026-10-04T11:16:32Z
district,Johor,Mersing,sector.p3.value,0.157,RM billion (constant 2015 prices),2020-01-01,https://data.gov.my/data-catalogue/gdp_district_real_supply,fresh,2026-10-04T11:16:32Z
district,Johor,Mersing,sector.p3.share,8.47,%,2020-01-01,https://data.gov.my/data-catalogue/gdp_district_real_supply,fresh,2026-10-04T11:16:32Z
district,Johor,Mersing,sector.p2.value,0.023,RM billion (constant 2015 prices),2020-01-01,https://data.gov.my/data-catalogue/gdp_district_real_supply,fresh,2026-10-04T11:16:32Z
district,Johor,Mersing,sector.p2.share,1.24,%,2020-01-01,https://data.gov.my/data-catalogue/gdp_district_real_supply,fresh,2026-10-04T11:16:32Z
district,Johor,Muar,incomeMean,8401.0,RM per household per month,2024-01-01,https://data.gov.my/data-catalogue/hies_district,fresh,2026-10-04T11:16:32Z
district,Johor,Muar,incomeMedian,7334.0,RM per household per month,2024-01-01,https://data.gov.my/data-catalogue/hies_district,fresh,2026-10-04T11:16:32Z
district,Johor,Muar,expenditureMean,5541.0,RM per household per month,2024-01-01,https://data.gov.my/data-catalogue/hies_district,fresh,2026-10-04T11:16:32Z
district,Johor,Muar,incomeMinusExpenditure,1793.0,RM per household per month,2024-01-01,https://data.gov.my/data-catalogue/hies_district,fresh,2026-10-04T11:16:32Z
district,Johor,Muar,incomeToExpenditureRatio,1.324,ratio,2024-01-01,https://data.gov.my/data-catalogue/hies_district,fresh,2026-10-04T11:16:32Z
district,Johor,Muar,poverty,2.1,%,2024-01-01,https://data.gov.my/data-catalogue/hies_district,fresh,2026-10-04T11:16:32Z
district,Johor,Muar,gini,0.306,coefficient,2024-01-01,https://data.gov.my/data-catalogue/hies_district,fresh,2026-10-04T11:16:32Z
district,Johor,Muar,unemploymentRate,1.6,%,2024-01-01,https://data.gov.my/data-catalogue/lfs_district,fresh,2026-10-04T11:16:32Z
district,Johor,Muar,participationRate,69.4,%,2024-01-01,https://data.gov.my/data-catalogue/lfs_district,fresh,2026-10-04T11:16:32Z
district,Johor,Muar,employmentPopulationRatio,68.2,%,2024-01-01,https://data.gov.my/data-catalogue/lfs_district,fresh,2026-10-04T11:16:32Z
district,Johor,Muar,labourForce,161.4,thousand persons,2024-01-01,https://data.gov.my/data-catalogue/lfs_district,fresh,2026-10-04T11:16:32Z
district,Johor,Muar,realGdp,7.205,RM billion (constant 2015 prices),2020-01-01,https://data.gov.my/data-catalogue/gdp_district_real_supply,fresh,2026-10-04T11:16:32Z
district,Johor,Muar,largestSector,Services,sector,2020-01-01,https://data.gov.my/data-catalogue/gdp_district_real_supply,fresh,2026-10-04T11:16:32Z
district,Johor,Muar,largestSectorShare,55.09,%,2020-01-01,https://data.gov.my/data-catalogue/gdp_district_real_supply,fresh,2026-10-04T11:16:32Z
district,Johor,Muar,sector.p5.value,3.969,RM billion (constant 2015 prices),2020-01-01,https://data.gov.my/data-catalogue/gdp_district_real_supply,fresh,2026-10-04T11:16:32Z
district,Johor,Muar,sector.p5.share,55.09,%,2020-01-01,https://data.gov.my/data-catalogue/gdp_district_real_supply,fresh,2026-10-04T11:16:32Z
district,Johor,Muar,sector.p3.value,1.887,RM billion (constant 2015 prices),2020-01-01,https://data.gov.my/data-catalogue/gdp_district_real_supply,fresh,2026-10-04T11:16:32Z
district,Johor,Muar,sector.p3.share,26.19,%,2020-01-01,https://data.gov.my/data-catalogue/gdp_district_real_supply,fresh,2026-10-04T11:16:32Z
district,Johor,Muar,sector.p1.value,1.084,RM billion (constant 2015 prices),2020-01-01,https://data.gov.my/data-catalogue/gdp_district_real_supply,fresh,2026-10-04T11:16:32Z
district,Johor,Muar,sector.p1.share,15.04,%,2020-01-01,https://data.gov.my/data-catalogue/gdp_district_real_supply,fresh,2026-10-04T11:16:32Z
district,Johor,Muar,sector.p4.value,0.112,RM billion (constant 2015 prices),2020-01-01,https://data.gov.my/data-catalogue/gdp_district_real_supply,fresh,2026-10-04T11:16:32Z
district,Johor,Muar,sector.p4.share,1.55,%,2020-01-01,https://data.gov.my/data-catalogue/gdp_district_real_supply,fresh,2026-10-04T11:16:32Z
district,Johor,Muar,sector.p2.value,0.078,RM billion (constant 2015 prices),2020-01-01,https://data.gov.my/data-catalogue/gdp_district_real_supply,fresh,2026-10-04T11:16:32Z
district,Johor,Muar,sector.p2.share,1.08,%,2020-01-01,https://data.gov.my/data-catalogue/gdp_district_real_supply,fresh,2026-10-04T11:16:32Z
district,Johor,Pontian,incomeMean,7011.0,RM per household per month,2024-01-01,https://data.gov.my/data-catalogue/hies_district,fresh,2026-10-04T11:16:32Z
district,Johor,Pontian,incomeMedian,5685.0,RM per household per month,2024-01-01,https://data.gov.my/data-catalogue/hies_district,fresh,2026-10-04T11:16:32Z
district,Johor,Pontian,expenditureMean,4856.0,RM per household per month,2024-01-01,https://data.gov.my/data-catalogue/hies_district,fresh,2026-10-04T11:16:32Z
district,Johor,Pontian,incomeMinusExpenditure,829.0,RM per household per month,2024-01-01,https://data.gov.my/data-catalogue/hies_district,fresh,2026-10-04T11:16:32Z
district,Johor,Pontian,incomeToExpenditureRatio,1.171,ratio,2024-01-01,https://data.gov.my/data-catalogue/hies_district,fresh,2026-10-04T11:16:32Z
district,Johor,Pontian,poverty,2.0,%,2024-01-01,https://data.gov.my/data-catalogue/hies_district,fresh,2026-10-04T11:16:32Z
district,Johor,Pontian,gini,0.341,coefficient,2024-01-01,https://data.gov.my/data-catalogue/hies_district,fresh,2026-10-04T11:16:32Z
district,Johor,Pontian,unemploymentRate,2.5,%,2024-01-01,https://data.gov.my/data-catalogue/lfs_district,fresh,2026-10-04T11:16:32Z
district,Johor,Pontian,participationRate,66.6,%,2024-01-01,https://data.gov.my/data-catalogue/lfs_district,fresh,2026-10-04T11:16:32Z
district,Johor,Pontian,employmentPopulationRatio,64.8,%,2024-01-01,https://data.gov.my/data-catalogue/lfs_district,fresh,2026-10-04T11:16:32Z
district,Johor,Pontian,labourForce,84.4,thousand persons,2024-01-01,https://data.gov.my/data-catalogue/lfs_district,fresh,2026-10-04T11:16:32Z
district,Johor,Pontian,realGdp,4.302,RM billion (constant 2015 prices),2020-01-01,https://data.gov.my/data-catalogue/gdp_district_real_supply,fresh,2026-10-04T11:16:32Z
district,Johor,Pontian,largestSector,Services,sector,2020-01-01,https://data.gov.my/data-catalogue/gdp_district_real_supply,fresh,2026-10-04T11:16:32Z
district,Johor,Pontian,largestSectorShare,40.06,%,2020-01-01,https://data.gov.my/data-catalogue/gdp_district_real_supply,fresh,2026-10-04T11:16:32Z
district,Johor,Pontian,sector.p5.value,1.723,RM billion (constant 2015 prices),2020-01-01,https://data.gov.my/data-catalogue/gdp_district_real_supply,fresh,2026-10-04T11:16:32Z
district,Johor,Pontian,sector.p5.share,40.06,%,2020-01-01,https://data.gov.my/data-catalogue/gdp_district_real_supply,fresh,2026-10-04T11:16:32Z
district,Johor,Pontian,sector.p1.value,1.544,RM billion (constant 2015 prices),2020-01-01,https://data.gov.my/data-catalogue/gdp_district_real_supply,fresh,2026-10-04T11:16:32Z
district,Johor,Pontian,sector.p1.share,35.89,%,2020-01-01,https://data.gov.my/data-catalogue/gdp_district_real_supply,fresh,2026-10-04T11:16:32Z
district,Johor,Pontian,sector.p3.value,0.758,RM billion (constant 2015 prices),2020-01-01,https://data.gov.my/data-catalogue/gdp_district_real_supply,fresh,2026-10-04T11:16:32Z
district,Johor,Pontian,sector.p3.share,17.63,%,2020-01-01,https://data.gov.my/data-catalogue/gdp_district_real_supply,fresh,2026-10-04T11:16:32Z
district,Johor,Pontian,sector.p4.value,0.248,RM billion (constant 2015 prices),2020-01-01,https://data.gov.my/data-catalogue/gdp_district_real_supply,fresh,2026-10-04T11:16:32Z
district,Johor,Pontian,sector.p4.share,5.77,%,2020-01-01,https://data.gov.my/data-catalogue/gdp_district_real_supply,fresh,2026-10-04T11:16:32Z
district,Johor,Segamat,incomeMean,7348.0,RM per household per month,2024-01-01,https://data.gov.my/data-catalogue/hies_district,fresh,2026-10-04T11:16:32Z
district,Johor,Segamat,incomeMedian,6451.0,RM per household per month,2024-01-01,https://data.gov.my/data-catalogue/hies_district,fresh,2026-10-04T11:16:32Z
district,Johor,Segamat,expenditureMean,4870.0,RM per household per month,2024-01-01,https://data.gov.my/data-catalogue/hies_district,fresh,2026-10-04T11:16:32Z
district,Johor,Segamat,incomeMinusExpenditure,1581.0,RM per household per month,2024-01-01,https://data.gov.my/data-catalogue/hies_district,fresh,2026-10-04T11:16:32Z
district,Johor,Segamat,incomeToExpenditureRatio,1.325,ratio,2024-01-01,https://data.gov.my/data-catalogue/hies_district,fresh,2026-10-04T11:16:32Z
district,Johor,Segamat,poverty,3.1,%,2024-01-01,https://data.gov.my/data-catalogue/hies_district,fresh,2026-10-04T11:16:32Z
district,Johor,Segamat,gini,0.292,coefficient,2024-01-01,https://data.gov.my/data-catalogue/hies_district,fresh,2026-10-04T11:16:32Z
district,Johor,Segamat,unemploymentRate,2.5,%,2024-01-01,https://data.gov.my/data-catalogue/lfs_district,fresh,2026-10-04T11:16:32Z
district,Johor,Segamat,participationRate,71.3,%,2024-01-01,https://data.gov.my/data-catalogue/lfs_district,fresh,2026-10-04T11:16:32Z
district,Johor,Segamat,employmentPopulationRatio,69.5,%,2024-01-01,https://data.gov.my/data-catalogue/lfs_district,fresh,2026-10-04T11:16:32Z
district,Johor,Segamat,labourForce,108.9,thousand persons,2024-01-01,https://data.gov.my/data-catalogue/lfs_district,fresh,2026-10-04T11:16:32Z
district,Johor,Segamat,realGdp,4.922,RM billion (constant 2015 prices),2020-01-01,https://data.gov.my/data-catalogue/gdp_district_real_supply,fresh,2026-10-04T11:16:32Z
district,Johor,Segamat,largestSector,Services,sector,2020-01-01,https://data.gov.my/data-catalogue/gdp_district_real_supply,fresh,2026-10-04T11:16:32Z
district,Johor,Segamat,largestSectorShare,53.82,%,2020-01-01,https://data.gov.my/data-catalogue/gdp_district_real_supply,fresh,2026-10-04T11:16:32Z
district,Johor,Segamat,sector.p5.value,2.649,RM billion (constant 2015 prices),2020-01-01,https://data.gov.my/data-catalogue/gdp_district_real_supply,fresh,2026-10-04T11:16:32Z
district,Johor,Segamat,sector.p5.share,53.82,%,2020-01-01,https://data.gov.my/data-catalogue/gdp_district_real_supply,fresh,2026-10-04T11:16:32Z
district,Johor,Segamat,sector.p1.value,1.588,RM billion (constant 2015 prices),2020-01-01,https://data.gov.my/data-catalogue/gdp_district_real_supply,fresh,2026-10-04T11:16:32Z
district,Johor,Segamat,sector.p1.share,32.26,%,2020-01-01,https://data.gov.my/data-catalogue/gdp_district_real_supply,fresh,2026-10-04T11:16:32Z
district,Johor,Segamat,sector.p3.value,0.564,RM billion (constant 2015 prices),2020-01-01,https://data.gov.my/data-catalogue/gdp_district_real_supply,fresh,2026-10-04T11:16:32Z
district,Johor,Segamat,sector.p3.share,11.46,%,2020-01-01,https://data.gov.my/data-catalogue/gdp_district_real_supply,fresh,2026-10-04T11:16:32Z
district,Johor,Segamat,sector.p4.value,0.077,RM billion (constant 2015 prices),2020-01-01,https://data.gov.my/data-catalogue/gdp_district_real_supply,fresh,2026-10-04T11:16:32Z
district,Johor,Segamat,sector.p4.share,1.56,%,2020-01-01,https://data.gov.my/data-catalogue/gdp_district_real_supply,fresh,2026-10-04T11:16:32Z
district,Johor,Segamat,sector.p2.value,0.013,RM billion (constant 2015 prices),2020-01-01,https://data.gov.my/data-catalogue/gdp_district_real_supply,fresh,2026-10-04T11:16:32Z
district,Johor,Segamat,sector.p2.share,0.26,%,2020-01-01,https://data.gov.my/data-catalogue/gdp_district_real_supply,fresh,2026-10-04T11:16:32Z
district,Johor,Tangkak,incomeMean,7524.0,RM per household per month,2024-01-01,https://data.gov.my/data-catalogue/hies_district,fresh,2026-10-04T11:16:32Z
district,Johor,Tangkak,incomeMedian,6374.0,RM per household per month,2024-01-01,https://data.gov.my/data-catalogue/hies_district,fresh,2026-10-04T11:16:32Z
district,Johor,Tangkak,expenditureMean,4673.0,RM per household per month,2024-01-01,https://data.gov.my/data-catalogue/hies_district,fresh,2026-10-04T11:16:32Z
district,Johor,Tangkak,incomeMinusExpenditure,1701.0,RM per household per month,2024-01-01,https://data.gov.my/data-catalogue/hies_district,fresh,2026-10-04T11:16:32Z
district,Johor,Tangkak,incomeToExpenditureRatio,1.364,ratio,2024-01-01,https://data.gov.my/data-catalogue/hies_district,fresh,2026-10-04T11:16:32Z
district,Johor,Tangkak,poverty,4.0,%,2024-01-01,https://data.gov.my/data-catalogue/hies_district,fresh,2026-10-04T11:16:32Z
district,Johor,Tangkak,gini,0.306,coefficient,2024-01-01,https://data.gov.my/data-catalogue/hies_district,fresh,2026-10-04T11:16:32Z
district,Johor,Tangkak,unemploymentRate,1.7,%,2024-01-01,https://data.gov.my/data-catalogue/lfs_district,fresh,2026-10-04T11:16:32Z
district,Johor,Tangkak,participationRate,65.9,%,2024-01-01,https://data.gov.my/data-catalogue/lfs_district,fresh,2026-10-04T11:16:32Z
district,Johor,Tangkak,employmentPopulationRatio,64.8,%,2024-01-01,https://data.gov.my/data-catalogue/lfs_district,fresh,2026-10-04T11:16:32Z
district,Johor,Tangkak,labourForce,82.0,thousand persons,2024-01-01,https://data.gov.my/data-catalogue/lfs_district,fresh,2026-10-04T11:16:32Z
district,Johor,Tangkak,realGdp,5.17,RM billion (constant 2015 prices),2020-01-01,https://data.gov.my/data-catalogue/gdp_district_real_supply,fresh,2026-10-04T11:16:32Z
district,Johor,Tangkak,largestSector,Services,sector,2020-01-01,https://data.gov.my/data-catalogue/gdp_district_real_supply,fresh,2026-10-04T11:16:32Z
district,Johor,Tangkak,largestSectorShare,34.36,%,2020-01-01,https://data.gov.my/data-catalogue/gdp_district_real_supply,fresh,2026-10-04T11:16:32Z
district,Johor,Tangkak,sector.p5.value,1.776,RM billion (constant 2015 prices),2020-01-01,https://data.gov.my/data-catalogue/gdp_district_real_supply,fresh,2026-10-04T11:16:32Z
district,Johor,Tangkak,sector.p5.share,34.36,%,2020-01-01,https://data.gov.my/data-catalogue/gdp_district_real_supply,fresh,2026-10-04T11:16:32Z
district,Johor,Tangkak,sector.p3.value,1.681,RM billion (constant 2015 prices),2020-01-01,https://data.gov.my/data-catalogue/gdp_district_real_supply,fresh,2026-10-04T11:16:32Z
district,Johor,Tangkak,sector.p3.share,32.51,%,2020-01-01,https://data.gov.my/data-catalogue/gdp_district_real_supply,fresh,2026-10-04T11:16:32Z
district,Johor,Tangkak,sector.p1.value,1.649,RM billion (constant 2015 prices),2020-01-01,https://data.gov.my/data-catalogue/gdp_district_real_supply,fresh,2026-10-04T11:16:32Z
district,Johor,Tangkak,sector.p1.share,31.89,%,2020-01-01,https://data.gov.my/data-catalogue/gdp_district_real_supply,fresh,2026-10-04T11:16:32Z
district,Johor,Tangkak,sector.p4.value,0.012,RM billion (constant 2015 prices),2020-01-01,https://data.gov.my/data-catalogue/gdp_district_real_supply,fresh,2026-10-04T11:16:32Z
district,Johor,Tangkak,sector.p4.share,0.23,%,2020-01-01,https://data.gov.my/data-catalogue/gdp_district_real_supply,fresh,2026-10-04T11:16:32Z
district,Kedah,Baling,incomeMean,4345.0,RM per household per month,2024-01-01,https://data.gov.my/data-catalogue/hies_district,fresh,2026-10-04T11:16:32Z
district,Kedah,Baling,incomeMedian,3367.0,RM per household per month,2024-01-01,https://data.gov.my/data-catalogue/hies_district,fresh,2026-10-04T11:16:32Z
district,Kedah,Baling,expenditureMean,3041.0,RM per household per month,2024-01-01,https://data.gov.my/data-catalogue/hies_district,fresh,2026-10-04T11:16:32Z
district,Kedah,Baling,incomeMinusExpenditure,326.0,RM per household per month,2024-01-01,https://data.gov.my/data-catalogue/hies_district,fresh,2026-10-04T11:16:32Z
district,Kedah,Baling,incomeToExpenditureRatio,1.107,ratio,2024-01-01,https://data.gov.my/data-catalogue/hies_district,fresh,2026-10-04T11:16:32Z
district,Kedah,Baling,poverty,14.7,%,2024-01-01,https://data.gov.my/data-catalogue/hies_district,fresh,2026-10-04T11:16:32Z
district,Kedah,Baling,gini,0.324,coefficient,2024-01-01,https://data.gov.my/data-catalogue/hies_district,fresh,2026-10-04T11:16:32Z
district,Kedah,Baling,unemploymentRate,1.8,%,2024-01-01,https://data.gov.my/data-catalogue/lfs_district,fresh,2026-10-04T11:16:32Z
district,Kedah,Baling,participationRate,70.4,%,2024-01-01,https://data.gov.my/data-catalogue/lfs_district,fresh,2026-10-04T11:16:32Z
district,Kedah,Baling,employmentPopulationRatio,69.1,%,2024-01-01,https://data.gov.my/data-catalogue/lfs_district,fresh,2026-10-04T11:16:32Z
district,Kedah,Baling,labourForce,68.2,thousand persons,2024-01-01,https://data.gov.my/data-catalogue/lfs_district,fresh,2026-10-04T11:16:32Z
district,Kedah,Baling,realGdp,1.526,RM billion (constant 2015 prices),2020-01-01,https://data.gov.my/data-catalogue/gdp_district_real_supply,fresh,2026-10-04T11:16:32Z
district,Kedah,Baling,largestSector,Services,sector,2020-01-01,https://data.gov.my/data-catalogue/gdp_district_real_supply,fresh,2026-10-04T11:16:32Z
district,Kedah,Baling,largestSectorShare,56.55,%,2020-01-01,https://data.gov.my/data-catalogue/gdp_district_real_supply,fresh,2026-10-04T11:16:32Z
district,Kedah,Baling,sector.p5.value,0.863,RM billion (constant 2015 prices),2020-01-01,https://data.gov.my/data-catalogue/gdp_district_real_supply,fresh,2026-10-04T11:16:32Z
district,Kedah,Baling,sector.p5.share,56.55,%,2020-01-01,https://data.gov.my/data-catalogue/gdp_district_real_supply,fresh,2026-10-04T11:16:32Z
district,Kedah,Baling,sector.p1.value,0.396,RM billion (constant 2015 prices),2020-01-01,https://data.gov.my/data-catalogue/gdp_district_real_supply,fresh,2026-10-04T11:16:32Z
district,Kedah,Baling,sector.p1.share,25.97,%,2020-01-01,https://data.gov.my/data-catalogue/gdp_district_real_supply,fresh,2026-10-04T11:16:32Z
district,Kedah,Baling,sector.p3.value,0.229,RM billion (constant 2015 prices),2020-01-01,https://data.gov.my/data-catalogue/gdp_district_real_supply,fresh,2026-10-04T11:16:32Z
district,Kedah,Baling,sector.p3.share,15.0,%,2020-01-01,https://data.gov.my/data-catalogue/gdp_district_real_supply,fresh,2026-10-04T11:16:32Z
district,Kedah,Baling,sector.p2.value,0.024,RM billion (constant 2015 prices),2020-01-01,https://data.gov.my/data-catalogue/gdp_district_real_supply,fresh,2026-10-04T11:16:32Z
district,Kedah,Baling,sector.p2.share,1.56,%,2020-01-01,https://data.gov.my/data-catalogue/gdp_district_real_supply,fresh,2026-10-04T11:16:32Z
district,Kedah,Baling,sector.p4.value,0.009,RM billion (constant 2015 prices),2020-01-01,https://data.gov.my/data-catalogue/gdp_district_real_supply,fresh,2026-10-04T11:16:32Z
district,Kedah,Baling,sector.p4.share,0.57,%,2020-01-01,https://data.gov.my/data-catalogue/gdp_district_real_supply,fresh,2026-10-04T11:16:32Z
district,Kedah,Bandar Baharu,incomeMean,4835.0,RM per household per month,2024-01-01,https://data.gov.my/data-catalogue/hies_district,fresh,2026-10-04T11:16:32Z
district,Kedah,Bandar Baharu,incomeMedian,4310.0,RM per household per month,2024-01-01,https://data.gov.my/data-catalogue/hies_district,fresh,2026-10-04T11:16:32Z
district,Kedah,Bandar Baharu,expenditureMean,3006.0,RM per household per month,2024-01-01,https://data.gov.my/data-catalogue/hies_district,fresh,2026-10-04T11:16:32Z
district,Kedah,Bandar Baharu,incomeMinusExpenditure,1304.0,RM per household per month,2024-01-01,https://data.gov.my/data-catalogue/hies_district,fresh,2026-10-04T11:16:32Z
district,Kedah,Bandar Baharu,incomeToExpenditureRatio,1.434,ratio,2024-01-01,https://data.gov.my/data-catalogue/hies_district,fresh,2026-10-04T11:16:32Z
district,Kedah,Bandar Baharu,poverty,5.8,%,2024-01-01,https://data.gov.my/data-catalogue/hies_district,fresh,2026-10-04T11:16:32Z
district,Kedah,Bandar Baharu,gini,0.339,coefficient,2024-01-01,https://data.gov.my/data-catalogue/hies_district,fresh,2026-10-04T11:16:32Z
district,Kedah,Bandar Baharu,unemploymentRate,2.5,%,2024-01-01,https://data.gov.my/data-catalogue/lfs_district,fresh,2026-10-04T11:16:32Z
district,Kedah,Bandar Baharu,participationRate,71.8,%,2024-01-01,https://data.gov.my/data-catalogue/lfs_district,fresh,2026-10-04T11:16:32Z
district,Kedah,Bandar Baharu,employmentPopulationRatio,70.2,%,2024-01-01,https://data.gov.my/data-catalogue/lfs_district,fresh,2026-10-04T11:16:32Z
district,Kedah,Bandar Baharu,labourForce,21.9,thousand persons,2024-01-01,https://data.gov.my/data-catalogue/lfs_district,fresh,2026-10-04T11:16:32Z
district,Kedah,Bandar Baharu,realGdp,0.626,RM billion (constant 2015 prices),2020-01-01,https://data.gov.my/data-catalogue/gdp_district_real_supply,fresh,2026-10-04T11:16:32Z
district,Kedah,Bandar Baharu,largestSector,Services,sector,2020-01-01,https://data.gov.my/data-catalogue/gdp_district_real_supply,fresh,2026-10-04T11:16:32Z
district,Kedah,Bandar Baharu,largestSectorShare,50.8,%,2020-01-01,https://data.gov.my/data-catalogue/gdp_district_real_supply,fresh,2026-10-04T11:16:32Z
district,Kedah,Bandar Baharu,sector.p5.value,0.318,RM billion (constant 2015 prices),2020-01-01,https://data.gov.my/data-catalogue/gdp_district_real_supply,fresh,2026-10-04T11:16:32Z
district,Kedah,Bandar Baharu,sector.p5.share,50.8,%,2020-01-01,https://data.gov.my/data-catalogue/gdp_district_real_supply,fresh,2026-10-04T11:16:32Z
district,Kedah,Bandar Baharu,sector.p1.value,0.272,RM billion (constant 2015 prices),2020-01-01,https://data.gov.my/data-catalogue/gdp_district_real_supply,fresh,2026-10-04T11:16:32Z
district,Kedah,Bandar Baharu,sector.p1.share,43.47,%,2020-01-01,https://data.gov.my/data-catalogue/gdp_district_real_supply,fresh,2026-10-04T11:16:32Z
district,Kedah,Bandar Baharu,sector.p3.value,0.03,RM billion (constant 2015 prices),2020-01-01,https://data.gov.my/data-catalogue/gdp_district_real_supply,fresh,2026-10-04T11:16:32Z
district,Kedah,Bandar Baharu,sector.p3.share,4.87,%,2020-01-01,https://data.gov.my/data-catalogue/gdp_district_real_supply,fresh,2026-10-04T11:16:32Z
district,Kedah,Bandar Baharu,sector.p2.value,0.0,RM billion (constant 2015 prices),2020-01-01,https://data.gov.my/data-catalogue/gdp_district_real_supply,fresh,2026-10-04T11:16:32Z
district,Kedah,Bandar Baharu,sector.p2.share,0.0,%,2020-01-01,https://data.gov.my/data-catalogue/gdp_district_real_supply,fresh,2026-10-04T11:16:32Z
district,Kedah,Kota Setar,incomeMean,6034.0,RM per household per month,2024-01-01,https://data.gov.my/data-catalogue/hies_district,fresh,2026-10-04T11:16:32Z
district,Kedah,Kota Setar,incomeMedian,5208.0,RM per household per month,2024-01-01,https://data.gov.my/data-catalogue/hies_district,fresh,2026-10-04T11:16:32Z
district,Kedah,Kota Setar,expenditureMean,4495.0,RM per household per month,2024-01-01,https://data.gov.my/data-catalogue/hies_district,fresh,2026-10-04T11:16:32Z
district,Kedah,Kota Setar,incomeMinusExpenditure,713.0,RM per household per month,2024-01-01,https://data.gov.my/data-catalogue/hies_district,fresh,2026-10-04T11:16:32Z
district,Kedah,Kota Setar,incomeToExpenditureRatio,1.159,ratio,2024-01-01,https://data.gov.my/data-catalogue/hies_district,fresh,2026-10-04T11:16:32Z
district,Kedah,Kota Setar,poverty,5.5,%,2024-01-01,https://data.gov.my/data-catalogue/hies_district,fresh,2026-10-04T11:16:32Z
district,Kedah,Kota Setar,gini,0.328,coefficient,2024-01-01,https://data.gov.my/data-catalogue/hies_district,fresh,2026-10-04T11:16:32Z
district,Kedah,Kota Setar,unemploymentRate,3.2,%,2024-01-01,https://data.gov.my/data-catalogue/lfs_district,fresh,2026-10-04T11:16:32Z
district,Kedah,Kota Setar,participationRate,63.8,%,2024-01-01,https://data.gov.my/data-catalogue/lfs_district,fresh,2026-10-04T11:16:32Z
district,Kedah,Kota Setar,employmentPopulationRatio,61.8,%,2024-01-01,https://data.gov.my/data-catalogue/lfs_district,fresh,2026-10-04T11:16:32Z
district,Kedah,Kota Setar,labourForce,162.6,thousand persons,2024-01-01,https://data.gov.my/data-catalogue/lfs_district,fresh,2026-10-04T11:16:32Z
district,Kedah,Kota Setar,realGdp,11.001,RM billion (constant 2015 prices),2020-01-01,https://data.gov.my/data-catalogue/gdp_district_real_supply,fresh,2026-10-04T11:16:32Z
district,Kedah,Kota Setar,largestSector,Services,sector,2020-01-01,https://data.gov.my/data-catalogue/gdp_district_real_supply,fresh,2026-10-04T11:16:32Z
district,Kedah,Kota Setar,largestSectorShare,75.09,%,2020-01-01,https://data.gov.my/data-catalogue/gdp_district_real_supply,fresh,2026-10-04T11:16:32Z
district,Kedah,Kota Setar,sector.p5.value,8.26,RM billion (constant 2015 prices),2020-01-01,https://data.gov.my/data-catalogue/gdp_district_real_supply,fresh,2026-10-04T11:16:32Z
district,Kedah,Kota Setar,sector.p5.share,75.09,%,2020-01-01,https://data.gov.my/data-catalogue/gdp_district_real_supply,fresh,2026-10-04T11:16:32Z
district,Kedah,Kota Setar,sector.p3.value,1.431,RM billion (constant 2015 prices),2020-01-01,https://data.gov.my/data-catalogue/gdp_district_real_supply,fresh,2026-10-04T11:16:32Z
district,Kedah,Kota Setar,sector.p3.share,13.01,%,2020-01-01,https://data.gov.my/data-catalogue/gdp_district_real_supply,fresh,2026-10-04T11:16:32Z
district,Kedah,Kota Setar,sector.p1.value,0.834,RM billion (constant 2015 prices),2020-01-01,https://data.gov.my/data-catalogue/gdp_district_real_supply,fresh,2026-10-04T11:16:32Z
district,Kedah,Kota Setar,sector.p1.share,7.58,%,2020-01-01,https://data.gov.my/data-catalogue/gdp_district_real_supply,fresh,2026-10-04T11:16:32Z
district,Kedah,Kota Setar,sector.p4.value,0.426,RM billion (constant 2015 prices),2020-01-01,https://data.gov.my/data-catalogue/gdp_district_real_supply,fresh,2026-10-04T11:16:32Z
district,Kedah,Kota Setar,sector.p4.share,3.87,%,2020-01-01,https://data.gov.my/data-catalogue/gdp_district_real_supply,fresh,2026-10-04T11:16:32Z
district,Kedah,Kuala Muda,incomeMean,5729.0,RM per household per month,2024-01-01,https://data.gov.my/data-catalogue/hies_district,fresh,2026-10-04T11:16:32Z
district,Kedah,Kuala Muda,incomeMedian,4953.0,RM per household per month,2024-01-01,https://data.gov.my/data-catalogue/hies_district,fresh,2026-10-04T11:16:32Z
district,Kedah,Kuala Muda,expenditureMean,3869.0,RM per household per month,2024-01-01,https://data.gov.my/data-catalogue/hies_district,fresh,2026-10-04T11:16:32Z
district,Kedah,Kuala Muda,incomeMinusExpenditure,1084.0,RM per household per month,2024-01-01,https://data.gov.my/data-catalogue/hies_district,fresh,2026-10-04T11:16:32Z
district,Kedah,Kuala Muda,incomeToExpenditureRatio,1.28,ratio,2024-01-01,https://data.gov.my/data-catalogue/hies_district,fresh,2026-10-04T11:16:32Z
district,Kedah,Kuala Muda,poverty,11.8,%,2024-01-01,https://data.gov.my/data-catalogue/hies_district,fresh,2026-10-04T11:16:32Z
district,Kedah,Kuala Muda,gini,0.333,coefficient,2024-01-01,https://data.gov.my/data-catalogue/hies_district,fresh,2026-10-04T11:16:32Z
district,Kedah,Kuala Muda,unemploymentRate,2.2,%,2024-01-01,https://data.gov.my/data-catalogue/lfs_district,fresh,2026-10-04T11:16:32Z
district,Kedah,Kuala Muda,participationRate,62.8,%,2024-01-01,https://data.gov.my/data-catalogue/lfs_district,fresh,2026-10-04T11:16:32Z
district,Kedah,Kuala Muda,employmentPopulationRatio,61.4,%,2024-01-01,https://data.gov.my/data-catalogue/lfs_district,fresh,2026-10-04T11:16:32Z
district,Kedah,Kuala Muda,labourForce,244.5,thousand persons,2024-01-01,https://data.gov.my/data-catalogue/lfs_district,fresh,2026-10-04T11:16:32Z
district,Kedah,Kuala Muda,realGdp,11.338,RM billion (constant 2015 prices),2020-01-01,https://data.gov.my/data-catalogue/gdp_district_real_supply,fresh,2026-10-04T11:16:32Z
district,Kedah,Kuala Muda,largestSector,Services,sector,2020-01-01,https://data.gov.my/data-catalogue/gdp_district_real_supply,fresh,2026-10-04T11:16:32Z
district,Kedah,Kuala Muda,largestSectorShare,56.19,%,2020-01-01,https://data.gov.my/data-catalogue/gdp_district_real_supply,fresh,2026-10-04T11:16:32Z
district,Kedah,Kuala Muda,sector.p5.value,6.371,RM billion (constant 2015 prices),2020-01-01,https://data.gov.my/data-catalogue/gdp_district_real_supply,fresh,2026-10-04T11:16:32Z
district,Kedah,Kuala Muda,sector.p5.share,56.19,%,2020-01-01,https://data.gov.my/data-catalogue/gdp_district_real_supply,fresh,2026-10-04T11:16:32Z
district,Kedah,Kuala Muda,sector.p3.value,3.853,RM billion (constant 2015 prices),2020-01-01,https://data.gov.my/data-catalogue/gdp_district_real_supply,fresh,2026-10-04T11:16:32Z
district,Kedah,Kuala Muda,sector.p3.share,33.98,%,2020-01-01,https://data.gov.my/data-catalogue/gdp_district_real_supply,fresh,2026-10-04T11:16:32Z
district,Kedah,Kuala Muda,sector.p1.value,0.818,RM billion (constant 2015 prices),2020-01-01,https://data.gov.my/data-catalogue/gdp_district_real_supply,fresh,2026-10-04T11:16:32Z
district,Kedah,Kuala Muda,sector.p1.share,7.21,%,2020-01-01,https://data.gov.my/data-catalogue/gdp_district_real_supply,fresh,2026-10-04T11:16:32Z
district,Kedah,Kuala Muda,sector.p4.value,0.215,RM billion (constant 2015 prices),2020-01-01,https://data.gov.my/data-catalogue/gdp_district_real_supply,fresh,2026-10-04T11:16:32Z
district,Kedah,Kuala Muda,sector.p4.share,1.9,%,2020-01-01,https://data.gov.my/data-catalogue/gdp_district_real_supply,fresh,2026-10-04T11:16:32Z
district,Kedah,Kuala Muda,sector.p2.value,0.02,RM billion (constant 2015 prices),2020-01-01,https://data.gov.my/data-catalogue/gdp_district_real_supply,fresh,2026-10-04T11:16:32Z
district,Kedah,Kuala Muda,sector.p2.share,0.17,%,2020-01-01,https://data.gov.my/data-catalogue/gdp_district_real_supply,fresh,2026-10-04T11:16:32Z
district,Kedah,Kubang Pasu,incomeMean,6313.0,RM per household per month,2024-01-01,https://data.gov.my/data-catalogue/hies_district,fresh,2026-10-04T11:16:32Z
district,Kedah,Kubang Pasu,incomeMedian,5312.0,RM per household per month,2024-01-01,https://data.gov.my/data-catalogue/hies_district,fresh,2026-10-04T11:16:32Z
district,Kedah,Kubang Pasu,expenditureMean,4478.0,RM per household per month,2024-01-01,https://data.gov.my/data-catalogue/hies_district,fresh,2026-10-04T11:16:32Z
district,Kedah,Kubang Pasu,incomeMinusExpenditure,834.0,RM per household per month,2024-01-01,https://data.gov.my/data-catalogue/hies_district,fresh,2026-10-04T11:16:32Z
district,Kedah,Kubang Pasu,incomeToExpenditureRatio,1.186,ratio,2024-01-01,https://data.gov.my/data-catalogue/hies_district,fresh,2026-10-04T11:16:32Z
district,Kedah,Kubang Pasu,poverty,4.0,%,2024-01-01,https://data.gov.my/data-catalogue/hies_district,fresh,2026-10-04T11:16:32Z
district,Kedah,Kubang Pasu,gini,0.317,coefficient,2024-01-01,https://data.gov.my/data-catalogue/hies_district,fresh,2026-10-04T11:16:32Z
district,Kedah,Kubang Pasu,unemploymentRate,2.4,%,2024-01-01,https://data.gov.my/data-catalogue/lfs_district,fresh,2026-10-04T11:16:32Z
district,Kedah,Kubang Pasu,participationRate,65.3,%,2024-01-01,https://data.gov.my/data-catalogue/lfs_district,fresh,2026-10-04T11:16:32Z
district,Kedah,Kubang Pasu,employmentPopulationRatio,63.7,%,2024-01-01,https://data.gov.my/data-catalogue/lfs_district,fresh,2026-10-04T11:16:32Z
district,Kedah,Kubang Pasu,labourForce,109.4,thousand persons,2024-01-01,https://data.gov.my/data-catalogue/lfs_district,fresh,2026-10-04T11:16:32Z
district,Kedah,Kubang Pasu,realGdp,3.554,RM billion (constant 2015 prices),2020-01-01,https://data.gov.my/data-catalogue/gdp_district_real_supply,fresh,2026-10-04T11:16:32Z
district,Kedah,Kubang Pasu,largestSector,Services,sector,2020-01-01,https://data.gov.my/data-catalogue/gdp_district_real_supply,fresh,2026-10-04T11:16:32Z
district,Kedah,Kubang Pasu,largestSectorShare,62.16,%,2020-01-01,https://data.gov.my/data-catalogue/gdp_district_real_supply,fresh,2026-10-04T11:16:32Z
district,Kedah,Kubang Pasu,sector.p5.value,2.209,RM billion (constant 2015 prices),2020-01-01,https://data.gov.my/data-catalogue/gdp_district_real_supply,fresh,2026-10-04T11:16:32Z
district,Kedah,Kubang Pasu,sector.p5.share,62.16,%,2020-01-01,https://data.gov.my/data-catalogue/gdp_district_real_supply,fresh,2026-10-04T11:16:32Z
district,Kedah,Kubang Pasu,sector.p1.value,0.758,RM billion (constant 2015 prices),2020-01-01,https://data.gov.my/data-catalogue/gdp_district_real_supply,fresh,2026-10-04T11:16:32Z
district,Kedah,Kubang Pasu,sector.p1.share,21.33,%,2020-01-01,https://data.gov.my/data-catalogue/gdp_district_real_supply,fresh,2026-10-04T11:16:32Z
district,Kedah,Kubang Pasu,sector.p3.value,0.528,RM billion (constant 2015 prices),2020-01-01,https://data.gov.my/data-catalogue/gdp_district_real_supply,fresh,2026-10-04T11:16:32Z
district,Kedah,Kubang Pasu,sector.p3.share,14.85,%,2020-01-01,https://data.gov.my/data-catalogue/gdp_district_real_supply,fresh,2026-10-04T11:16:32Z
district,Kedah,Kubang Pasu,sector.p4.value,0.04,RM billion (constant 2015 prices),2020-01-01,https://data.gov.my/data-catalogue/gdp_district_real_supply,fresh,2026-10-04T11:16:32Z
district,Kedah,Kubang Pasu,sector.p4.share,1.12,%,2020-01-01,https://data.gov.my/data-catalogue/gdp_district_real_supply,fresh,2026-10-04T11:16:32Z
district,Kedah,Kubang Pasu,sector.p2.value,0.007,RM billion (constant 2015 prices),2020-01-01,https://data.gov.my/data-catalogue/gdp_district_real_supply,fresh,2026-10-04T11:16:32Z
district,Kedah,Kubang Pasu,sector.p2.share,0.2,%,2020-01-01,https://data.gov.my/data-catalogue/gdp_district_real_supply,fresh,2026-10-04T11:16:32Z
district,Kedah,Kulim,incomeMean,6395.0,RM per household per month,2024-01-01,https://data.gov.my/data-catalogue/hies_district,fresh,2026-10-04T11:16:32Z
district,Kedah,Kulim,incomeMedian,5236.0,RM per household per month,2024-01-01,https://data.gov.my/data-catalogue/hies_district,fresh,2026-10-04T11:16:32Z
district,Kedah,Kulim,expenditureMean,4054.0,RM per household per month,2024-01-01,https://data.gov.my/data-catalogue/hies_district,fresh,2026-10-04T11:16:32Z
district,Kedah,Kulim,incomeMinusExpenditure,1182.0,RM per household per month,2024-01-01,https://data.gov.my/data-catalogue/hies_district,fresh,2026-10-04T11:16:32Z
district,Kedah,Kulim,incomeToExpenditureRatio,1.292,ratio,2024-01-01,https://data.gov.my/data-catalogue/hies_district,fresh,2026-10-04T11:16:32Z
district,Kedah,Kulim,poverty,8.5,%,2024-01-01,https://data.gov.my/data-catalogue/hies_district,fresh,2026-10-04T11:16:32Z
district,Kedah,Kulim,gini,0.349,coefficient,2024-01-01,https://data.gov.my/data-catalogue/hies_district,fresh,2026-10-04T11:16:32Z
district,Kedah,Kulim,unemploymentRate,1.9,%,2024-01-01,https://data.gov.my/data-catalogue/lfs_district,fresh,2026-10-04T11:16:32Z
district,Kedah,Kulim,participationRate,69.0,%,2024-01-01,https://data.gov.my/data-catalogue/lfs_district,fresh,2026-10-04T11:16:32Z
district,Kedah,Kulim,employmentPopulationRatio,67.7,%,2024-01-01,https://data.gov.my/data-catalogue/lfs_district,fresh,2026-10-04T11:16:32Z
district,Kedah,Kulim,labourForce,166.4,thousand persons,2024-01-01,https://data.gov.my/data-catalogue/lfs_district,fresh,2026-10-04T11:16:32Z
district,Kedah,Kulim,realGdp,10.659,RM billion (constant 2015 prices),2020-01-01,https://data.gov.my/data-catalogue/gdp_district_real_supply,fresh,2026-10-04T11:16:32Z
district,Kedah,Kulim,largestSector,Manufacturing,sector,2020-01-01,https://data.gov.my/data-catalogue/gdp_district_real_supply,fresh,2026-10-04T11:16:32Z
district,Kedah,Kulim,largestSectorShare,67.79,%,2020-01-01,https://data.gov.my/data-catalogue/gdp_district_real_supply,fresh,2026-10-04T11:16:32Z
district,Kedah,Kulim,sector.p3.value,7.226,RM billion (constant 2015 prices),2020-01-01,https://data.gov.my/data-catalogue/gdp_district_real_supply,fresh,2026-10-04T11:16:32Z
district,Kedah,Kulim,sector.p3.share,67.79,%,2020-01-01,https://data.gov.my/data-catalogue/gdp_district_real_supply,fresh,2026-10-04T11:16:32Z
district,Kedah,Kulim,sector.p5.value,2.928,RM billion (constant 2015 prices),2020-01-01,https://data.gov.my/data-catalogue/gdp_district_real_supply,fresh,2026-10-04T11:16:32Z
district,Kedah,Kulim,sector.p5.share,27.46,%,2020-01-01,https://data.gov.my/data-catalogue/gdp_district_real_supply,fresh,2026-10-04T11:16:32Z
district,Kedah,Kulim,sector.p1.value,0.266,RM billion (constant 2015 prices),2020-01-01,https://data.gov.my/data-catalogue/gdp_district_real_supply,fresh,2026-10-04T11:16:32Z
district,Kedah,Kulim,sector.p1.share,2.5,%,2020-01-01,https://data.gov.my/data-catalogue/gdp_district_real_supply,fresh,2026-10-04T11:16:32Z
district,Kedah,Kulim,sector.p4.value,0.135,RM billion (constant 2015 prices),2020-01-01,https://data.gov.my/data-catalogue/gdp_district_real_supply,fresh,2026-10-04T11:16:32Z
district,Kedah,Kulim,sector.p4.share,1.26,%,2020-01-01,https://data.gov.my/data-catalogue/gdp_district_real_supply,fresh,2026-10-04T11:16:32Z
district,Kedah,Langkawi,incomeMean,6278.0,RM per household per month,2024-01-01,https://data.gov.my/data-catalogue/hies_district,fresh,2026-10-04T11:16:32Z
district,Kedah,Langkawi,incomeMedian,5083.0,RM per household per month,2024-01-01,https://data.gov.my/data-catalogue/hies_district,fresh,2026-10-04T11:16:32Z
district,Kedah,Langkawi,expenditureMean,4356.0,RM per household per month,2024-01-01,https://data.gov.my/data-catalogue/hies_district,fresh,2026-10-04T11:16:32Z
district,Kedah,Langkawi,incomeMinusExpenditure,727.0,RM per household per month,2024-01-01,https://data.gov.my/data-catalogue/hies_district,fresh,2026-10-04T11:16:32Z
district,Kedah,Langkawi,incomeToExpenditureRatio,1.167,ratio,2024-01-01,https://data.gov.my/data-catalogue/hies_district,fresh,2026-10-04T11:16:32Z
district,Kedah,Langkawi,poverty,6.0,%,2024-01-01,https://data.gov.my/data-catalogue/hies_district,fresh,2026-10-04T11:16:32Z
district,Kedah,Langkawi,gini,0.335,coefficient,2024-01-01,https://data.gov.my/data-catalogue/hies_district,fresh,2026-10-04T11:16:32Z
district,Kedah,Langkawi,unemploymentRate,4.9,%,2024-01-01,https://data.gov.my/data-catalogue/lfs_district,fresh,2026-10-04T11:16:32Z
district,Kedah,Langkawi,participationRate,72.6,%,2024-01-01,https://data.gov.my/data-catalogue/lfs_district,fresh,2026-10-04T11:16:32Z
district,Kedah,Langkawi,employmentPopulationRatio,69.0,%,2024-01-01,https://data.gov.my/data-catalogue/lfs_district,fresh,2026-10-04T11:16:32Z
district,Kedah,Langkawi,labourForce,48.1,thousand persons,2024-01-01,https://data.gov.my/data-catalogue/lfs_district,fresh,2026-10-04T11:16:32Z
district,Kedah,Langkawi,realGdp,2.416,RM billion (constant 2015 prices),2020-01-01,https://data.gov.my/data-catalogue/gdp_district_real_supply,fresh,2026-10-04T11:16:32Z
district,Kedah,Langkawi,largestSector,Services,sector,2020-01-01,https://data.gov.my/data-catalogue/gdp_district_real_supply,fresh,2026-10-04T11:16:32Z
district,Kedah,Langkawi,largestSectorShare,79.69,%,2020-01-01,https://data.gov.my/data-catalogue/gdp_district_real_supply,fresh,2026-10-04T11:16:32Z
district,Kedah,Langkawi,sector.p5.value,1.925,RM billion (constant 2015 prices),2020-01-01,https://data.gov.my/data-catalogue/gdp_district_real_supply,fresh,2026-10-04T11:16:32Z
district,Kedah,Langkawi,sector.p5.share,79.69,%,2020-01-01,https://data.gov.my/data-catalogue/gdp_district_real_supply,fresh,2026-10-04T11:16:32Z
district,Kedah,Langkawi,sector.p4.value,0.255,RM billion (constant 2015 prices),2020-01-01,https://data.gov.my/data-catalogue/gdp_district_real_supply,fresh,2026-10-04T11:16:32Z
district,Kedah,Langkawi,sector.p4.share,10.54,%,2020-01-01,https://data.gov.my/data-catalogue/gdp_district_real_supply,fresh,2026-10-04T11:16:32Z
district,Kedah,Langkawi,sector.p1.value,0.154,RM billion (constant 2015 prices),2020-01-01,https://data.gov.my/data-catalogue/gdp_district_real_supply,fresh,2026-10-04T11:16:32Z
district,Kedah,Langkawi,sector.p1.share,6.36,%,2020-01-01,https://data.gov.my/data-catalogue/gdp_district_real_supply,fresh,2026-10-04T11:16:32Z
district,Kedah,Langkawi,sector.p3.value,0.068,RM billion (constant 2015 prices),2020-01-01,https://data.gov.my/data-catalogue/gdp_district_real_supply,fresh,2026-10-04T11:16:32Z
district,Kedah,Langkawi,sector.p3.share,2.8,%,2020-01-01,https://data.gov.my/data-catalogue/gdp_district_real_supply,fresh,2026-10-04T11:16:32Z
district,Kedah,Langkawi,sector.p2.value,0.009,RM billion (constant 2015 prices),2020-01-01,https://data.gov.my/data-catalogue/gdp_district_real_supply,fresh,2026-10-04T11:16:32Z
district,Kedah,Langkawi,sector.p2.share,0.39,%,2020-01-01,https://data.gov.my/data-catalogue/gdp_district_real_supply,fresh,2026-10-04T11:16:32Z
district,Kedah,Padang Terap,incomeMean,5062.0,RM per household per month,2024-01-01,https://data.gov.my/data-catalogue/hies_district,fresh,2026-10-04T11:16:32Z
district,Kedah,Padang Terap,incomeMedian,3954.0,RM per household per month,2024-01-01,https://data.gov.my/data-catalogue/hies_district,fresh,2026-10-04T11:16:32Z
district,Kedah,Padang Terap,expenditureMean,3872.0,RM per household per month,2024-01-01,https://data.gov.my/data-catalogue/hies_district,fresh,2026-10-04T11:16:32Z
district,Kedah,Padang Terap,incomeMinusExpenditure,82.0,RM per household per month,2024-01-01,https://data.gov.my/data-catalogue/hies_district,fresh,2026-10-04T11:16:32Z
district,Kedah,Padang Terap,incomeToExpenditureRatio,1.021,ratio,2024-01-01,https://data.gov.my/data-catalogue/hies_district,fresh,2026-10-04T11:16:32Z
district,Kedah,Padang Terap,poverty,8.0,%,2024-01-01,https://data.gov.my/data-catalogue/hies_district,fresh,2026-10-04T11:16:32Z
district,Kedah,Padang Terap,gini,0.292,coefficient,2024-01-01,https://data.gov.my/data-catalogue/hies_district,fresh,2026-10-04T11:16:32Z
district,Kedah,Padang Terap,unemploymentRate,2.5,%,2024-01-01,https://data.gov.my/data-catalogue/lfs_district,fresh,2026-10-04T11:16:32Z
district,Kedah,Padang Terap,participationRate,70.3,%,2024-01-01,https://data.gov.my/data-catalogue/lfs_district,fresh,2026-10-04T11:16:32Z
district,Kedah,Padang Terap,employmentPopulationRatio,68.5,%,2024-01-01,https://data.gov.my/data-catalogue/lfs_district,fresh,2026-10-04T11:16:32Z
district,Kedah,Padang Terap,labourForce,31.3,thousand persons,2024-01-01,https://data.gov.my/data-catalogue/lfs_district,fresh,2026-10-04T11:16:32Z
district,Kedah,Padang Terap,realGdp,0.868,RM billion (constant 2015 prices),2020-01-01,https://data.gov.my/data-catalogue/gdp_district_real_supply,fresh,2026-10-04T11:16:32Z
district,Kedah,Padang Terap,largestSector,Services,sector,2020-01-01,https://data.gov.my/data-catalogue/gdp_district_real_supply,fresh,2026-10-04T11:16:32Z
district,Kedah,Padang Terap,largestSectorShare,54.04,%,2020-01-01,https://data.gov.my/data-catalogue/gdp_district_real_supply,fresh,2026-10-04T11:16:32Z
district,Kedah,Padang Terap,sector.p5.value,0.469,RM billion (constant 2015 prices),2020-01-01,https://data.gov.my/data-catalogue/gdp_district_real_supply,fresh,2026-10-04T11:16:32Z
district,Kedah,Padang Terap,sector.p5.share,54.04,%,2020-01-01,https://data.gov.my/data-catalogue/gdp_district_real_supply,fresh,2026-10-04T11:16:32Z
district,Kedah,Padang Terap,sector.p1.value,0.327,RM billion (constant 2015 prices),2020-01-01,https://data.gov.my/data-catalogue/gdp_district_real_supply,fresh,2026-10-04T11:16:32Z
district,Kedah,Padang Terap,sector.p1.share,37.72,%,2020-01-01,https://data.gov.my/data-catalogue/gdp_district_real_supply,fresh,2026-10-04T11:16:32Z
district,Kedah,Padang Terap,sector.p3.value,0.06,RM billion (constant 2015 prices),2020-01-01,https://data.gov.my/data-catalogue/gdp_district_real_supply,fresh,2026-10-04T11:16:32Z
district,Kedah,Padang Terap,sector.p3.share,6.88,%,2020-01-01,https://data.gov.my/data-catalogue/gdp_district_real_supply,fresh,2026-10-04T11:16:32Z
district,Kedah,Padang Terap,sector.p2.value,0.006,RM billion (constant 2015 prices),2020-01-01,https://data.gov.my/data-catalogue/gdp_district_real_supply,fresh,2026-10-04T11:16:32Z
district,Kedah,Padang Terap,sector.p2.share,0.74,%,2020-01-01,https://data.gov.my/data-catalogue/gdp_district_real_supply,fresh,2026-10-04T11:16:32Z
district,Kedah,Pendang,incomeMean,5464.0,RM per household per month,2024-01-01,https://data.gov.my/data-catalogue/hies_district,fresh,2026-10-04T11:16:32Z
district,Kedah,Pendang,incomeMedian,4592.0,RM per household per month,2024-01-01,https://data.gov.my/data-catalogue/hies_district,fresh,2026-10-04T11:16:32Z
district,Kedah,Pendang,expenditureMean,3914.0,RM per household per month,2024-01-01,https://data.gov.my/data-catalogue/hies_district,fresh,2026-10-04T11:16:32Z
district,Kedah,Pendang,incomeMinusExpenditure,678.0,RM per household per month,2024-01-01,https://data.gov.my/data-catalogue/hies_district,fresh,2026-10-04T11:16:32Z
district,Kedah,Pendang,incomeToExpenditureRatio,1.173,ratio,2024-01-01,https://data.gov.my/data-catalogue/hies_district,fresh,2026-10-04T11:16:32Z
district,Kedah,Pendang,poverty,7.3,%,2024-01-01,https://data.gov.my/data-catalogue/hies_district,fresh,2026-10-04T11:16:32Z
district,Kedah,Pendang,gini,0.347,coefficient,2024-01-01,https://data.gov.my/data-catalogue/hies_district,fresh,2026-10-04T11:16:32Z
district,Kedah,Pendang,unemploymentRate,3.5,%,2024-01-01,https://data.gov.my/data-catalogue/lfs_district,fresh,2026-10-04T11:16:32Z
district,Kedah,Pendang,participationRate,66.9,%,2024-01-01,https://data.gov.my/data-catalogue/lfs_district,fresh,2026-10-04T11:16:32Z
district,Kedah,Pendang,employmentPopulationRatio,64.6,%,2024-01-01,https://data.gov.my/data-catalogue/lfs_district,fresh,2026-10-04T11:16:32Z
district,Kedah,Pendang,labourForce,44.6,thousand persons,2024-01-01,https://data.gov.my/data-catalogue/lfs_district,fresh,2026-10-04T11:16:32Z
district,Kedah,Pendang,realGdp,1.26,RM billion (constant 2015 prices),2020-01-01,https://data.gov.my/data-catalogue/gdp_district_real_supply,fresh,2026-10-04T11:16:32Z
district,Kedah,Pendang,largestSector,Services,sector,2020-01-01,https://data.gov.my/data-catalogue/gdp_district_real_supply,fresh,2026-10-04T11:16:32Z
district,Kedah,Pendang,largestSectorShare,56.65,%,2020-01-01,https://data.gov.my/data-catalogue/gdp_district_real_supply,fresh,2026-10-04T11:16:32Z
district,Kedah,Pendang,sector.p5.value,0.714,RM billion (constant 2015 prices),2020-01-01,https://data.gov.my/data-catalogue/gdp_district_real_supply,fresh,2026-10-04T11:16:32Z
district,Kedah,Pendang,sector.p5.share,56.65,%,2020-01-01,https://data.gov.my/data-catalogue/gdp_district_real_supply,fresh,2026-10-04T11:16:32Z
district,Kedah,Pendang,sector.p1.value,0.481,RM billion (constant 2015 prices),2020-01-01,https://data.gov.my/data-catalogue/gdp_district_real_supply,fresh,2026-10-04T11:16:32Z
district,Kedah,Pendang,sector.p1.share,38.15,%,2020-01-01,https://data.gov.my/data-catalogue/gdp_district_real_supply,fresh,2026-10-04T11:16:32Z
district,Kedah,Pendang,sector.p2.value,0.041,RM billion (constant 2015 prices),2020-01-01,https://data.gov.my/data-catalogue/gdp_district_real_supply,fresh,2026-10-04T11:16:32Z
district,Kedah,Pendang,sector.p2.share,3.29,%,2020-01-01,https://data.gov.my/data-catalogue/gdp_district_real_supply,fresh,2026-10-04T11:16:32Z
district,Kedah,Pendang,sector.p3.value,0.018,RM billion (constant 2015 prices),2020-01-01,https://data.gov.my/data-catalogue/gdp_district_real_supply,fresh,2026-10-04T11:16:32Z
district,Kedah,Pendang,sector.p3.share,1.39,%,2020-01-01,https://data.gov.my/data-catalogue/gdp_district_real_supply,fresh,2026-10-04T11:16:32Z
district,Kedah,Pokok Sena,incomeMean,5736.0,RM per household per month,2024-01-01,https://data.gov.my/data-catalogue/hies_district,fresh,2026-10-04T11:16:32Z
district,Kedah,Pokok Sena,incomeMedian,5163.0,RM per household per month,2024-01-01,https://data.gov.my/data-catalogue/hies_district,fresh,2026-10-04T11:16:32Z
district,Kedah,Pokok Sena,expenditureMean,4257.0,RM per household per month,2024-01-01,https://data.gov.my/data-catalogue/hies_district,fresh,2026-10-04T11:16:32Z
district,Kedah,Pokok Sena,incomeMinusExpenditure,906.0,RM per household per month,2024-01-01,https://data.gov.my/data-catalogue/hies_district,fresh,2026-10-04T11:16:32Z
district,Kedah,Pokok Sena,incomeToExpenditureRatio,1.213,ratio,2024-01-01,https://data.gov.my/data-catalogue/hies_district,fresh,2026-10-04T11:16:32Z
district,Kedah,Pokok Sena,poverty,7.2,%,2024-01-01,https://data.gov.my/data-catalogue/hies_district,fresh,2026-10-04T11:16:32Z
district,Kedah,Pokok Sena,gini,0.27,coefficient,2024-01-01,https://data.gov.my/data-catalogue/hies_district,fresh,2026-10-04T11:16:32Z
district,Kedah,Pokok Sena,unemploymentRate,2.5,%,2024-01-01,https://data.gov.my/data-catalogue/lfs_district,fresh,2026-10-04T11:16:32Z
district,Kedah,Pokok Sena,participationRate,69.4,%,2024-01-01,https://data.gov.my/data-catalogue/lfs_district,fresh,2026-10-04T11:16:32Z
district,Kedah,Pokok Sena,employmentPopulationRatio,67.8,%,2024-01-01,https://data.gov.my/data-catalogue/lfs_district,fresh,2026-10-04T11:16:32Z
district,Kedah,Pokok Sena,labourForce,23.5,thousand persons,2024-01-01,https://data.gov.my/data-catalogue/lfs_district,fresh,2026-10-04T11:16:32Z
district,Kedah,Pokok Sena,realGdp,1.503,RM billion (constant 2015 prices),2020-01-01,https://data.gov.my/data-catalogue/gdp_district_real_supply,fresh,2026-10-04T11:16:32Z
district,Kedah,Pokok Sena,largestSector,Agriculture,sector,2020-01-01,https://data.gov.my/data-catalogue/gdp_district_real_supply,fresh,2026-10-04T11:16:32Z
district,Kedah,Pokok Sena,largestSectorShare,63.32,%,2020-01-01,https://data.gov.my/data-catalogue/gdp_district_real_supply,fresh,2026-10-04T11:16:32Z
district,Kedah,Pokok Sena,sector.p1.value,0.952,RM billion (constant 2015 prices),2020-01-01,https://data.gov.my/data-catalogue/gdp_district_real_supply,fresh,2026-10-04T11:16:32Z
district,Kedah,Pokok Sena,sector.p1.share,63.32,%,2020-01-01,https://data.gov.my/data-catalogue/gdp_district_real_supply,fresh,2026-10-04T11:16:32Z
district,Kedah,Pokok Sena,sector.p5.value,0.443,RM billion (constant 2015 prices),2020-01-01,https://data.gov.my/data-catalogue/gdp_district_real_supply,fresh,2026-10-04T11:16:32Z
district,Kedah,Pokok Sena,sector.p5.share,29.47,%,2020-01-01,https://data.gov.my/data-catalogue/gdp_district_real_supply,fresh,2026-10-04T11:16:32Z
district,Kedah,Pokok Sena,sector.p3.value,0.091,RM billion (constant 2015 prices),2020-01-01,https://data.gov.my/data-catalogue/gdp_district_real_supply,fresh,2026-10-04T11:16:32Z
district,Kedah,Pokok Sena,sector.p3.share,6.06,%,2020-01-01,https://data.gov.my/data-catalogue/gdp_district_real_supply,fresh,2026-10-04T11:16:32Z
district,Kedah,Pokok Sena,sector.p4.value,0.015,RM billion (constant 2015 prices),2020-01-01,https://data.gov.my/data-catalogue/gdp_district_real_supply,fresh,2026-10-04T11:16:32Z
district,Kedah,Pokok Sena,sector.p4.share,0.97,%,2020-01-01,https://data.gov.my/data-catalogue/gdp_district_real_supply,fresh,2026-10-04T11:16:32Z
district,Kedah,Pokok Sena,sector.p2.value,0.0,RM billion (constant 2015 prices),2020-01-01,https://data.gov.my/data-catalogue/gdp_district_real_supply,fresh,2026-10-04T11:16:32Z
district,Kedah,Pokok Sena,sector.p2.share,0.0,%,2020-01-01,https://data.gov.my/data-catalogue/gdp_district_real_supply,fresh,2026-10-04T11:16:32Z
district,Kedah,Sik,incomeMean,5107.0,RM per household per month,2024-01-01,https://data.gov.my/data-catalogue/hies_district,fresh,2026-10-04T11:16:32Z
district,Kedah,Sik,incomeMedian,4438.0,RM per household per month,2024-01-01,https://data.gov.my/data-catalogue/hies_district,fresh,2026-10-04T11:16:32Z
district,Kedah,Sik,expenditureMean,3675.0,RM per household per month,2024-01-01,https://data.gov.my/data-catalogue/hies_district,fresh,2026-10-04T11:16:32Z
district,Kedah,Sik,incomeMinusExpenditure,763.0,RM per household per month,2024-01-01,https://data.gov.my/data-catalogue/hies_district,fresh,2026-10-04T11:16:32Z
district,Kedah,Sik,incomeToExpenditureRatio,1.208,ratio,2024-01-01,https://data.gov.my/data-catalogue/hies_district,fresh,2026-10-04T11:16:32Z
district,Kedah,Sik,poverty,8.7,%,2024-01-01,https://data.gov.my/data-catalogue/hies_district,fresh,2026-10-04T11:16:32Z
district,Kedah,Sik,gini,0.325,coefficient,2024-01-01,https://data.gov.my/data-catalogue/hies_district,fresh,2026-10-04T11:16:32Z
district,Kedah,Sik,unemploymentRate,2.0,%,2024-01-01,https://data.gov.my/data-catalogue/lfs_district,fresh,2026-10-04T11:16:32Z
district,Kedah,Sik,participationRate,64.0,%,2024-01-01,https://data.gov.my/data-catalogue/lfs_district,fresh,2026-10-04T11:16:32Z
district,Kedah,Sik,employmentPopulationRatio,62.7,%,2024-01-01,https://data.gov.my/data-catalogue/lfs_district,fresh,2026-10-04T11:16:32Z
district,Kedah,Sik,labourForce,29.4,thousand persons,2024-01-01,https://data.gov.my/data-catalogue/lfs_district,fresh,2026-10-04T11:16:32Z
district,Kedah,Sik,realGdp,0.561,RM billion (constant 2015 prices),2020-01-01,https://data.gov.my/data-catalogue/gdp_district_real_supply,fresh,2026-10-04T11:16:32Z
district,Kedah,Sik,largestSector,Services,sector,2020-01-01,https://data.gov.my/data-catalogue/gdp_district_real_supply,fresh,2026-10-04T11:16:32Z
district,Kedah,Sik,largestSectorShare,68.82,%,2020-01-01,https://data.gov.my/data-catalogue/gdp_district_real_supply,fresh,2026-10-04T11:16:32Z
district,Kedah,Sik,sector.p5.value,0.386,RM billion (constant 2015 prices),2020-01-01,https://data.gov.my/data-catalogue/gdp_district_real_supply,fresh,2026-10-04T11:16:32Z
district,Kedah,Sik,sector.p5.share,68.82,%,2020-01-01,https://data.gov.my/data-catalogue/gdp_district_real_supply,fresh,2026-10-04T11:16:32Z
district,Kedah,Sik,sector.p1.value,0.126,RM billion (constant 2015 prices),2020-01-01,https://data.gov.my/data-catalogue/gdp_district_real_supply,fresh,2026-10-04T11:16:32Z
district,Kedah,Sik,sector.p1.share,22.43,%,2020-01-01,https://data.gov.my/data-catalogue/gdp_district_real_supply,fresh,2026-10-04T11:16:32Z
district,Kedah,Sik,sector.p3.value,0.046,RM billion (constant 2015 prices),2020-01-01,https://data.gov.my/data-catalogue/gdp_district_real_supply,fresh,2026-10-04T11:16:32Z
district,Kedah,Sik,sector.p3.share,8.2,%,2020-01-01,https://data.gov.my/data-catalogue/gdp_district_real_supply,fresh,2026-10-04T11:16:32Z
district,Kedah,Sik,sector.p2.value,0.0,RM billion (constant 2015 prices),2020-01-01,https://data.gov.my/data-catalogue/gdp_district_real_supply,fresh,2026-10-04T11:16:32Z
district,Kedah,Sik,sector.p2.share,0.0,%,2020-01-01,https://data.gov.my/data-catalogue/gdp_district_real_supply,fresh,2026-10-04T11:16:32Z
district,Kedah,Yan,incomeMean,5272.0,RM per household per month,2024-01-01,https://data.gov.my/data-catalogue/hies_district,fresh,2026-10-04T11:16:32Z
district,Kedah,Yan,incomeMedian,4695.0,RM per household per month,2024-01-01,https://data.gov.my/data-catalogue/hies_district,fresh,2026-10-04T11:16:32Z
district,Kedah,Yan,expenditureMean,3859.0,RM per household per month,2024-01-01,https://data.gov.my/data-catalogue/hies_district,fresh,2026-10-04T11:16:32Z
district,Kedah,Yan,incomeMinusExpenditure,836.0,RM per household per month,2024-01-01,https://data.gov.my/data-catalogue/hies_district,fresh,2026-10-04T11:16:32Z
district,Kedah,Yan,incomeToExpenditureRatio,1.217,ratio,2024-01-01,https://data.gov.my/data-catalogue/hies_district,fresh,2026-10-04T11:16:32Z
district,Kedah,Yan,poverty,7.4,%,2024-01-01,https://data.gov.my/data-catalogue/hies_district,fresh,2026-10-04T11:16:32Z
district,Kedah,Yan,gini,0.293,coefficient,2024-01-01,https://data.gov.my/data-catalogue/hies_district,fresh,2026-10-04T11:16:32Z
district,Kedah,Yan,unemploymentRate,1.9,%,2024-01-01,https://data.gov.my/data-catalogue/lfs_district,fresh,2026-10-04T11:16:32Z
district,Kedah,Yan,participationRate,63.0,%,2024-01-01,https://data.gov.my/data-catalogue/lfs_district,fresh,2026-10-04T11:16:32Z
district,Kedah,Yan,employmentPopulationRatio,61.8,%,2024-01-01,https://data.gov.my/data-catalogue/lfs_district,fresh,2026-10-04T11:16:32Z
district,Kedah,Yan,labourForce,31.4,thousand persons,2024-01-01,https://data.gov.my/data-catalogue/lfs_district,fresh,2026-10-04T11:16:32Z
district,Kedah,Yan,realGdp,0.731,RM billion (constant 2015 prices),2020-01-01,https://data.gov.my/data-catalogue/gdp_district_real_supply,fresh,2026-10-04T11:16:32Z
district,Kedah,Yan,largestSector,Services,sector,2020-01-01,https://data.gov.my/data-catalogue/gdp_district_real_supply,fresh,2026-10-04T11:16:32Z
district,Kedah,Yan,largestSectorShare,74.98,%,2020-01-01,https://data.gov.my/data-catalogue/gdp_district_real_supply,fresh,2026-10-04T11:16:32Z
district,Kedah,Yan,sector.p5.value,0.548,RM billion (constant 2015 prices),2020-01-01,https://data.gov.my/data-catalogue/gdp_district_real_supply,fresh,2026-10-04T11:16:32Z
district,Kedah,Yan,sector.p5.share,74.98,%,2020-01-01,https://data.gov.my/data-catalogue/gdp_district_real_supply,fresh,2026-10-04T11:16:32Z
district,Kedah,Yan,sector.p1.value,0.134,RM billion (constant 2015 prices),2020-01-01,https://data.gov.my/data-catalogue/gdp_district_real_supply,fresh,2026-10-04T11:16:32Z
district,Kedah,Yan,sector.p1.share,18.32,%,2020-01-01,https://data.gov.my/data-catalogue/gdp_district_real_supply,fresh,2026-10-04T11:16:32Z
district,Kedah,Yan,sector.p3.value,0.04,RM billion (constant 2015 prices),2020-01-01,https://data.gov.my/data-catalogue/gdp_district_real_supply,fresh,2026-10-04T11:16:32Z
district,Kedah,Yan,sector.p3.share,5.42,%,2020-01-01,https://data.gov.my/data-catalogue/gdp_district_real_supply,fresh,2026-10-04T11:16:32Z
district,Kedah,Yan,sector.p4.value,0.007,RM billion (constant 2015 prices),2020-01-01,https://data.gov.my/data-catalogue/gdp_district_real_supply,fresh,2026-10-04T11:16:32Z
district,Kedah,Yan,sector.p4.share,0.96,%,2020-01-01,https://data.gov.my/data-catalogue/gdp_district_real_supply,fresh,2026-10-04T11:16:32Z
district,Kedah,Yan,sector.p2.value,0.0,RM billion (constant 2015 prices),2020-01-01,https://data.gov.my/data-catalogue/gdp_district_real_supply,fresh,2026-10-04T11:16:32Z
district,Kedah,Yan,sector.p2.share,0.0,%,2020-01-01,https://data.gov.my/data-catalogue/gdp_district_real_supply,fresh,2026-10-04T11:16:32Z
district,Kelantan,Bachok,incomeMean,5149.0,RM per household per month,2024-01-01,https://data.gov.my/data-catalogue/hies_district,fresh,2026-10-04T11:16:32Z
district,Kelantan,Bachok,incomeMedian,4187.0,RM per household per month,2024-01-01,https://data.gov.my/data-catalogue/hies_district,fresh,2026-10-04T11:16:32Z
district,Kelantan,Bachok,expenditureMean,3579.0,RM per household per month,2024-01-01,https://data.gov.my/data-catalogue/hies_district,fresh,2026-10-04T11:16:32Z
district,Kelantan,Bachok,incomeMinusExpenditure,608.0,RM per household per month,2024-01-01,https://data.gov.my/data-catalogue/hies_district,fresh,2026-10-04T11:16:32Z
district,Kelantan,Bachok,incomeToExpenditureRatio,1.17,ratio,2024-01-01,https://data.gov.my/data-catalogue/hies_district,fresh,2026-10-04T11:16:32Z
district,Kelantan,Bachok,poverty,11.3,%,2024-01-01,https://data.gov.my/data-catalogue/hies_district,fresh,2026-10-04T11:16:32Z
district,Kelantan,Bachok,gini,0.349,coefficient,2024-01-01,https://data.gov.my/data-catalogue/hies_district,fresh,2026-10-04T11:16:32Z
district,Kelantan,Bachok,unemploymentRate,3.2,%,2024-01-01,https://data.gov.my/data-catalogue/lfs_district,fresh,2026-10-04T11:16:32Z
district,Kelantan,Bachok,participationRate,54.8,%,2024-01-01,https://data.gov.my/data-catalogue/lfs_district,fresh,2026-10-04T11:16:32Z
district,Kelantan,Bachok,employmentPopulationRatio,53.1,%,2024-01-01,https://data.gov.my/data-catalogue/lfs_district,fresh,2026-10-04T11:16:32Z
district,Kelantan,Bachok,labourForce,60.6,thousand persons,2024-01-01,https://data.gov.my/data-catalogue/lfs_district,fresh,2026-10-04T11:16:32Z
district,Kelantan,Bachok,realGdp,1.852,RM billion (constant 2015 prices),2020-01-01,https://data.gov.my/data-catalogue/gdp_district_real_supply,fresh,2026-10-04T11:16:32Z
district,Kelantan,Bachok,largestSector,Agriculture,sector,2020-01-01,https://data.gov.my/data-catalogue/gdp_district_real_supply,fresh,2026-10-04T11:16:32Z
district,Kelantan,Bachok,largestSectorShare,51.59,%,2020-01-01,https://data.gov.my/data-catalogue/gdp_district_real_supply,fresh,2026-10-04T11:16:32Z
district,Kelantan,Bachok,sector.p1.value,0.955,RM billion (constant 2015 prices),2020-01-01,https://data.gov.my/data-catalogue/gdp_district_real_supply,fresh,2026-10-04T11:16:32Z
district,Kelantan,Bachok,sector.p1.share,51.59,%,2020-01-01,https://data.gov.my/data-catalogue/gdp_district_real_supply,fresh,2026-10-04T11:16:32Z
district,Kelantan,Bachok,sector.p5.value,0.872,RM billion (constant 2015 prices),2020-01-01,https://data.gov.my/data-catalogue/gdp_district_real_supply,fresh,2026-10-04T11:16:32Z
district,Kelantan,Bachok,sector.p5.share,47.12,%,2020-01-01,https://data.gov.my/data-catalogue/gdp_district_real_supply,fresh,2026-10-04T11:16:32Z
district,Kelantan,Bachok,sector.p3.value,0.01,RM billion (constant 2015 prices),2020-01-01,https://data.gov.my/data-catalogue/gdp_district_real_supply,fresh,2026-10-04T11:16:32Z
district,Kelantan,Bachok,sector.p3.share,0.56,%,2020-01-01,https://data.gov.my/data-catalogue/gdp_district_real_supply,fresh,2026-10-04T11:16:32Z
district,Kelantan,Bachok,sector.p4.value,0.007,RM billion (constant 2015 prices),2020-01-01,https://data.gov.my/data-catalogue/gdp_district_real_supply,fresh,2026-10-04T11:16:32Z
district,Kelantan,Bachok,sector.p4.share,0.36,%,2020-01-01,https://data.gov.my/data-catalogue/gdp_district_real_supply,fresh,2026-10-04T11:16:32Z
district,Kelantan,Bachok,sector.p2.value,0.006,RM billion (constant 2015 prices),2020-01-01,https://data.gov.my/data-catalogue/gdp_district_real_supply,fresh,2026-10-04T11:16:32Z
district,Kelantan,Bachok,sector.p2.share,0.34,%,2020-01-01,https://data.gov.my/data-catalogue/gdp_district_real_supply,fresh,2026-10-04T11:16:32Z
district,Kelantan,Gua Musang,incomeMean,4684.0,RM per household per month,2024-01-01,https://data.gov.my/data-catalogue/hies_district,fresh,2026-10-04T11:16:32Z
district,Kelantan,Gua Musang,incomeMedian,3871.0,RM per household per month,2024-01-01,https://data.gov.my/data-catalogue/hies_district,fresh,2026-10-04T11:16:32Z
district,Kelantan,Gua Musang,expenditureMean,3726.0,RM per household per month,2024-01-01,https://data.gov.my/data-catalogue/hies_district,fresh,2026-10-04T11:16:32Z
district,Kelantan,Gua Musang,incomeMinusExpenditure,145.0,RM per household per month,2024-01-01,https://data.gov.my/data-catalogue/hies_district,fresh,2026-10-04T11:16:32Z
district,Kelantan,Gua Musang,incomeToExpenditureRatio,1.039,ratio,2024-01-01,https://data.gov.my/data-catalogue/hies_district,fresh,2026-10-04T11:16:32Z
district,Kelantan,Gua Musang,poverty,16.3,%,2024-01-01,https://data.gov.my/data-catalogue/hies_district,fresh,2026-10-04T11:16:32Z
district,Kelantan,Gua Musang,gini,0.302,coefficient,2024-01-01,https://data.gov.my/data-catalogue/hies_district,fresh,2026-10-04T11:16:32Z
district,Kelantan,Gua Musang,unemploymentRate,3.3,%,2024-01-01,https://data.gov.my/data-catalogue/lfs_district,fresh,2026-10-04T11:16:32Z
district,Kelantan,Gua Musang,participationRate,51.3,%,2024-01-01,https://data.gov.my/data-catalogue/lfs_district,fresh,2026-10-04T11:16:32Z
district,Kelantan,Gua Musang,employmentPopulationRatio,49.6,%,2024-01-01,https://data.gov.my/data-catalogue/lfs_district,fresh,2026-10-04T11:16:32Z
district,Kelantan,Gua Musang,labourForce,35.1,thousand persons,2024-01-01,https://data.gov.my/data-catalogue/lfs_district,fresh,2026-10-04T11:16:32Z
district,Kelantan,Gua Musang,realGdp,1.629,RM billion (constant 2015 prices),2020-01-01,https://data.gov.my/data-catalogue/gdp_district_real_supply,fresh,2026-10-04T11:16:32Z
district,Kelantan,Gua Musang,largestSector,Agriculture,sector,2020-01-01,https://data.gov.my/data-catalogue/gdp_district_real_supply,fresh,2026-10-04T11:16:32Z
district,Kelantan,Gua Musang,largestSectorShare,49.28,%,2020-01-01,https://data.gov.my/data-catalogue/gdp_district_real_supply,fresh,2026-10-04T11:16:32Z
district,Kelantan,Gua Musang,sector.p1.value,0.803,RM billion (constant 2015 prices),2020-01-01,https://data.gov.my/data-catalogue/gdp_district_real_supply,fresh,2026-10-04T11:16:32Z
district,Kelantan,Gua Musang,sector.p1.share,49.28,%,2020-01-01,https://data.gov.my/data-catalogue/gdp_district_real_supply,fresh,2026-10-04T11:16:32Z
district,Kelantan,Gua Musang,sector.p5.value,0.62,RM billion (constant 2015 prices),2020-01-01,https://data.gov.my/data-catalogue/gdp_district_real_supply,fresh,2026-10-04T11:16:32Z
district,Kelantan,Gua Musang,sector.p5.share,38.04,%,2020-01-01,https://data.gov.my/data-catalogue/gdp_district_real_supply,fresh,2026-10-04T11:16:32Z
district,Kelantan,Gua Musang,sector.p3.value,0.148,RM billion (constant 2015 prices),2020-01-01,https://data.gov.my/data-catalogue/gdp_district_real_supply,fresh,2026-10-04T11:16:32Z
district,Kelantan,Gua Musang,sector.p3.share,9.07,%,2020-01-01,https://data.gov.my/data-catalogue/gdp_district_real_supply,fresh,2026-10-04T11:16:32Z
district,Kelantan,Gua Musang,sector.p2.value,0.037,RM billion (constant 2015 prices),2020-01-01,https://data.gov.my/data-catalogue/gdp_district_real_supply,fresh,2026-10-04T11:16:32Z
district,Kelantan,Gua Musang,sector.p2.share,2.26,%,2020-01-01,https://data.gov.my/data-catalogue/gdp_district_real_supply,fresh,2026-10-04T11:16:32Z
district,Kelantan,Gua Musang,sector.p4.value,0.021,RM billion (constant 2015 prices),2020-01-01,https://data.gov.my/data-catalogue/gdp_district_real_supply,fresh,2026-10-04T11:16:32Z
district,Kelantan,Gua Musang,sector.p4.share,1.27,%,2020-01-01,https://data.gov.my/data-catalogue/gdp_district_real_supply,fresh,2026-10-04T11:16:32Z
district,Kelantan,Jeli,incomeMean,3829.0,RM per household per month,2024-01-01,https://data.gov.my/data-catalogue/hies_district,fresh,2026-10-04T11:16:32Z
district,Kelantan,Jeli,incomeMedian,3008.0,RM per household per month,2024-01-01,https://data.gov.my/data-catalogue/hies_district,fresh,2026-10-04T11:16:32Z
district,Kelantan,Jeli,expenditureMean,3062.0,RM per household per month,2024-01-01,https://data.gov.my/data-catalogue/hies_district,fresh,2026-10-04T11:16:32Z
district,Kelantan,Jeli,incomeMinusExpenditure,-54.0,RM per household per month,2024-01-01,https://data.gov.my/data-catalogue/hies_district,fresh,2026-10-04T11:16:32Z
district,Kelantan,Jeli,incomeToExpenditureRatio,0.982,ratio,2024-01-01,https://data.gov.my/data-catalogue/hies_district,fresh,2026-10-04T11:16:32Z
district,Kelantan,Jeli,poverty,10.1,%,2024-01-01,https://data.gov.my/data-catalogue/hies_district,fresh,2026-10-04T11:16:32Z
district,Kelantan,Jeli,gini,0.315,coefficient,2024-01-01,https://data.gov.my/data-catalogue/hies_district,fresh,2026-10-04T11:16:32Z
district,Kelantan,Jeli,unemploymentRate,2.3,%,2024-01-01,https://data.gov.my/data-catalogue/lfs_district,fresh,2026-10-04T11:16:32Z
district,Kelantan,Jeli,participationRate,55.7,%,2024-01-01,https://data.gov.my/data-catalogue/lfs_district,fresh,2026-10-04T11:16:32Z
district,Kelantan,Jeli,employmentPopulationRatio,54.5,%,2024-01-01,https://data.gov.my/data-catalogue/lfs_district,fresh,2026-10-04T11:16:32Z
district,Kelantan,Jeli,labourForce,22.5,thousand persons,2024-01-01,https://data.gov.my/data-catalogue/lfs_district,fresh,2026-10-04T11:16:32Z
district,Kelantan,Jeli,realGdp,0.676,RM billion (constant 2015 prices),2020-01-01,https://data.gov.my/data-catalogue/gdp_district_real_supply,fresh,2026-10-04T11:16:32Z
district,Kelantan,Jeli,largestSector,Agriculture,sector,2020-01-01,https://data.gov.my/data-catalogue/gdp_district_real_supply,fresh,2026-10-04T11:16:32Z
district,Kelantan,Jeli,largestSectorShare,53.21,%,2020-01-01,https://data.gov.my/data-catalogue/gdp_district_real_supply,fresh,2026-10-04T11:16:32Z
district,Kelantan,Jeli,sector.p1.value,0.36,RM billion (constant 2015 prices),2020-01-01,https://data.gov.my/data-catalogue/gdp_district_real_supply,fresh,2026-10-04T11:16:32Z
district,Kelantan,Jeli,sector.p1.share,53.21,%,2020-01-01,https://data.gov.my/data-catalogue/gdp_district_real_supply,fresh,2026-10-04T11:16:32Z
district,Kelantan,Jeli,sector.p5.value,0.284,RM billion (constant 2015 prices),2020-01-01,https://data.gov.my/data-catalogue/gdp_district_real_supply,fresh,2026-10-04T11:16:32Z
district,Kelantan,Jeli,sector.p5.share,42.07,%,2020-01-01,https://data.gov.my/data-catalogue/gdp_district_real_supply,fresh,2026-10-04T11:16:32Z
district,Kelantan,Jeli,sector.p3.value,0.017,RM billion (constant 2015 prices),2020-01-01,https://data.gov.my/data-catalogue/gdp_district_real_supply,fresh,2026-10-04T11:16:32Z
district,Kelantan,Jeli,sector.p3.share,2.51,%,2020-01-01,https://data.gov.my/data-catalogue/gdp_district_real_supply,fresh,2026-10-04T11:16:32Z
district,Kelantan,Jeli,sector.p4.value,0.014,RM billion (constant 2015 prices),2020-01-01,https://data.gov.my/data-catalogue/gdp_district_real_supply,fresh,2026-10-04T11:16:32Z
district,Kelantan,Jeli,sector.p4.share,2.13,%,2020-01-01,https://data.gov.my/data-catalogue/gdp_district_real_supply,fresh,2026-10-04T11:16:32Z
district,Kelantan,Kecil Lojing,incomeMean,3511.0,RM per household per month,2024-01-01,https://data.gov.my/data-catalogue/hies_district,fresh,2026-10-04T11:16:32Z
district,Kelantan,Kecil Lojing,incomeMedian,3385.0,RM per household per month,2024-01-01,https://data.gov.my/data-catalogue/hies_district,fresh,2026-10-04T11:16:32Z
district,Kelantan,Kecil Lojing,expenditureMean,2953.0,RM per household per month,2024-01-01,https://data.gov.my/data-catalogue/hies_district,fresh,2026-10-04T11:16:32Z
district,Kelantan,Kecil Lojing,incomeMinusExpenditure,432.0,RM per household per month,2024-01-01,https://data.gov.my/data-catalogue/hies_district,fresh,2026-10-04T11:16:32Z
district,Kelantan,Kecil Lojing,incomeToExpenditureRatio,1.146,ratio,2024-01-01,https://data.gov.my/data-catalogue/hies_district,fresh,2026-10-04T11:16:32Z
district,Kelantan,Kecil Lojing,poverty,20.0,%,2024-01-01,https://data.gov.my/data-catalogue/hies_district,fresh,2026-10-04T11:16:32Z
district,Kelantan,Kecil Lojing,gini,0.218,coefficient,2024-01-01,https://data.gov.my/data-catalogue/hies_district,fresh,2026-10-04T11:16:32Z
district,Kelantan,Kecil Lojing,unemploymentRate,5.6,%,2024-01-01,https://data.gov.my/data-catalogue/lfs_district,fresh,2026-10-04T11:16:32Z
district,Kelantan,Kecil Lojing,participationRate,48.8,%,2024-01-01,https://data.gov.my/data-catalogue/lfs_district,fresh,2026-10-04T11:16:32Z
district,Kelantan,Kecil Lojing,employmentPopulationRatio,45.8,%,2024-01-01,https://data.gov.my/data-catalogue/lfs_district,fresh,2026-10-04T11:16:32Z
district,Kelantan,Kecil Lojing,labourForce,3.5,thousand persons,2024-01-01,https://data.gov.my/data-catalogue/lfs_district,fresh,2026-10-04T11:16:32Z
district,Kelantan,Kecil Lojing,realGdp,0.879,RM billion (constant 2015 prices),2020-01-01,https://data.gov.my/data-catalogue/gdp_district_real_supply,fresh,2026-10-04T11:16:32Z
district,Kelantan,Kecil Lojing,largestSector,Agriculture,sector,2020-01-01,https://data.gov.my/data-catalogue/gdp_district_real_supply,fresh,2026-10-04T11:16:32Z
district,Kelantan,Kecil Lojing,largestSectorShare,94.56,%,2020-01-01,https://data.gov.my/data-catalogue/gdp_district_real_supply,fresh,2026-10-04T11:16:32Z
district,Kelantan,Kecil Lojing,sector.p1.value,0.831,RM billion (constant 2015 prices),2020-01-01,https://data.gov.my/data-catalogue/gdp_district_real_supply,fresh,2026-10-04T11:16:32Z
district,Kelantan,Kecil Lojing,sector.p1.share,94.56,%,2020-01-01,https://data.gov.my/data-catalogue/gdp_district_real_supply,fresh,2026-10-04T11:16:32Z
district,Kelantan,Kecil Lojing,sector.p5.value,0.048,RM billion (constant 2015 prices),2020-01-01,https://data.gov.my/data-catalogue/gdp_district_real_supply,fresh,2026-10-04T11:16:32Z
district,Kelantan,Kecil Lojing,sector.p5.share,5.41,%,2020-01-01,https://data.gov.my/data-catalogue/gdp_district_real_supply,fresh,2026-10-04T11:16:32Z
district,Kelantan,Kecil Lojing,sector.p2.value,0.0,RM billion (constant 2015 prices),2020-01-01,https://data.gov.my/data-catalogue/gdp_district_real_supply,fresh,2026-10-04T11:16:32Z
district,Kelantan,Kecil Lojing,sector.p2.share,0.0,%,2020-01-01,https://data.gov.my/data-catalogue/gdp_district_real_supply,fresh,2026-10-04T11:16:32Z
district,Kelantan,Kecil Lojing,sector.p3.value,0.0,RM billion (constant 2015 prices),2020-01-01,https://data.gov.my/data-catalogue/gdp_district_real_supply,fresh,2026-10-04T11:16:32Z
district,Kelantan,Kecil Lojing,sector.p3.share,0.0,%,2020-01-01,https://data.gov.my/data-catalogue/gdp_district_real_supply,fresh,2026-10-04T11:16:32Z
district,Kelantan,Kota Bharu,incomeMean,6180.0,RM per household per month,2024-01-01,https://data.gov.my/data-catalogue/hies_district,fresh,2026-10-04T11:16:32Z
district,Kelantan,Kota Bharu,incomeMedian,4729.0,RM per household per month,2024-01-01,https://data.gov.my/data-catalogue/hies_district,fresh,2026-10-04T11:16:32Z
district,Kelantan,Kota Bharu,expenditureMean,4329.0,RM per household per month,2024-01-01,https://data.gov.my/data-catalogue/hies_district,fresh,2026-10-04T11:16:32Z
district,Kelantan,Kota Bharu,incomeMinusExpenditure,400.0,RM per household per month,2024-01-01,https://data.gov.my/data-catalogue/hies_district,fresh,2026-10-04T11:16:32Z
district,Kelantan,Kota Bharu,incomeToExpenditureRatio,1.092,ratio,2024-01-01,https://data.gov.my/data-catalogue/hies_district,fresh,2026-10-04T11:16:32Z
district,Kelantan,Kota Bharu,poverty,9.9,%,2024-01-01,https://data.gov.my/data-catalogue/hies_district,fresh,2026-10-04T11:16:32Z
district,Kelantan,Kota Bharu,gini,0.361,coefficient,2024-01-01,https://data.gov.my/data-catalogue/hies_district,fresh,2026-10-04T11:16:32Z
district,Kelantan,Kota Bharu,unemploymentRate,4.5,%,2024-01-01,https://data.gov.my/data-catalogue/lfs_district,fresh,2026-10-04T11:16:32Z
district,Kelantan,Kota Bharu,participationRate,63.0,%,2024-01-01,https://data.gov.my/data-catalogue/lfs_district,fresh,2026-10-04T11:16:32Z
district,Kelantan,Kota Bharu,employmentPopulationRatio,60.1,%,2024-01-01,https://data.gov.my/data-catalogue/lfs_district,fresh,2026-10-04T11:16:32Z
district,Kelantan,Kota Bharu,labourForce,247.4,thousand persons,2024-01-01,https://data.gov.my/data-catalogue/lfs_district,fresh,2026-10-04T11:16:32Z
district,Kelantan,Kota Bharu,realGdp,10.491,RM billion (constant 2015 prices),2020-01-01,https://data.gov.my/data-catalogue/gdp_district_real_supply,fresh,2026-10-04T11:16:32Z
district,Kelantan,Kota Bharu,largestSector,Services,sector,2020-01-01,https://data.gov.my/data-catalogue/gdp_district_real_supply,fresh,2026-10-04T11:16:32Z
district,Kelantan,Kota Bharu,largestSectorShare,86.51,%,2020-01-01,https://data.gov.my/data-catalogue/gdp_district_real_supply,fresh,2026-10-04T11:16:32Z
district,Kelantan,Kota Bharu,sector.p5.value,9.076,RM billion (constant 2015 prices),2020-01-01,https://data.gov.my/data-catalogue/gdp_district_real_supply,fresh,2026-10-04T11:16:32Z
district,Kelantan,Kota Bharu,sector.p5.share,86.51,%,2020-01-01,https://data.gov.my/data-catalogue/gdp_district_real_supply,fresh,2026-10-04T11:16:32Z
district,Kelantan,Kota Bharu,sector.p3.value,0.774,RM billion (constant 2015 prices),2020-01-01,https://data.gov.my/data-catalogue/gdp_district_real_supply,fresh,2026-10-04T11:16:32Z
district,Kelantan,Kota Bharu,sector.p3.share,7.38,%,2020-01-01,https://data.gov.my/data-catalogue/gdp_district_real_supply,fresh,2026-10-04T11:16:32Z
district,Kelantan,Kota Bharu,sector.p4.value,0.276,RM billion (constant 2015 prices),2020-01-01,https://data.gov.my/data-catalogue/gdp_district_real_supply,fresh,2026-10-04T11:16:32Z
district,Kelantan,Kota Bharu,sector.p4.share,2.63,%,2020-01-01,https://data.gov.my/data-catalogue/gdp_district_real_supply,fresh,2026-10-04T11:16:32Z
district,Kelantan,Kota Bharu,sector.p1.value,0.269,RM billion (constant 2015 prices),2020-01-01,https://data.gov.my/data-catalogue/gdp_district_real_supply,fresh,2026-10-04T11:16:32Z
district,Kelantan,Kota Bharu,sector.p1.share,2.56,%,2020-01-01,https://data.gov.my/data-catalogue/gdp_district_real_supply,fresh,2026-10-04T11:16:32Z
district,Kelantan,Kota Bharu,sector.p2.value,0.082,RM billion (constant 2015 prices),2020-01-01,https://data.gov.my/data-catalogue/gdp_district_real_supply,fresh,2026-10-04T11:16:32Z
district,Kelantan,Kota Bharu,sector.p2.share,0.79,%,2020-01-01,https://data.gov.my/data-catalogue/gdp_district_real_supply,fresh,2026-10-04T11:16:32Z
district,Kelantan,Kuala Krai,incomeMean,3872.0,RM per household per month,2024-01-01,https://data.gov.my/data-catalogue/hies_district,fresh,2026-10-04T11:16:32Z
district,Kelantan,Kuala Krai,incomeMedian,2994.0,RM per household per month,2024-01-01,https://data.gov.my/data-catalogue/hies_district,fresh,2026-10-04T11:16:32Z
district,Kelantan,Kuala Krai,expenditureMean,2863.0,RM per household per month,2024-01-01,https://data.gov.my/data-catalogue/hies_district,fresh,2026-10-04T11:16:32Z
district,Kelantan,Kuala Krai,incomeMinusExpenditure,131.0,RM per household per month,2024-01-01,https://data.gov.my/data-catalogue/hies_district,fresh,2026-10-04T11:16:32Z
district,Kelantan,Kuala Krai,incomeToExpenditureRatio,1.046,ratio,2024-01-01,https://data.gov.my/data-catalogue/hies_district,fresh,2026-10-04T11:16:32Z
district,Kelantan,Kuala Krai,poverty,20.2,%,2024-01-01,https://data.gov.my/data-catalogue/hies_district,fresh,2026-10-04T11:16:32Z
district,Kelantan,Kuala Krai,gini,0.342,coefficient,2024-01-01,https://data.gov.my/data-catalogue/hies_district,fresh,2026-10-04T11:16:32Z
district,Kelantan,Kuala Krai,unemploymentRate,2.1,%,2024-01-01,https://data.gov.my/data-catalogue/lfs_district,fresh,2026-10-04T11:16:32Z
district,Kelantan,Kuala Krai,participationRate,59.0,%,2024-01-01,https://data.gov.my/data-catalogue/lfs_district,fresh,2026-10-04T11:16:32Z
district,Kelantan,Kuala Krai,employmentPopulationRatio,57.7,%,2024-01-01,https://data.gov.my/data-catalogue/lfs_district,fresh,2026-10-04T11:16:32Z
district,Kelantan,Kuala Krai,labourForce,43.1,thousand persons,2024-01-01,https://data.gov.my/data-catalogue/lfs_district,fresh,2026-10-04T11:16:32Z
district,Kelantan,Kuala Krai,realGdp,1.507,RM billion (constant 2015 prices),2020-01-01,https://data.gov.my/data-catalogue/gdp_district_real_supply,fresh,2026-10-04T11:16:32Z
district,Kelantan,Kuala Krai,largestSector,Services,sector,2020-01-01,https://data.gov.my/data-catalogue/gdp_district_real_supply,fresh,2026-10-04T11:16:32Z
district,Kelantan,Kuala Krai,largestSectorShare,61.77,%,2020-01-01,https://data.gov.my/data-catalogue/gdp_district_real_supply,fresh,2026-10-04T11:16:32Z
district,Kelantan,Kuala Krai,sector.p5.value,0.931,RM billion (constant 2015 prices),2020-01-01,https://data.gov.my/data-catalogue/gdp_district_real_supply,fresh,2026-10-04T11:16:32Z
district,Kelantan,Kuala Krai,sector.p5.share,61.77,%,2020-01-01,https://data.gov.my/data-catalogue/gdp_district_real_supply,fresh,2026-10-04T11:16:32Z
district,Kelantan,Kuala Krai,sector.p1.value,0.419,RM billion (constant 2015 prices),2020-01-01,https://data.gov.my/data-catalogue/gdp_district_real_supply,fresh,2026-10-04T11:16:32Z
district,Kelantan,Kuala Krai,sector.p1.share,27.83,%,2020-01-01,https://data.gov.my/data-catalogue/gdp_district_real_supply,fresh,2026-10-04T11:16:32Z
district,Kelantan,Kuala Krai,sector.p3.value,0.112,RM billion (constant 2015 prices),2020-01-01,https://data.gov.my/data-catalogue/gdp_district_real_supply,fresh,2026-10-04T11:16:32Z
district,Kelantan,Kuala Krai,sector.p3.share,7.44,%,2020-01-01,https://data.gov.my/data-catalogue/gdp_district_real_supply,fresh,2026-10-04T11:16:32Z
district,Kelantan,Kuala Krai,sector.p4.value,0.043,RM billion (constant 2015 prices),2020-01-01,https://data.gov.my/data-catalogue/gdp_district_real_supply,fresh,2026-10-04T11:16:32Z
district,Kelantan,Kuala Krai,sector.p4.share,2.83,%,2020-01-01,https://data.gov.my/data-catalogue/gdp_district_real_supply,fresh,2026-10-04T11:16:32Z
district,Kelantan,Machang,incomeMean,5237.0,RM per household per month,2024-01-01,https://data.gov.my/data-catalogue/hies_district,fresh,2026-10-04T11:16:32Z
district,Kelantan,Machang,incomeMedian,4156.0,RM per household per month,2024-01-01,https://data.gov.my/data-catalogue/hies_district,fresh,2026-10-04T11:16:32Z
district,Kelantan,Machang,expenditureMean,3411.0,RM per household per month,2024-01-01,https://data.gov.my/data-catalogue/hies_district,fresh,2026-10-04T11:16:32Z
district,Kelantan,Machang,incomeMinusExpenditure,745.0,RM per household per month,2024-01-01,https://data.gov.my/data-catalogue/hies_district,fresh,2026-10-04T11:16:32Z
district,Kelantan,Machang,incomeToExpenditureRatio,1.218,ratio,2024-01-01,https://data.gov.my/data-catalogue/hies_district,fresh,2026-10-04T11:16:32Z
district,Kelantan,Machang,poverty,7.3,%,2024-01-01,https://data.gov.my/data-catalogue/hies_district,fresh,2026-10-04T11:16:32Z
district,Kelantan,Machang,gini,0.331,coefficient,2024-01-01,https://data.gov.my/data-catalogue/hies_district,fresh,2026-10-04T11:16:32Z
district,Kelantan,Machang,unemploymentRate,4.9,%,2024-01-01,https://data.gov.my/data-catalogue/lfs_district,fresh,2026-10-04T11:16:32Z
district,Kelantan,Machang,participationRate,57.5,%,2024-01-01,https://data.gov.my/data-catalogue/lfs_district,fresh,2026-10-04T11:16:32Z
district,Kelantan,Machang,employmentPopulationRatio,54.8,%,2024-01-01,https://data.gov.my/data-catalogue/lfs_district,fresh,2026-10-04T11:16:32Z
district,Kelantan,Machang,labourForce,42.1,thousand persons,2024-01-01,https://data.gov.my/data-catalogue/lfs_district,fresh,2026-10-04T11:16:32Z
district,Kelantan,Machang,realGdp,1.351,RM billion (constant 2015 prices),2020-01-01,https://data.gov.my/data-catalogue/gdp_district_real_supply,fresh,2026-10-04T11:16:32Z
district,Kelantan,Machang,largestSector,Services,sector,2020-01-01,https://data.gov.my/data-catalogue/gdp_district_real_supply,fresh,2026-10-04T11:16:32Z
district,Kelantan,Machang,largestSectorShare,54.95,%,2020-01-01,https://data.gov.my/data-catalogue/gdp_district_real_supply,fresh,2026-10-04T11:16:32Z
district,Kelantan,Machang,sector.p5.value,0.742,RM billion (constant 2015 prices),2020-01-01,https://data.gov.my/data-catalogue/gdp_district_real_supply,fresh,2026-10-04T11:16:32Z
district,Kelantan,Machang,sector.p5.share,54.95,%,2020-01-01,https://data.gov.my/data-catalogue/gdp_district_real_supply,fresh,2026-10-04T11:16:32Z
district,Kelantan,Machang,sector.p1.value,0.524,RM billion (constant 2015 prices),2020-01-01,https://data.gov.my/data-catalogue/gdp_district_real_supply,fresh,2026-10-04T11:16:32Z
district,Kelantan,Machang,sector.p1.share,38.81,%,2020-01-01,https://data.gov.my/data-catalogue/gdp_district_real_supply,fresh,2026-10-04T11:16:32Z
district,Kelantan,Machang,sector.p2.value,0.059,RM billion (constant 2015 prices),2020-01-01,https://data.gov.my/data-catalogue/gdp_district_real_supply,fresh,2026-10-04T11:16:32Z
district,Kelantan,Machang,sector.p2.share,4.39,%,2020-01-01,https://data.gov.my/data-catalogue/gdp_district_real_supply,fresh,2026-10-04T11:16:32Z
district,Kelantan,Machang,sector.p3.value,0.02,RM billion (constant 2015 prices),2020-01-01,https://data.gov.my/data-catalogue/gdp_district_real_supply,fresh,2026-10-04T11:16:32Z
district,Kelantan,Machang,sector.p3.share,1.45,%,2020-01-01,https://data.gov.my/data-catalogue/gdp_district_real_supply,fresh,2026-10-04T11:16:32Z
district,Kelantan,Pasir Mas,incomeMean,4975.0,RM per household per month,2024-01-01,https://data.gov.my/data-catalogue/hies_district,fresh,2026-10-04T11:16:32Z
district,Kelantan,Pasir Mas,incomeMedian,3591.0,RM per household per month,2024-01-01,https://data.gov.my/data-catalogue/hies_district,fresh,2026-10-04T11:16:32Z
district,Kelantan,Pasir Mas,expenditureMean,3581.0,RM per household per month,2024-01-01,https://data.gov.my/data-catalogue/hies_district,fresh,2026-10-04T11:16:32Z
district,Kelantan,Pasir Mas,incomeMinusExpenditure,10.0,RM per household per month,2024-01-01,https://data.gov.my/data-catalogue/hies_district,fresh,2026-10-04T11:16:32Z
district,Kelantan,Pasir Mas,incomeToExpenditureRatio,1.003,ratio,2024-01-01,https://data.gov.my/data-catalogue/hies_district,fresh,2026-10-04T11:16:32Z
district,Kelantan,Pasir Mas,poverty,8.6,%,2024-01-01,https://data.gov.my/data-catalogue/hies_district,fresh,2026-10-04T11:16:32Z
district,Kelantan,Pasir Mas,gini,0.365,coefficient,2024-01-01,https://data.gov.my/data-catalogue/hies_district,fresh,2026-10-04T11:16:32Z
district,Kelantan,Pasir Mas,unemploymentRate,3.8,%,2024-01-01,https://data.gov.my/data-catalogue/lfs_district,fresh,2026-10-04T11:16:32Z
district,Kelantan,Pasir Mas,participationRate,54.3,%,2024-01-01,https://data.gov.my/data-catalogue/lfs_district,fresh,2026-10-04T11:16:32Z
district,Kelantan,Pasir Mas,employmentPopulationRatio,52.3,%,2024-01-01,https://data.gov.my/data-catalogue/lfs_district,fresh,2026-10-04T11:16:32Z
district,Kelantan,Pasir Mas,labourForce,82.0,thousand persons,2024-01-01,https://data.gov.my/data-catalogue/lfs_district,fresh,2026-10-04T11:16:32Z
district,Kelantan,Pasir Mas,realGdp,1.866,RM billion (constant 2015 prices),2020-01-01,https://data.gov.my/data-catalogue/gdp_district_real_supply,fresh,2026-10-04T11:16:32Z
district,Kelantan,Pasir Mas,largestSector,Services,sector,2020-01-01,https://data.gov.my/data-catalogue/gdp_district_real_supply,fresh,2026-10-04T11:16:32Z
district,Kelantan,Pasir Mas,largestSectorShare,81.77,%,2020-01-01,https://data.gov.my/data-catalogue/gdp_district_real_supply,fresh,2026-10-04T11:16:32Z
district,Kelantan,Pasir Mas,sector.p5.value,1.526,RM billion (constant 2015 prices),2020-01-01,https://data.gov.my/data-catalogue/gdp_district_real_supply,fresh,2026-10-04T11:16:32Z
district,Kelantan,Pasir Mas,sector.p5.share,81.77,%,2020-01-01,https://data.gov.my/data-catalogue/gdp_district_real_supply,fresh,2026-10-04T11:16:32Z
district,Kelantan,Pasir Mas,sector.p1.value,0.301,RM billion (constant 2015 prices),2020-01-01,https://data.gov.my/data-catalogue/gdp_district_real_supply,fresh,2026-10-04T11:16:32Z
district,Kelantan,Pasir Mas,sector.p1.share,16.1,%,2020-01-01,https://data.gov.my/data-catalogue/gdp_district_real_supply,fresh,2026-10-04T11:16:32Z
district,Kelantan,Pasir Mas,sector.p3.value,0.02,RM billion (constant 2015 prices),2020-01-01,https://data.gov.my/data-catalogue/gdp_district_real_supply,fresh,2026-10-04T11:16:32Z
district,Kelantan,Pasir Mas,sector.p3.share,1.06,%,2020-01-01,https://data.gov.my/data-catalogue/gdp_district_real_supply,fresh,2026-10-04T11:16:32Z
district,Kelantan,Pasir Mas,sector.p2.value,0.01,RM billion (constant 2015 prices),2020-01-01,https://data.gov.my/data-catalogue/gdp_district_real_supply,fresh,2026-10-04T11:16:32Z
district,Kelantan,Pasir Mas,sector.p2.share,0.55,%,2020-01-01,https://data.gov.my/data-catalogue/gdp_district_real_supply,fresh,2026-10-04T11:16:32Z
district,Kelantan,Pasir Mas,sector.p4.value,0.008,RM billion (constant 2015 prices),2020-01-01,https://data.gov.my/data-catalogue/gdp_district_real_supply,fresh,2026-10-04T11:16:32Z
district,Kelantan,Pasir Mas,sector.p4.share,0.43,%,2020-01-01,https://data.gov.my/data-catalogue/gdp_district_real_supply,fresh,2026-10-04T11:16:32Z
district,Kelantan,Pasir Puteh,incomeMean,5070.0,RM per household per month,2024-01-01,https://data.gov.my/data-catalogue/hies_district,fresh,2026-10-04T11:16:32Z
district,Kelantan,Pasir Puteh,incomeMedian,4853.0,RM per household per month,2024-01-01,https://data.gov.my/data-catalogue/hies_district,fresh,2026-10-04T11:16:32Z
district,Kelantan,Pasir Puteh,expenditureMean,3749.0,RM per household per month,2024-01-01,https://data.gov.my/data-catalogue/hies_district,fresh,2026-10-04T11:16:32Z
district,Kelantan,Pasir Puteh,incomeMinusExpenditure,1104.0,RM per household per month,2024-01-01,https://data.gov.my/data-catalogue/hies_district,fresh,2026-10-04T11:16:32Z
district,Kelantan,Pasir Puteh,incomeToExpenditureRatio,1.294,ratio,2024-01-01,https://data.gov.my/data-catalogue/hies_district,fresh,2026-10-04T11:16:32Z
district,Kelantan,Pasir Puteh,poverty,11.1,%,2024-01-01,https://data.gov.my/data-catalogue/hies_district,fresh,2026-10-04T11:16:32Z
district,Kelantan,Pasir Puteh,gini,0.302,coefficient,2024-01-01,https://data.gov.my/data-catalogue/hies_district,fresh,2026-10-04T11:16:32Z
district,Kelantan,Pasir Puteh,unemploymentRate,3.0,%,2024-01-01,https://data.gov.my/data-catalogue/lfs_district,fresh,2026-10-04T11:16:32Z
district,Kelantan,Pasir Puteh,participationRate,57.7,%,2024-01-01,https://data.gov.my/data-catalogue/lfs_district,fresh,2026-10-04T11:16:32Z
district,Kelantan,Pasir Puteh,employmentPopulationRatio,56.0,%,2024-01-01,https://data.gov.my/data-catalogue/lfs_district,fresh,2026-10-04T11:16:32Z
district,Kelantan,Pasir Puteh,labourForce,51.0,thousand persons,2024-01-01,https://data.gov.my/data-catalogue/lfs_district,fresh,2026-10-04T11:16:32Z
district,Kelantan,Pasir Puteh,realGdp,1.45,RM billion (constant 2015 prices),2020-01-01,https://data.gov.my/data-catalogue/gdp_district_real_supply,fresh,2026-10-04T11:16:32Z
district,Kelantan,Pasir Puteh,largestSector,Services,sector,2020-01-01,https://data.gov.my/data-catalogue/gdp_district_real_supply,fresh,2026-10-04T11:16:32Z
district,Kelantan,Pasir Puteh,largestSectorShare,58.12,%,2020-01-01,https://data.gov.my/data-catalogue/gdp_district_real_supply,fresh,2026-10-04T11:16:32Z
district,Kelantan,Pasir Puteh,sector.p5.value,0.843,RM billion (constant 2015 prices),2020-01-01,https://data.gov.my/data-catalogue/gdp_district_real_supply,fresh,2026-10-04T11:16:32Z
district,Kelantan,Pasir Puteh,sector.p5.share,58.12,%,2020-01-01,https://data.gov.my/data-catalogue/gdp_district_real_supply,fresh,2026-10-04T11:16:32Z
district,Kelantan,Pasir Puteh,sector.p1.value,0.554,RM billion (constant 2015 prices),2020-01-01,https://data.gov.my/data-catalogue/gdp_district_real_supply,fresh,2026-10-04T11:16:32Z
district,Kelantan,Pasir Puteh,sector.p1.share,38.23,%,2020-01-01,https://data.gov.my/data-catalogue/gdp_district_real_supply,fresh,2026-10-04T11:16:32Z
district,Kelantan,Pasir Puteh,sector.p2.value,0.02,RM billion (constant 2015 prices),2020-01-01,https://data.gov.my/data-catalogue/gdp_district_real_supply,fresh,2026-10-04T11:16:32Z
district,Kelantan,Pasir Puteh,sector.p2.share,1.4,%,2020-01-01,https://data.gov.my/data-catalogue/gdp_district_real_supply,fresh,2026-10-04T11:16:32Z
district,Kelantan,Pasir Puteh,sector.p3.value,0.02,RM billion (constant 2015 prices),2020-01-01,https://data.gov.my/data-catalogue/gdp_district_real_supply,fresh,2026-10-04T11:16:32Z
district,Kelantan,Pasir Puteh,sector.p3.share,1.39,%,2020-01-01,https://data.gov.my/data-catalogue/gdp_district_real_supply,fresh,2026-10-04T11:16:32Z
district,Kelantan,Pasir Puteh,sector.p4.value,0.012,RM billion (constant 2015 prices),2020-01-01,https://data.gov.my/data-catalogue/gdp_district_real_supply,fresh,2026-10-04T11:16:32Z
district,Kelantan,Pasir Puteh,sector.p4.share,0.81,%,2020-01-01,https://data.gov.my/data-catalogue/gdp_district_real_supply,fresh,2026-10-04T11:16:32Z
district,Kelantan,Tanah Merah,incomeMean,4922.0,RM per household per month,2024-01-01,https://data.gov.my/data-catalogue/hies_district,fresh,2026-10-04T11:16:32Z
district,Kelantan,Tanah Merah,incomeMedian,3638.0,RM per household per month,2024-01-01,https://data.gov.my/data-catalogue/hies_district,fresh,2026-10-04T11:16:32Z
district,Kelantan,Tanah Merah,expenditureMean,3632.0,RM per household per month,2024-01-01,https://data.gov.my/data-catalogue/hies_district,fresh,2026-10-04T11:16:32Z
district,Kelantan,Tanah Merah,incomeMinusExpenditure,6.0,RM per household per month,2024-01-01,https://data.gov.my/data-catalogue/hies_district,fresh,2026-10-04T11:16:32Z
district,Kelantan,Tanah Merah,incomeToExpenditureRatio,1.002,ratio,2024-01-01,https://data.gov.my/data-catalogue/hies_district,fresh,2026-10-04T11:16:32Z
district,Kelantan,Tanah Merah,poverty,14.9,%,2024-01-01,https://data.gov.my/data-catalogue/hies_district,fresh,2026-10-04T11:16:32Z
district,Kelantan,Tanah Merah,gini,0.363,coefficient,2024-01-01,https://data.gov.my/data-catalogue/hies_district,fresh,2026-10-04T11:16:32Z
district,Kelantan,Tanah Merah,unemploymentRate,2.2,%,2024-01-01,https://data.gov.my/data-catalogue/lfs_district,fresh,2026-10-04T11:16:32Z
district,Kelantan,Tanah Merah,participationRate,55.8,%,2024-01-01,https://data.gov.my/data-catalogue/lfs_district,fresh,2026-10-04T11:16:32Z
district,Kelantan,Tanah Merah,employmentPopulationRatio,54.6,%,2024-01-01,https://data.gov.my/data-catalogue/lfs_district,fresh,2026-10-04T11:16:32Z
district,Kelantan,Tanah Merah,labourForce,57.3,thousand persons,2024-01-01,https://data.gov.my/data-catalogue/lfs_district,fresh,2026-10-04T11:16:32Z
district,Kelantan,Tanah Merah,realGdp,1.996,RM billion (constant 2015 prices),2020-01-01,https://data.gov.my/data-catalogue/gdp_district_real_supply,fresh,2026-10-04T11:16:32Z
district,Kelantan,Tanah Merah,largestSector,Services,sector,2020-01-01,https://data.gov.my/data-catalogue/gdp_district_real_supply,fresh,2026-10-04T11:16:32Z
district,Kelantan,Tanah Merah,largestSectorShare,67.07,%,2020-01-01,https://data.gov.my/data-catalogue/gdp_district_real_supply,fresh,2026-10-04T11:16:32Z
district,Kelantan,Tanah Merah,sector.p5.value,1.339,RM billion (constant 2015 prices),2020-01-01,https://data.gov.my/data-catalogue/gdp_district_real_supply,fresh,2026-10-04T11:16:32Z
district,Kelantan,Tanah Merah,sector.p5.share,67.07,%,2020-01-01,https://data.gov.my/data-catalogue/gdp_district_real_supply,fresh,2026-10-04T11:16:32Z
district,Kelantan,Tanah Merah,sector.p1.value,0.442,RM billion (constant 2015 prices),2020-01-01,https://data.gov.my/data-catalogue/gdp_district_real_supply,fresh,2026-10-04T11:16:32Z
district,Kelantan,Tanah Merah,sector.p1.share,22.15,%,2020-01-01,https://data.gov.my/data-catalogue/gdp_district_real_supply,fresh,2026-10-04T11:16:32Z
district,Kelantan,Tanah Merah,sector.p2.value,0.125,RM billion (constant 2015 prices),2020-01-01,https://data.gov.my/data-catalogue/gdp_district_real_supply,fresh,2026-10-04T11:16:32Z
district,Kelantan,Tanah Merah,sector.p2.share,6.24,%,2020-01-01,https://data.gov.my/data-catalogue/gdp_district_real_supply,fresh,2026-10-04T11:16:32Z
district,Kelantan,Tanah Merah,sector.p3.value,0.082,RM billion (constant 2015 prices),2020-01-01,https://data.gov.my/data-catalogue/gdp_district_real_supply,fresh,2026-10-04T11:16:32Z
district,Kelantan,Tanah Merah,sector.p3.share,4.12,%,2020-01-01,https://data.gov.my/data-catalogue/gdp_district_real_supply,fresh,2026-10-04T11:16:32Z
district,Kelantan,Tanah Merah,sector.p4.value,0.006,RM billion (constant 2015 prices),2020-01-01,https://data.gov.my/data-catalogue/gdp_district_real_supply,fresh,2026-10-04T11:16:32Z
district,Kelantan,Tanah Merah,sector.p4.share,0.32,%,2020-01-01,https://data.gov.my/data-catalogue/gdp_district_real_supply,fresh,2026-10-04T11:16:32Z
district,Kelantan,Tumpat,incomeMean,4991.0,RM per household per month,2024-01-01,https://data.gov.my/data-catalogue/hies_district,fresh,2026-10-04T11:16:32Z
district,Kelantan,Tumpat,incomeMedian,3904.0,RM per household per month,2024-01-01,https://data.gov.my/data-catalogue/hies_district,fresh,2026-10-04T11:16:32Z
district,Kelantan,Tumpat,expenditureMean,4181.0,RM per household per month,2024-01-01,https://data.gov.my/data-catalogue/hies_district,fresh,2026-10-04T11:16:32Z
district,Kelantan,Tumpat,incomeMinusExpenditure,-277.0,RM per household per month,2024-01-01,https://data.gov.my/data-catalogue/hies_district,fresh,2026-10-04T11:16:32Z
district,Kelantan,Tumpat,incomeToExpenditureRatio,0.934,ratio,2024-01-01,https://data.gov.my/data-catalogue/hies_district,fresh,2026-10-04T11:16:32Z
district,Kelantan,Tumpat,poverty,12.7,%,2024-01-01,https://data.gov.my/data-catalogue/hies_district,fresh,2026-10-04T11:16:32Z
district,Kelantan,Tumpat,gini,0.334,coefficient,2024-01-01,https://data.gov.my/data-catalogue/hies_district,fresh,2026-10-04T11:16:32Z
district,Kelantan,Tumpat,unemploymentRate,2.5,%,2024-01-01,https://data.gov.my/data-catalogue/lfs_district,fresh,2026-10-04T11:16:32Z
district,Kelantan,Tumpat,participationRate,53.4,%,2024-01-01,https://data.gov.my/data-catalogue/lfs_district,fresh,2026-10-04T11:16:32Z
district,Kelantan,Tumpat,employmentPopulationRatio,52.0,%,2024-01-01,https://data.gov.my/data-catalogue/lfs_district,fresh,2026-10-04T11:16:32Z
district,Kelantan,Tumpat,labourForce,61.2,thousand persons,2024-01-01,https://data.gov.my/data-catalogue/lfs_district,fresh,2026-10-04T11:16:32Z
district,Kelantan,Tumpat,realGdp,1.493,RM billion (constant 2015 prices),2020-01-01,https://data.gov.my/data-catalogue/gdp_district_real_supply,fresh,2026-10-04T11:16:32Z
district,Kelantan,Tumpat,largestSector,Services,sector,2020-01-01,https://data.gov.my/data-catalogue/gdp_district_real_supply,fresh,2026-10-04T11:16:32Z
district,Kelantan,Tumpat,largestSectorShare,73.32,%,2020-01-01,https://data.gov.my/data-catalogue/gdp_district_real_supply,fresh,2026-10-04T11:16:32Z
district,Kelantan,Tumpat,sector.p5.value,1.094,RM billion (constant 2015 prices),2020-01-01,https://data.gov.my/data-catalogue/gdp_district_real_supply,fresh,2026-10-04T11:16:32Z
district,Kelantan,Tumpat,sector.p5.share,73.32,%,2020-01-01,https://data.gov.my/data-catalogue/gdp_district_real_supply,fresh,2026-10-04T11:16:32Z
district,Kelantan,Tumpat,sector.p1.value,0.36,RM billion (constant 2015 prices),2020-01-01,https://data.gov.my/data-catalogue/gdp_district_real_supply,fresh,2026-10-04T11:16:32Z
district,Kelantan,Tumpat,sector.p1.share,24.09,%,2020-01-01,https://data.gov.my/data-catalogue/gdp_district_real_supply,fresh,2026-10-04T11:16:32Z
district,Kelantan,Tumpat,sector.p3.value,0.031,RM billion (constant 2015 prices),2020-01-01,https://data.gov.my/data-catalogue/gdp_district_real_supply,fresh,2026-10-04T11:16:32Z
district,Kelantan,Tumpat,sector.p3.share,2.09,%,2020-01-01,https://data.gov.my/data-catalogue/gdp_district_real_supply,fresh,2026-10-04T11:16:32Z
district,Kelantan,Tumpat,sector.p4.value,0.005,RM billion (constant 2015 prices),2020-01-01,https://data.gov.my/data-catalogue/gdp_district_real_supply,fresh,2026-10-04T11:16:32Z
district,Kelantan,Tumpat,sector.p4.share,0.34,%,2020-01-01,https://data.gov.my/data-catalogue/gdp_district_real_supply,fresh,2026-10-04T11:16:32Z
district,Melaka,Alor Gajah,incomeMean,7855.0,RM per household per month,2024-01-01,https://data.gov.my/data-catalogue/hies_district,fresh,2026-10-04T11:16:32Z
district,Melaka,Alor Gajah,incomeMedian,6308.0,RM per household per month,2024-01-01,https://data.gov.my/data-catalogue/hies_district,fresh,2026-10-04T11:16:32Z
district,Melaka,Alor Gajah,expenditureMean,5745.0,RM per household per month,2024-01-01,https://data.gov.my/data-catalogue/hies_district,fresh,2026-10-04T11:16:32Z
district,Melaka,Alor Gajah,incomeMinusExpenditure,563.0,RM per household per month,2024-01-01,https://data.gov.my/data-catalogue/hies_district,fresh,2026-10-04T11:16:32Z
district,Melaka,Alor Gajah,incomeToExpenditureRatio,1.098,ratio,2024-01-01,https://data.gov.my/data-catalogue/hies_district,fresh,2026-10-04T11:16:32Z
district,Melaka,Alor Gajah,poverty,4.5,%,2024-01-01,https://data.gov.my/data-catalogue/hies_district,fresh,2026-10-04T11:16:32Z
district,Melaka,Alor Gajah,gini,0.327,coefficient,2024-01-01,https://data.gov.my/data-catalogue/hies_district,fresh,2026-10-04T11:16:32Z
district,Melaka,Alor Gajah,unemploymentRate,2.3,%,2024-01-01,https://data.gov.my/data-catalogue/lfs_district,fresh,2026-10-04T11:16:32Z
district,Melaka,Alor Gajah,participationRate,72.6,%,2024-01-01,https://data.gov.my/data-catalogue/lfs_district,fresh,2026-10-04T11:16:32Z
district,Melaka,Alor Gajah,employmentPopulationRatio,71.0,%,2024-01-01,https://data.gov.my/data-catalogue/lfs_district,fresh,2026-10-04T11:16:32Z
district,Melaka,Alor Gajah,labourForce,142.6,thousand persons,2024-01-01,https://data.gov.my/data-catalogue/lfs_district,fresh,2026-10-04T11:16:32Z
district,Melaka,Alor Gajah,realGdp,10.575,RM billion (constant 2015 prices),2020-01-01,https://data.gov.my/data-catalogue/gdp_district_real_supply,fresh,2026-10-04T11:16:32Z
district,Melaka,Alor Gajah,largestSector,Manufacturing,sector,2020-01-01,https://data.gov.my/data-catalogue/gdp_district_real_supply,fresh,2026-10-04T11:16:32Z
district,Melaka,Alor Gajah,largestSectorShare,43.68,%,2020-01-01,https://data.gov.my/data-catalogue/gdp_district_real_supply,fresh,2026-10-04T11:16:32Z
district,Melaka,Alor Gajah,sector.p3.value,4.619,RM billion (constant 2015 prices),2020-01-01,https://data.gov.my/data-catalogue/gdp_district_real_supply,fresh,2026-10-04T11:16:32Z
district,Melaka,Alor Gajah,sector.p3.share,43.68,%,2020-01-01,https://data.gov.my/data-catalogue/gdp_district_real_supply,fresh,2026-10-04T11:16:32Z
district,Melaka,Alor Gajah,sector.p5.value,3.657,RM billion (constant 2015 prices),2020-01-01,https://data.gov.my/data-catalogue/gdp_district_real_supply,fresh,2026-10-04T11:16:32Z
district,Melaka,Alor Gajah,sector.p5.share,34.58,%,2020-01-01,https://data.gov.my/data-catalogue/gdp_district_real_supply,fresh,2026-10-04T11:16:32Z
district,Melaka,Alor Gajah,sector.p1.value,1.887,RM billion (constant 2015 prices),2020-01-01,https://data.gov.my/data-catalogue/gdp_district_real_supply,fresh,2026-10-04T11:16:32Z
district,Melaka,Alor Gajah,sector.p1.share,17.84,%,2020-01-01,https://data.gov.my/data-catalogue/gdp_district_real_supply,fresh,2026-10-04T11:16:32Z
district,Melaka,Alor Gajah,sector.p4.value,0.346,RM billion (constant 2015 prices),2020-01-01,https://data.gov.my/data-catalogue/gdp_district_real_supply,fresh,2026-10-04T11:16:32Z
district,Melaka,Alor Gajah,sector.p4.share,3.27,%,2020-01-01,https://data.gov.my/data-catalogue/gdp_district_real_supply,fresh,2026-10-04T11:16:32Z
district,Melaka,Alor Gajah,sector.p2.value,0.042,RM billion (constant 2015 prices),2020-01-01,https://data.gov.my/data-catalogue/gdp_district_real_supply,fresh,2026-10-04T11:16:32Z
district,Melaka,Alor Gajah,sector.p2.share,0.4,%,2020-01-01,https://data.gov.my/data-catalogue/gdp_district_real_supply,fresh,2026-10-04T11:16:32Z
district,Melaka,Jasin,incomeMean,7755.0,RM per household per month,2024-01-01,https://data.gov.my/data-catalogue/hies_district,fresh,2026-10-04T11:16:32Z
district,Melaka,Jasin,incomeMedian,6401.0,RM per household per month,2024-01-01,https://data.gov.my/data-catalogue/hies_district,fresh,2026-10-04T11:16:32Z
district,Melaka,Jasin,expenditureMean,5654.0,RM per household per month,2024-01-01,https://data.gov.my/data-catalogue/hies_district,fresh,2026-10-04T11:16:32Z
district,Melaka,Jasin,incomeMinusExpenditure,747.0,RM per household per month,2024-01-01,https://data.gov.my/data-catalogue/hies_district,fresh,2026-10-04T11:16:32Z
district,Melaka,Jasin,incomeToExpenditureRatio,1.132,ratio,2024-01-01,https://data.gov.my/data-catalogue/hies_district,fresh,2026-10-04T11:16:32Z
district,Melaka,Jasin,poverty,1.1,%,2024-01-01,https://data.gov.my/data-catalogue/hies_district,fresh,2026-10-04T11:16:32Z
district,Melaka,Jasin,gini,0.298,coefficient,2024-01-01,https://data.gov.my/data-catalogue/hies_district,fresh,2026-10-04T11:16:32Z
district,Melaka,Jasin,unemploymentRate,1.2,%,2024-01-01,https://data.gov.my/data-catalogue/lfs_district,fresh,2026-10-04T11:16:32Z
district,Melaka,Jasin,participationRate,66.7,%,2024-01-01,https://data.gov.my/data-catalogue/lfs_district,fresh,2026-10-04T11:16:32Z
district,Melaka,Jasin,employmentPopulationRatio,65.9,%,2024-01-01,https://data.gov.my/data-catalogue/lfs_district,fresh,2026-10-04T11:16:32Z
district,Melaka,Jasin,labourForce,74.6,thousand persons,2024-01-01,https://data.gov.my/data-catalogue/lfs_district,fresh,2026-10-04T11:16:32Z
district,Melaka,Jasin,realGdp,3.563,RM billion (constant 2015 prices),2020-01-01,https://data.gov.my/data-catalogue/gdp_district_real_supply,fresh,2026-10-04T11:16:32Z
district,Melaka,Jasin,largestSector,Services,sector,2020-01-01,https://data.gov.my/data-catalogue/gdp_district_real_supply,fresh,2026-10-04T11:16:32Z
district,Melaka,Jasin,largestSectorShare,46.96,%,2020-01-01,https://data.gov.my/data-catalogue/gdp_district_real_supply,fresh,2026-10-04T11:16:32Z
district,Melaka,Jasin,sector.p5.value,1.673,RM billion (constant 2015 prices),2020-01-01,https://data.gov.my/data-catalogue/gdp_district_real_supply,fresh,2026-10-04T11:16:32Z
district,Melaka,Jasin,sector.p5.share,46.96,%,2020-01-01,https://data.gov.my/data-catalogue/gdp_district_real_supply,fresh,2026-10-04T11:16:32Z
district,Melaka,Jasin,sector.p1.value,1.379,RM billion (constant 2015 prices),2020-01-01,https://data.gov.my/data-catalogue/gdp_district_real_supply,fresh,2026-10-04T11:16:32Z
district,Melaka,Jasin,sector.p1.share,38.7,%,2020-01-01,https://data.gov.my/data-catalogue/gdp_district_real_supply,fresh,2026-10-04T11:16:32Z
district,Melaka,Jasin,sector.p3.value,0.426,RM billion (constant 2015 prices),2020-01-01,https://data.gov.my/data-catalogue/gdp_district_real_supply,fresh,2026-10-04T11:16:32Z
district,Melaka,Jasin,sector.p3.share,11.95,%,2020-01-01,https://data.gov.my/data-catalogue/gdp_district_real_supply,fresh,2026-10-04T11:16:32Z
district,Melaka,Jasin,sector.p4.value,0.073,RM billion (constant 2015 prices),2020-01-01,https://data.gov.my/data-catalogue/gdp_district_real_supply,fresh,2026-10-04T11:16:32Z
district,Melaka,Jasin,sector.p4.share,2.04,%,2020-01-01,https://data.gov.my/data-catalogue/gdp_district_real_supply,fresh,2026-10-04T11:16:32Z
district,Melaka,Jasin,sector.p2.value,0.009,RM billion (constant 2015 prices),2020-01-01,https://data.gov.my/data-catalogue/gdp_district_real_supply,fresh,2026-10-04T11:16:32Z
district,Melaka,Jasin,sector.p2.share,0.24,%,2020-01-01,https://data.gov.my/data-catalogue/gdp_district_real_supply,fresh,2026-10-04T11:16:32Z
district,Melaka,Melaka Tengah,incomeMean,9232.0,RM per household per month,2024-01-01,https://data.gov.my/data-catalogue/hies_district,fresh,2026-10-04T11:16:32Z
district,Melaka,Melaka Tengah,incomeMedian,7415.0,RM per household per month,2024-01-01,https://data.gov.my/data-catalogue/hies_district,fresh,2026-10-04T11:16:32Z
district,Melaka,Melaka Tengah,expenditureMean,6527.0,RM per household per month,2024-01-01,https://data.gov.my/data-catalogue/hies_district,fresh,2026-10-04T11:16:32Z
district,Melaka,Melaka Tengah,incomeMinusExpenditure,888.0,RM per household per month,2024-01-01,https://data.gov.my/data-catalogue/hies_district,fresh,2026-10-04T11:16:32Z
district,Melaka,Melaka Tengah,incomeToExpenditureRatio,1.136,ratio,2024-01-01,https://data.gov.my/data-catalogue/hies_district,fresh,2026-10-04T11:16:32Z
district,Melaka,Melaka Tengah,poverty,2.8,%,2024-01-01,https://data.gov.my/data-catalogue/hies_district,fresh,2026-10-04T11:16:32Z
district,Melaka,Melaka Tengah,gini,0.373,coefficient,2024-01-01,https://data.gov.my/data-catalogue/hies_district,fresh,2026-10-04T11:16:32Z
district,Melaka,Melaka Tengah,unemploymentRate,1.4,%,2024-01-01,https://data.gov.my/data-catalogue/lfs_district,fresh,2026-10-04T11:16:32Z
district,Melaka,Melaka Tengah,participationRate,70.7,%,2024-01-01,https://data.gov.my/data-catalogue/lfs_district,fresh,2026-10-04T11:16:32Z
district,Melaka,Melaka Tengah,employmentPopulationRatio,69.7,%,2024-01-01,https://data.gov.my/data-catalogue/lfs_district,fresh,2026-10-04T11:16:32Z
district,Melaka,Melaka Tengah,labourForce,308.1,thousand persons,2024-01-01,https://data.gov.my/data-catalogue/lfs_district,fresh,2026-10-04T11:16:32Z
district,Melaka,Melaka Tengah,realGdp,26.893,RM billion (constant 2015 prices),2020-01-01,https://data.gov.my/data-catalogue/gdp_district_real_supply,fresh,2026-10-04T11:16:32Z
district,Melaka,Melaka Tengah,largestSector,Services,sector,2020-01-01,https://data.gov.my/data-catalogue/gdp_district_real_supply,fresh,2026-10-04T11:16:32Z
district,Melaka,Melaka Tengah,largestSectorShare,54.44,%,2020-01-01,https://data.gov.my/data-catalogue/gdp_district_real_supply,fresh,2026-10-04T11:16:32Z
district,Melaka,Melaka Tengah,sector.p5.value,14.64,RM billion (constant 2015 prices),2020-01-01,https://data.gov.my/data-catalogue/gdp_district_real_supply,fresh,2026-10-04T11:16:32Z
district,Melaka,Melaka Tengah,sector.p5.share,54.44,%,2020-01-01,https://data.gov.my/data-catalogue/gdp_district_real_supply,fresh,2026-10-04T11:16:32Z
district,Melaka,Melaka Tengah,sector.p3.value,10.278,RM billion (constant 2015 prices),2020-01-01,https://data.gov.my/data-catalogue/gdp_district_real_supply,fresh,2026-10-04T11:16:32Z
district,Melaka,Melaka Tengah,sector.p3.share,38.22,%,2020-01-01,https://data.gov.my/data-catalogue/gdp_district_real_supply,fresh,2026-10-04T11:16:32Z
district,Melaka,Melaka Tengah,sector.p1.value,1.318,RM billion (constant 2015 prices),2020-01-01,https://data.gov.my/data-catalogue/gdp_district_real_supply,fresh,2026-10-04T11:16:32Z
district,Melaka,Melaka Tengah,sector.p1.share,4.9,%,2020-01-01,https://data.gov.my/data-catalogue/gdp_district_real_supply,fresh,2026-10-04T11:16:32Z
district,Melaka,Melaka Tengah,sector.p4.value,0.574,RM billion (constant 2015 prices),2020-01-01,https://data.gov.my/data-catalogue/gdp_district_real_supply,fresh,2026-10-04T11:16:32Z
district,Melaka,Melaka Tengah,sector.p4.share,2.13,%,2020-01-01,https://data.gov.my/data-catalogue/gdp_district_real_supply,fresh,2026-10-04T11:16:32Z
district,Melaka,Melaka Tengah,sector.p2.value,0.009,RM billion (constant 2015 prices),2020-01-01,https://data.gov.my/data-catalogue/gdp_district_real_supply,fresh,2026-10-04T11:16:32Z
district,Melaka,Melaka Tengah,sector.p2.share,0.03,%,2020-01-01,https://data.gov.my/data-catalogue/gdp_district_real_supply,fresh,2026-10-04T11:16:32Z
district,Negeri Sembilan,Jelebu,incomeMean,4664.0,RM per household per month,2024-01-01,https://data.gov.my/data-catalogue/hies_district,fresh,2026-10-04T11:16:32Z
district,Negeri Sembilan,Jelebu,incomeMedian,3713.0,RM per household per month,2024-01-01,https://data.gov.my/data-catalogue/hies_district,fresh,2026-10-04T11:16:32Z
district,Negeri Sembilan,Jelebu,expenditureMean,3811.0,RM per household per month,2024-01-01,https://data.gov.my/data-catalogue/hies_district,fresh,2026-10-04T11:16:32Z
district,Negeri Sembilan,Jelebu,incomeMinusExpenditure,-98.0,RM per household per month,2024-01-01,https://data.gov.my/data-catalogue/hies_district,fresh,2026-10-04T11:16:32Z
district,Negeri Sembilan,Jelebu,incomeToExpenditureRatio,0.974,ratio,2024-01-01,https://data.gov.my/data-catalogue/hies_district,fresh,2026-10-04T11:16:32Z
district,Negeri Sembilan,Jelebu,poverty,6.4,%,2024-01-01,https://data.gov.my/data-catalogue/hies_district,fresh,2026-10-04T11:16:32Z
district,Negeri Sembilan,Jelebu,gini,0.313,coefficient,2024-01-01,https://data.gov.my/data-catalogue/hies_district,fresh,2026-10-04T11:16:32Z
district,Negeri Sembilan,Jelebu,unemploymentRate,3.5,%,2024-01-01,https://data.gov.my/data-catalogue/lfs_district,fresh,2026-10-04T11:16:32Z
district,Negeri Sembilan,Jelebu,participationRate,64.1,%,2024-01-01,https://data.gov.my/data-catalogue/lfs_district,fresh,2026-10-04T11:16:32Z
district,Negeri Sembilan,Jelebu,employmentPopulationRatio,61.9,%,2024-01-01,https://data.gov.my/data-catalogue/lfs_district,fresh,2026-10-04T11:16:32Z
district,Negeri Sembilan,Jelebu,labourForce,19.9,thousand persons,2024-01-01,https://data.gov.my/data-catalogue/lfs_district,fresh,2026-10-04T11:16:32Z
district,Negeri Sembilan,Jelebu,realGdp,1.015,RM billion (constant 2015 prices),2020-01-01,https://data.gov.my/data-catalogue/gdp_district_real_supply,fresh,2026-10-04T11:16:32Z
district,Negeri Sembilan,Jelebu,largestSector,Services,sector,2020-01-01,https://data.gov.my/data-catalogue/gdp_district_real_supply,fresh,2026-10-04T11:16:32Z
district,Negeri Sembilan,Jelebu,largestSectorShare,51.51,%,2020-01-01,https://data.gov.my/data-catalogue/gdp_district_real_supply,fresh,2026-10-04T11:16:32Z
district,Negeri Sembilan,Jelebu,sector.p5.value,0.523,RM billion (constant 2015 prices),2020-01-01,https://data.gov.my/data-catalogue/gdp_district_real_supply,fresh,2026-10-04T11:16:32Z
district,Negeri Sembilan,Jelebu,sector.p5.share,51.51,%,2020-01-01,https://data.gov.my/data-catalogue/gdp_district_real_supply,fresh,2026-10-04T11:16:32Z
district,Negeri Sembilan,Jelebu,sector.p1.value,0.419,RM billion (constant 2015 prices),2020-01-01,https://data.gov.my/data-catalogue/gdp_district_real_supply,fresh,2026-10-04T11:16:32Z
district,Negeri Sembilan,Jelebu,sector.p1.share,41.25,%,2020-01-01,https://data.gov.my/data-catalogue/gdp_district_real_supply,fresh,2026-10-04T11:16:32Z
district,Negeri Sembilan,Jelebu,sector.p3.value,0.036,RM billion (constant 2015 prices),2020-01-01,https://data.gov.my/data-catalogue/gdp_district_real_supply,fresh,2026-10-04T11:16:32Z
district,Negeri Sembilan,Jelebu,sector.p3.share,3.52,%,2020-01-01,https://data.gov.my/data-catalogue/gdp_district_real_supply,fresh,2026-10-04T11:16:32Z
district,Negeri Sembilan,Jelebu,sector.p2.value,0.029,RM billion (constant 2015 prices),2020-01-01,https://data.gov.my/data-catalogue/gdp_district_real_supply,fresh,2026-10-04T11:16:32Z
district,Negeri Sembilan,Jelebu,sector.p2.share,2.85,%,2020-01-01,https://data.gov.my/data-catalogue/gdp_district_real_supply,fresh,2026-10-04T11:16:32Z
district,Negeri Sembilan,Jempol,incomeMean,5777.0,RM per household per month,2024-01-01,https://data.gov.my/data-catalogue/hies_district,fresh,2026-10-04T11:16:32Z
district,Negeri Sembilan,Jempol,incomeMedian,4291.0,RM per household per month,2024-01-01,https://data.gov.my/data-catalogue/hies_district,fresh,2026-10-04T11:16:32Z
district,Negeri Sembilan,Jempol,expenditureMean,4113.0,RM per household per month,2024-01-01,https://data.gov.my/data-catalogue/hies_district,fresh,2026-10-04T11:16:32Z
district,Negeri Sembilan,Jempol,incomeMinusExpenditure,178.0,RM per household per month,2024-01-01,https://data.gov.my/data-catalogue/hies_district,fresh,2026-10-04T11:16:32Z
district,Negeri Sembilan,Jempol,incomeToExpenditureRatio,1.043,ratio,2024-01-01,https://data.gov.my/data-catalogue/hies_district,fresh,2026-10-04T11:16:32Z
district,Negeri Sembilan,Jempol,poverty,7.1,%,2024-01-01,https://data.gov.my/data-catalogue/hies_district,fresh,2026-10-04T11:16:32Z
district,Negeri Sembilan,Jempol,gini,0.364,coefficient,2024-01-01,https://data.gov.my/data-catalogue/hies_district,fresh,2026-10-04T11:16:32Z
district,Negeri Sembilan,Jempol,unemploymentRate,3.4,%,2024-01-01,https://data.gov.my/data-catalogue/lfs_district,fresh,2026-10-04T11:16:32Z
district,Negeri Sembilan,Jempol,participationRate,65.1,%,2024-01-01,https://data.gov.my/data-catalogue/lfs_district,fresh,2026-10-04T11:16:32Z
district,Negeri Sembilan,Jempol,employmentPopulationRatio,62.8,%,2024-01-01,https://data.gov.my/data-catalogue/lfs_district,fresh,2026-10-04T11:16:32Z
district,Negeri Sembilan,Jempol,labourForce,54.9,thousand persons,2024-01-01,https://data.gov.my/data-catalogue/lfs_district,fresh,2026-10-04T11:16:32Z
district,Negeri Sembilan,Jempol,realGdp,3.39,RM billion (constant 2015 prices),2020-01-01,https://data.gov.my/data-catalogue/gdp_district_real_supply,fresh,2026-10-04T11:16:32Z
district,Negeri Sembilan,Jempol,largestSector,Services,sector,2020-01-01,https://data.gov.my/data-catalogue/gdp_district_real_supply,fresh,2026-10-04T11:16:32Z
district,Negeri Sembilan,Jempol,largestSectorShare,51.25,%,2020-01-01,https://data.gov.my/data-catalogue/gdp_district_real_supply,fresh,2026-10-04T11:16:32Z
district,Negeri Sembilan,Jempol,sector.p5.value,1.738,RM billion (constant 2015 prices),2020-01-01,https://data.gov.my/data-catalogue/gdp_district_real_supply,fresh,2026-10-04T11:16:32Z
district,Negeri Sembilan,Jempol,sector.p5.share,51.25,%,2020-01-01,https://data.gov.my/data-catalogue/gdp_district_real_supply,fresh,2026-10-04T11:16:32Z
district,Negeri Sembilan,Jempol,sector.p1.value,0.879,RM billion (constant 2015 prices),2020-01-01,https://data.gov.my/data-catalogue/gdp_district_real_supply,fresh,2026-10-04T11:16:32Z
district,Negeri Sembilan,Jempol,sector.p1.share,25.93,%,2020-01-01,https://data.gov.my/data-catalogue/gdp_district_real_supply,fresh,2026-10-04T11:16:32Z
district,Negeri Sembilan,Jempol,sector.p3.value,0.652,RM billion (constant 2015 prices),2020-01-01,https://data.gov.my/data-catalogue/gdp_district_real_supply,fresh,2026-10-04T11:16:32Z
district,Negeri Sembilan,Jempol,sector.p3.share,19.24,%,2020-01-01,https://data.gov.my/data-catalogue/gdp_district_real_supply,fresh,2026-10-04T11:16:32Z
district,Negeri Sembilan,Jempol,sector.p4.value,0.08,RM billion (constant 2015 prices),2020-01-01,https://data.gov.my/data-catalogue/gdp_district_real_supply,fresh,2026-10-04T11:16:32Z
district,Negeri Sembilan,Jempol,sector.p4.share,2.36,%,2020-01-01,https://data.gov.my/data-catalogue/gdp_district_real_supply,fresh,2026-10-04T11:16:32Z
district,Negeri Sembilan,Jempol,sector.p2.value,0.0,RM billion (constant 2015 prices),2020-01-01,https://data.gov.my/data-catalogue/gdp_district_real_supply,fresh,2026-10-04T11:16:32Z
district,Negeri Sembilan,Jempol,sector.p2.share,0.0,%,2020-01-01,https://data.gov.my/data-catalogue/gdp_district_real_supply,fresh,2026-10-04T11:16:32Z
district,Negeri Sembilan,Kuala Pilah,incomeMean,4888.0,RM per household per month,2024-01-01,https://data.gov.my/data-catalogue/hies_district,fresh,2026-10-04T11:16:32Z
district,Negeri Sembilan,Kuala Pilah,incomeMedian,3996.0,RM per household per month,2024-01-01,https://data.gov.my/data-catalogue/hies_district,fresh,2026-10-04T11:16:32Z
district,Negeri Sembilan,Kuala Pilah,expenditureMean,3809.0,RM per household per month,2024-01-01,https://data.gov.my/data-catalogue/hies_district,fresh,2026-10-04T11:16:32Z
district,Negeri Sembilan,Kuala Pilah,incomeMinusExpenditure,187.0,RM per household per month,2024-01-01,https://data.gov.my/data-catalogue/hies_district,fresh,2026-10-04T11:16:32Z
district,Negeri Sembilan,Kuala Pilah,incomeToExpenditureRatio,1.049,ratio,2024-01-01,https://data.gov.my/data-catalogue/hies_district,fresh,2026-10-04T11:16:32Z
district,Negeri Sembilan,Kuala Pilah,poverty,6.2,%,2024-01-01,https://data.gov.my/data-catalogue/hies_district,fresh,2026-10-04T11:16:32Z
district,Negeri Sembilan,Kuala Pilah,gini,0.324,coefficient,2024-01-01,https://data.gov.my/data-catalogue/hies_district,fresh,2026-10-04T11:16:32Z
district,Negeri Sembilan,Kuala Pilah,unemploymentRate,4.7,%,2024-01-01,https://data.gov.my/data-catalogue/lfs_district,fresh,2026-10-04T11:16:32Z
district,Negeri Sembilan,Kuala Pilah,participationRate,62.0,%,2024-01-01,https://data.gov.my/data-catalogue/lfs_district,fresh,2026-10-04T11:16:32Z
district,Negeri Sembilan,Kuala Pilah,employmentPopulationRatio,59.0,%,2024-01-01,https://data.gov.my/data-catalogue/lfs_district,fresh,2026-10-04T11:16:32Z
district,Negeri Sembilan,Kuala Pilah,labourForce,31.0,thousand persons,2024-01-01,https://data.gov.my/data-catalogue/lfs_district,fresh,2026-10-04T11:16:32Z
district,Negeri Sembilan,Kuala Pilah,realGdp,1.524,RM billion (constant 2015 prices),2020-01-01,https://data.gov.my/data-catalogue/gdp_district_real_supply,fresh,2026-10-04T11:16:32Z
district,Negeri Sembilan,Kuala Pilah,largestSector,Services,sector,2020-01-01,https://data.gov.my/data-catalogue/gdp_district_real_supply,fresh,2026-10-04T11:16:32Z
district,Negeri Sembilan,Kuala Pilah,largestSectorShare,65.58,%,2020-01-01,https://data.gov.my/data-catalogue/gdp_district_real_supply,fresh,2026-10-04T11:16:32Z
district,Negeri Sembilan,Kuala Pilah,sector.p5.value,1.0,RM billion (constant 2015 prices),2020-01-01,https://data.gov.my/data-catalogue/gdp_district_real_supply,fresh,2026-10-04T11:16:32Z
district,Negeri Sembilan,Kuala Pilah,sector.p5.share,65.58,%,2020-01-01,https://data.gov.my/data-catalogue/gdp_district_real_supply,fresh,2026-10-04T11:16:32Z
district,Negeri Sembilan,Kuala Pilah,sector.p1.value,0.36,RM billion (constant 2015 prices),2020-01-01,https://data.gov.my/data-catalogue/gdp_district_real_supply,fresh,2026-10-04T11:16:32Z
district,Negeri Sembilan,Kuala Pilah,sector.p1.share,23.6,%,2020-01-01,https://data.gov.my/data-catalogue/gdp_district_real_supply,fresh,2026-10-04T11:16:32Z
district,Negeri Sembilan,Kuala Pilah,sector.p3.value,0.128,RM billion (constant 2015 prices),2020-01-01,https://data.gov.my/data-catalogue/gdp_district_real_supply,fresh,2026-10-04T11:16:32Z
district,Negeri Sembilan,Kuala Pilah,sector.p3.share,8.4,%,2020-01-01,https://data.gov.my/data-catalogue/gdp_district_real_supply,fresh,2026-10-04T11:16:32Z
district,Negeri Sembilan,Kuala Pilah,sector.p4.value,0.013,RM billion (constant 2015 prices),2020-01-01,https://data.gov.my/data-catalogue/gdp_district_real_supply,fresh,2026-10-04T11:16:32Z
district,Negeri Sembilan,Kuala Pilah,sector.p4.share,0.88,%,2020-01-01,https://data.gov.my/data-catalogue/gdp_district_real_supply,fresh,2026-10-04T11:16:32Z
district,Negeri Sembilan,Kuala Pilah,sector.p2.value,0.009,RM billion (constant 2015 prices),2020-01-01,https://data.gov.my/data-catalogue/gdp_district_real_supply,fresh,2026-10-04T11:16:32Z
district,Negeri Sembilan,Kuala Pilah,sector.p2.share,0.56,%,2020-01-01,https://data.gov.my/data-catalogue/gdp_district_real_supply,fresh,2026-10-04T11:16:32Z
district,Negeri Sembilan,Port Dickson,incomeMean,6280.0,RM per household per month,2024-01-01,https://data.gov.my/data-catalogue/hies_district,fresh,2026-10-04T11:16:32Z
district,Negeri Sembilan,Port Dickson,incomeMedian,5342.0,RM per household per month,2024-01-01,https://data.gov.my/data-catalogue/hies_district,fresh,2026-10-04T11:16:32Z
district,Negeri Sembilan,Port Dickson,expenditureMean,4709.0,RM per household per month,2024-01-01,https://data.gov.my/data-catalogue/hies_district,fresh,2026-10-04T11:16:32Z
district,Negeri Sembilan,Port Dickson,incomeMinusExpenditure,633.0,RM per household per month,2024-01-01,https://data.gov.my/data-catalogue/hies_district,fresh,2026-10-04T11:16:32Z
district,Negeri Sembilan,Port Dickson,incomeToExpenditureRatio,1.134,ratio,2024-01-01,https://data.gov.my/data-catalogue/hies_district,fresh,2026-10-04T11:16:32Z
district,Negeri Sembilan,Port Dickson,poverty,4.4,%,2024-01-01,https://data.gov.my/data-catalogue/hies_district,fresh,2026-10-04T11:16:32Z
district,Negeri Sembilan,Port Dickson,gini,0.324,coefficient,2024-01-01,https://data.gov.my/data-catalogue/hies_district,fresh,2026-10-04T11:16:32Z
district,Negeri Sembilan,Port Dickson,unemploymentRate,4.2,%,2024-01-01,https://data.gov.my/data-catalogue/lfs_district,fresh,2026-10-04T11:16:32Z
district,Negeri Sembilan,Port Dickson,participationRate,67.0,%,2024-01-01,https://data.gov.my/data-catalogue/lfs_district,fresh,2026-10-04T11:16:32Z
district,Negeri Sembilan,Port Dickson,employmentPopulationRatio,64.1,%,2024-01-01,https://data.gov.my/data-catalogue/lfs_district,fresh,2026-10-04T11:16:32Z
district,Negeri Sembilan,Port Dickson,labourForce,62.9,thousand persons,2024-01-01,https://data.gov.my/data-catalogue/lfs_district,fresh,2026-10-04T11:16:32Z
district,Negeri Sembilan,Port Dickson,realGdp,7.56,RM billion (constant 2015 prices),2020-01-01,https://data.gov.my/data-catalogue/gdp_district_real_supply,fresh,2026-10-04T11:16:32Z
district,Negeri Sembilan,Port Dickson,largestSector,Manufacturing,sector,2020-01-01,https://data.gov.my/data-catalogue/gdp_district_real_supply,fresh,2026-10-04T11:16:32Z
district,Negeri Sembilan,Port Dickson,largestSectorShare,49.85,%,2020-01-01,https://data.gov.my/data-catalogue/gdp_district_real_supply,fresh,2026-10-04T11:16:32Z
district,Negeri Sembilan,Port Dickson,sector.p3.value,3.769,RM billion (constant 2015 prices),2020-01-01,https://data.gov.my/data-catalogue/gdp_district_real_supply,fresh,2026-10-04T11:16:32Z
district,Negeri Sembilan,Port Dickson,sector.p3.share,49.85,%,2020-01-01,https://data.gov.my/data-catalogue/gdp_district_real_supply,fresh,2026-10-04T11:16:32Z
district,Negeri Sembilan,Port Dickson,sector.p5.value,2.709,RM billion (constant 2015 prices),2020-01-01,https://data.gov.my/data-catalogue/gdp_district_real_supply,fresh,2026-10-04T11:16:32Z
district,Negeri Sembilan,Port Dickson,sector.p5.share,35.83,%,2020-01-01,https://data.gov.my/data-catalogue/gdp_district_real_supply,fresh,2026-10-04T11:16:32Z
district,Negeri Sembilan,Port Dickson,sector.p1.value,0.505,RM billion (constant 2015 prices),2020-01-01,https://data.gov.my/data-catalogue/gdp_district_real_supply,fresh,2026-10-04T11:16:32Z
district,Negeri Sembilan,Port Dickson,sector.p1.share,6.67,%,2020-01-01,https://data.gov.my/data-catalogue/gdp_district_real_supply,fresh,2026-10-04T11:16:32Z
district,Negeri Sembilan,Port Dickson,sector.p4.value,0.372,RM billion (constant 2015 prices),2020-01-01,https://data.gov.my/data-catalogue/gdp_district_real_supply,fresh,2026-10-04T11:16:32Z
district,Negeri Sembilan,Port Dickson,sector.p4.share,4.93,%,2020-01-01,https://data.gov.my/data-catalogue/gdp_district_real_supply,fresh,2026-10-04T11:16:32Z
district,Negeri Sembilan,Port Dickson,sector.p2.value,0.022,RM billion (constant 2015 prices),2020-01-01,https://data.gov.my/data-catalogue/gdp_district_real_supply,fresh,2026-10-04T11:16:32Z
district,Negeri Sembilan,Port Dickson,sector.p2.share,0.3,%,2020-01-01,https://data.gov.my/data-catalogue/gdp_district_real_supply,fresh,2026-10-04T11:16:32Z
district,Negeri Sembilan,Rembau,incomeMean,5723.0,RM per household per month,2024-01-01,https://data.gov.my/data-catalogue/hies_district,fresh,2026-10-04T11:16:32Z
district,Negeri Sembilan,Rembau,incomeMedian,4894.0,RM per household per month,2024-01-01,https://data.gov.my/data-catalogue/hies_district,fresh,2026-10-04T11:16:32Z
district,Negeri Sembilan,Rembau,expenditureMean,4226.0,RM per household per month,2024-01-01,https://data.gov.my/data-catalogue/hies_district,fresh,2026-10-04T11:16:32Z
district,Negeri Sembilan,Rembau,incomeMinusExpenditure,668.0,RM per household per month,2024-01-01,https://data.gov.my/data-catalogue/hies_district,fresh,2026-10-04T11:16:32Z
district,Negeri Sembilan,Rembau,incomeToExpenditureRatio,1.158,ratio,2024-01-01,https://data.gov.my/data-catalogue/hies_district,fresh,2026-10-04T11:16:32Z
district,Negeri Sembilan,Rembau,poverty,2.6,%,2024-01-01,https://data.gov.my/data-catalogue/hies_district,fresh,2026-10-04T11:16:32Z
district,Negeri Sembilan,Rembau,gini,0.339,coefficient,2024-01-01,https://data.gov.my/data-catalogue/hies_district,fresh,2026-10-04T11:16:32Z
district,Negeri Sembilan,Rembau,unemploymentRate,3.5,%,2024-01-01,https://data.gov.my/data-catalogue/lfs_district,fresh,2026-10-04T11:16:32Z
district,Negeri Sembilan,Rembau,participationRate,66.7,%,2024-01-01,https://data.gov.my/data-catalogue/lfs_district,fresh,2026-10-04T11:16:32Z
district,Negeri Sembilan,Rembau,employmentPopulationRatio,64.3,%,2024-01-01,https://data.gov.my/data-catalogue/lfs_district,fresh,2026-10-04T11:16:32Z
district,Negeri Sembilan,Rembau,labourForce,22.8,thousand persons,2024-01-01,https://data.gov.my/data-catalogue/lfs_district,fresh,2026-10-04T11:16:32Z
district,Negeri Sembilan,Rembau,realGdp,1.175,RM billion (constant 2015 prices),2020-01-01,https://data.gov.my/data-catalogue/gdp_district_real_supply,fresh,2026-10-04T11:16:32Z
district,Negeri Sembilan,Rembau,largestSector,Services,sector,2020-01-01,https://data.gov.my/data-catalogue/gdp_district_real_supply,fresh,2026-10-04T11:16:32Z
district,Negeri Sembilan,Rembau,largestSectorShare,42.25,%,2020-01-01,https://data.gov.my/data-catalogue/gdp_district_real_supply,fresh,2026-10-04T11:16:32Z
district,Negeri Sembilan,Rembau,sector.p5.value,0.497,RM billion (constant 2015 prices),2020-01-01,https://data.gov.my/data-catalogue/gdp_district_real_supply,fresh,2026-10-04T11:16:32Z
district,Negeri Sembilan,Rembau,sector.p5.share,42.25,%,2020-01-01,https://data.gov.my/data-catalogue/gdp_district_real_supply,fresh,2026-10-04T11:16:32Z
district,Negeri Sembilan,Rembau,sector.p3.value,0.392,RM billion (constant 2015 prices),2020-01-01,https://data.gov.my/data-catalogue/gdp_district_real_supply,fresh,2026-10-04T11:16:32Z
district,Negeri Sembilan,Rembau,sector.p3.share,33.39,%,2020-01-01,https://data.gov.my/data-catalogue/gdp_district_real_supply,fresh,2026-10-04T11:16:32Z
district,Negeri Sembilan,Rembau,sector.p1.value,0.25,RM billion (constant 2015 prices),2020-01-01,https://data.gov.my/data-catalogue/gdp_district_real_supply,fresh,2026-10-04T11:16:32Z
district,Negeri Sembilan,Rembau,sector.p1.share,21.26,%,2020-01-01,https://data.gov.my/data-catalogue/gdp_district_real_supply,fresh,2026-10-04T11:16:32Z
district,Negeri Sembilan,Rembau,sector.p4.value,0.018,RM billion (constant 2015 prices),2020-01-01,https://data.gov.my/data-catalogue/gdp_district_real_supply,fresh,2026-10-04T11:16:32Z
district,Negeri Sembilan,Rembau,sector.p4.share,1.55,%,2020-01-01,https://data.gov.my/data-catalogue/gdp_district_real_supply,fresh,2026-10-04T11:16:32Z
district,Negeri Sembilan,Seremban,incomeMean,8395.0,RM per household per month,2024-01-01,https://data.gov.my/data-catalogue/hies_district,fresh,2026-10-04T11:16:32Z
district,Negeri Sembilan,Seremban,incomeMedian,6472.0,RM per household per month,2024-01-01,https://data.gov.my/data-catalogue/hies_district,fresh,2026-10-04T11:16:32Z
district,Negeri Sembilan,Seremban,expenditureMean,5686.0,RM per household per month,2024-01-01,https://data.gov.my/data-catalogue/hies_district,fresh,2026-10-04T11:16:32Z
district,Negeri Sembilan,Seremban,incomeMinusExpenditure,786.0,RM per household per month,2024-01-01,https://data.gov.my/data-catalogue/hies_district,fresh,2026-10-04T11:16:32Z
district,Negeri Sembilan,Seremban,incomeToExpenditureRatio,1.138,ratio,2024-01-01,https://data.gov.my/data-catalogue/hies_district,fresh,2026-10-04T11:16:32Z
district,Negeri Sembilan,Seremban,poverty,2.8,%,2024-01-01,https://data.gov.my/data-catalogue/hies_district,fresh,2026-10-04T11:16:32Z
district,Negeri Sembilan,Seremban,gini,0.368,coefficient,2024-01-01,https://data.gov.my/data-catalogue/hies_district,fresh,2026-10-04T11:16:32Z
district,Negeri Sembilan,Seremban,unemploymentRate,2.7,%,2024-01-01,https://data.gov.my/data-catalogue/lfs_district,fresh,2026-10-04T11:16:32Z
district,Negeri Sembilan,Seremban,participationRate,67.6,%,2024-01-01,https://data.gov.my/data-catalogue/lfs_district,fresh,2026-10-04T11:16:32Z
district,Negeri Sembilan,Seremban,employmentPopulationRatio,65.8,%,2024-01-01,https://data.gov.my/data-catalogue/lfs_district,fresh,2026-10-04T11:16:32Z
district,Negeri Sembilan,Seremban,labourForce,336.1,thousand persons,2024-01-01,https://data.gov.my/data-catalogue/lfs_district,fresh,2026-10-04T11:16:32Z
district,Negeri Sembilan,Seremban,realGdp,29.431,RM billion (constant 2015 prices),2020-01-01,https://data.gov.my/data-catalogue/gdp_district_real_supply,fresh,2026-10-04T11:16:32Z
district,Negeri Sembilan,Seremban,largestSector,Services,sector,2020-01-01,https://data.gov.my/data-catalogue/gdp_district_real_supply,fresh,2026-10-04T11:16:32Z
district,Negeri Sembilan,Seremban,largestSectorShare,54.45,%,2020-01-01,https://data.gov.my/data-catalogue/gdp_district_real_supply,fresh,2026-10-04T11:16:32Z
district,Negeri Sembilan,Seremban,sector.p5.value,16.025,RM billion (constant 2015 prices),2020-01-01,https://data.gov.my/data-catalogue/gdp_district_real_supply,fresh,2026-10-04T11:16:32Z
district,Negeri Sembilan,Seremban,sector.p5.share,54.45,%,2020-01-01,https://data.gov.my/data-catalogue/gdp_district_real_supply,fresh,2026-10-04T11:16:32Z
district,Negeri Sembilan,Seremban,sector.p3.value,11.434,RM billion (constant 2015 prices),2020-01-01,https://data.gov.my/data-catalogue/gdp_district_real_supply,fresh,2026-10-04T11:16:32Z
district,Negeri Sembilan,Seremban,sector.p3.share,38.85,%,2020-01-01,https://data.gov.my/data-catalogue/gdp_district_real_supply,fresh,2026-10-04T11:16:32Z
district,Negeri Sembilan,Seremban,sector.p4.value,0.855,RM billion (constant 2015 prices),2020-01-01,https://data.gov.my/data-catalogue/gdp_district_real_supply,fresh,2026-10-04T11:16:32Z
district,Negeri Sembilan,Seremban,sector.p4.share,2.9,%,2020-01-01,https://data.gov.my/data-catalogue/gdp_district_real_supply,fresh,2026-10-04T11:16:32Z
district,Negeri Sembilan,Seremban,sector.p1.value,0.442,RM billion (constant 2015 prices),2020-01-01,https://data.gov.my/data-catalogue/gdp_district_real_supply,fresh,2026-10-04T11:16:32Z
district,Negeri Sembilan,Seremban,sector.p1.share,1.5,%,2020-01-01,https://data.gov.my/data-catalogue/gdp_district_real_supply,fresh,2026-10-04T11:16:32Z
district,Negeri Sembilan,Seremban,sector.p2.value,0.1,RM billion (constant 2015 prices),2020-01-01,https://data.gov.my/data-catalogue/gdp_district_real_supply,fresh,2026-10-04T11:16:32Z
district,Negeri Sembilan,Seremban,sector.p2.share,0.34,%,2020-01-01,https://data.gov.my/data-catalogue/gdp_district_real_supply,fresh,2026-10-04T11:16:32Z
district,Negeri Sembilan,Tampin,incomeMean,5715.0,RM per household per month,2024-01-01,https://data.gov.my/data-catalogue/hies_district,fresh,2026-10-04T11:16:32Z
district,Negeri Sembilan,Tampin,incomeMedian,4367.0,RM per household per month,2024-01-01,https://data.gov.my/data-catalogue/hies_district,fresh,2026-10-04T11:16:32Z
district,Negeri Sembilan,Tampin,expenditureMean,4238.0,RM per household per month,2024-01-01,https://data.gov.my/data-catalogue/hies_district,fresh,2026-10-04T11:16:32Z
district,Negeri Sembilan,Tampin,incomeMinusExpenditure,129.0,RM per household per month,2024-01-01,https://data.gov.my/data-catalogue/hies_district,fresh,2026-10-04T11:16:32Z
district,Negeri Sembilan,Tampin,incomeToExpenditureRatio,1.03,ratio,2024-01-01,https://data.gov.my/data-catalogue/hies_district,fresh,2026-10-04T11:16:32Z
district,Negeri Sembilan,Tampin,poverty,7.0,%,2024-01-01,https://data.gov.my/data-catalogue/hies_district,fresh,2026-10-04T11:16:32Z
district,Negeri Sembilan,Tampin,gini,0.349,coefficient,2024-01-01,https://data.gov.my/data-catalogue/hies_district,fresh,2026-10-04T11:16:32Z
district,Negeri Sembilan,Tampin,unemploymentRate,3.0,%,2024-01-01,https://data.gov.my/data-catalogue/lfs_district,fresh,2026-10-04T11:16:32Z
district,Negeri Sembilan,Tampin,participationRate,66.3,%,2024-01-01,https://data.gov.my/data-catalogue/lfs_district,fresh,2026-10-04T11:16:32Z
district,Negeri Sembilan,Tampin,employmentPopulationRatio,64.3,%,2024-01-01,https://data.gov.my/data-catalogue/lfs_district,fresh,2026-10-04T11:16:32Z
district,Negeri Sembilan,Tampin,labourForce,39.7,thousand persons,2024-01-01,https://data.gov.my/data-catalogue/lfs_district,fresh,2026-10-04T11:16:32Z
district,Negeri Sembilan,Tampin,realGdp,2.24,RM billion (constant 2015 prices),2020-01-01,https://data.gov.my/data-catalogue/gdp_district_real_supply,fresh,2026-10-04T11:16:32Z
district,Negeri Sembilan,Tampin,largestSector,Services,sector,2020-01-01,https://data.gov.my/data-catalogue/gdp_district_real_supply,fresh,2026-10-04T11:16:32Z
district,Negeri Sembilan,Tampin,largestSectorShare,59.45,%,2020-01-01,https://data.gov.my/data-catalogue/gdp_district_real_supply,fresh,2026-10-04T11:16:32Z
district,Negeri Sembilan,Tampin,sector.p5.value,1.332,RM billion (constant 2015 prices),2020-01-01,https://data.gov.my/data-catalogue/gdp_district_real_supply,fresh,2026-10-04T11:16:32Z
district,Negeri Sembilan,Tampin,sector.p5.share,59.45,%,2020-01-01,https://data.gov.my/data-catalogue/gdp_district_real_supply,fresh,2026-10-04T11:16:32Z
district,Negeri Sembilan,Tampin,sector.p1.value,0.465,RM billion (constant 2015 prices),2020-01-01,https://data.gov.my/data-catalogue/gdp_district_real_supply,fresh,2026-10-04T11:16:32Z
district,Negeri Sembilan,Tampin,sector.p1.share,20.77,%,2020-01-01,https://data.gov.my/data-catalogue/gdp_district_real_supply,fresh,2026-10-04T11:16:32Z
district,Negeri Sembilan,Tampin,sector.p3.value,0.349,RM billion (constant 2015 prices),2020-01-01,https://data.gov.my/data-catalogue/gdp_district_real_supply,fresh,2026-10-04T11:16:32Z
district,Negeri Sembilan,Tampin,sector.p3.share,15.57,%,2020-01-01,https://data.gov.my/data-catalogue/gdp_district_real_supply,fresh,2026-10-04T11:16:32Z
district,Negeri Sembilan,Tampin,sector.p2.value,0.038,RM billion (constant 2015 prices),2020-01-01,https://data.gov.my/data-catalogue/gdp_district_real_supply,fresh,2026-10-04T11:16:32Z
district,Negeri Sembilan,Tampin,sector.p2.share,1.69,%,2020-01-01,https://data.gov.my/data-catalogue/gdp_district_real_supply,fresh,2026-10-04T11:16:32Z
district,Negeri Sembilan,Tampin,sector.p4.value,0.028,RM billion (constant 2015 prices),2020-01-01,https://data.gov.my/data-catalogue/gdp_district_real_supply,fresh,2026-10-04T11:16:32Z
district,Negeri Sembilan,Tampin,sector.p4.share,1.27,%,2020-01-01,https://data.gov.my/data-catalogue/gdp_district_real_supply,fresh,2026-10-04T11:16:32Z
district,Pahang,Bentong,incomeMean,6278.0,RM per household per month,2024-01-01,https://data.gov.my/data-catalogue/hies_district,fresh,2026-10-04T11:16:32Z
district,Pahang,Bentong,incomeMedian,5015.0,RM per household per month,2024-01-01,https://data.gov.my/data-catalogue/hies_district,fresh,2026-10-04T11:16:32Z
district,Pahang,Bentong,expenditureMean,4631.0,RM per household per month,2024-01-01,https://data.gov.my/data-catalogue/hies_district,fresh,2026-10-04T11:16:32Z
district,Pahang,Bentong,incomeMinusExpenditure,384.0,RM per household per month,2024-01-01,https://data.gov.my/data-catalogue/hies_district,fresh,2026-10-04T11:16:32Z
district,Pahang,Bentong,incomeToExpenditureRatio,1.083,ratio,2024-01-01,https://data.gov.my/data-catalogue/hies_district,fresh,2026-10-04T11:16:32Z
district,Pahang,Bentong,poverty,2.0,%,2024-01-01,https://data.gov.my/data-catalogue/hies_district,fresh,2026-10-04T11:16:32Z
district,Pahang,Bentong,gini,0.286,coefficient,2024-01-01,https://data.gov.my/data-catalogue/hies_district,fresh,2026-10-04T11:16:32Z
district,Pahang,Bentong,unemploymentRate,1.5,%,2024-01-01,https://data.gov.my/data-catalogue/lfs_district,fresh,2026-10-04T11:16:32Z
district,Pahang,Bentong,participationRate,66.3,%,2024-01-01,https://data.gov.my/data-catalogue/lfs_district,fresh,2026-10-04T11:16:32Z
district,Pahang,Bentong,employmentPopulationRatio,65.3,%,2024-01-01,https://data.gov.my/data-catalogue/lfs_district,fresh,2026-10-04T11:16:32Z
district,Pahang,Bentong,labourForce,57.4,thousand persons,2024-01-01,https://data.gov.my/data-catalogue/lfs_district,fresh,2026-10-04T11:16:32Z
district,Pahang,Bentong,realGdp,6.517,RM billion (constant 2015 prices),2020-01-01,https://data.gov.my/data-catalogue/gdp_district_real_supply,fresh,2026-10-04T11:16:32Z
district,Pahang,Bentong,largestSector,Services,sector,2020-01-01,https://data.gov.my/data-catalogue/gdp_district_real_supply,fresh,2026-10-04T11:16:32Z
district,Pahang,Bentong,largestSectorShare,74.7,%,2020-01-01,https://data.gov.my/data-catalogue/gdp_district_real_supply,fresh,2026-10-04T11:16:32Z
district,Pahang,Bentong,sector.p5.value,4.868,RM billion (constant 2015 prices),2020-01-01,https://data.gov.my/data-catalogue/gdp_district_real_supply,fresh,2026-10-04T11:16:32Z
district,Pahang,Bentong,sector.p5.share,74.7,%,2020-01-01,https://data.gov.my/data-catalogue/gdp_district_real_supply,fresh,2026-10-04T11:16:32Z
district,Pahang,Bentong,sector.p3.value,0.727,RM billion (constant 2015 prices),2020-01-01,https://data.gov.my/data-catalogue/gdp_district_real_supply,fresh,2026-10-04T11:16:32Z
district,Pahang,Bentong,sector.p3.share,11.16,%,2020-01-01,https://data.gov.my/data-catalogue/gdp_district_real_supply,fresh,2026-10-04T11:16:32Z
district,Pahang,Bentong,sector.p1.value,0.588,RM billion (constant 2015 prices),2020-01-01,https://data.gov.my/data-catalogue/gdp_district_real_supply,fresh,2026-10-04T11:16:32Z
district,Pahang,Bentong,sector.p1.share,9.02,%,2020-01-01,https://data.gov.my/data-catalogue/gdp_district_real_supply,fresh,2026-10-04T11:16:32Z
district,Pahang,Bentong,sector.p4.value,0.319,RM billion (constant 2015 prices),2020-01-01,https://data.gov.my/data-catalogue/gdp_district_real_supply,fresh,2026-10-04T11:16:32Z
district,Pahang,Bentong,sector.p4.share,4.89,%,2020-01-01,https://data.gov.my/data-catalogue/gdp_district_real_supply,fresh,2026-10-04T11:16:32Z
district,Pahang,Bentong,sector.p2.value,0.011,RM billion (constant 2015 prices),2020-01-01,https://data.gov.my/data-catalogue/gdp_district_real_supply,fresh,2026-10-04T11:16:32Z
district,Pahang,Bentong,sector.p2.share,0.17,%,2020-01-01,https://data.gov.my/data-catalogue/gdp_district_real_supply,fresh,2026-10-04T11:16:32Z
district,Pahang,Bera,incomeMean,4997.0,RM per household per month,2024-01-01,https://data.gov.my/data-catalogue/hies_district,fresh,2026-10-04T11:16:32Z
district,Pahang,Bera,incomeMedian,4269.0,RM per household per month,2024-01-01,https://data.gov.my/data-catalogue/hies_district,fresh,2026-10-04T11:16:32Z
district,Pahang,Bera,expenditureMean,3548.0,RM per household per month,2024-01-01,https://data.gov.my/data-catalogue/hies_district,fresh,2026-10-04T11:16:32Z
district,Pahang,Bera,incomeMinusExpenditure,721.0,RM per household per month,2024-01-01,https://data.gov.my/data-catalogue/hies_district,fresh,2026-10-04T11:16:32Z
district,Pahang,Bera,incomeToExpenditureRatio,1.203,ratio,2024-01-01,https://data.gov.my/data-catalogue/hies_district,fresh,2026-10-04T11:16:32Z
district,Pahang,Bera,poverty,9.0,%,2024-01-01,https://data.gov.my/data-catalogue/hies_district,fresh,2026-10-04T11:16:32Z
district,Pahang,Bera,gini,0.361,coefficient,2024-01-01,https://data.gov.my/data-catalogue/hies_district,fresh,2026-10-04T11:16:32Z
district,Pahang,Bera,unemploymentRate,2.8,%,2024-01-01,https://data.gov.my/data-catalogue/lfs_district,fresh,2026-10-04T11:16:32Z
district,Pahang,Bera,participationRate,53.9,%,2024-01-01,https://data.gov.my/data-catalogue/lfs_district,fresh,2026-10-04T11:16:32Z
district,Pahang,Bera,employmentPopulationRatio,52.4,%,2024-01-01,https://data.gov.my/data-catalogue/lfs_district,fresh,2026-10-04T11:16:32Z
district,Pahang,Bera,labourForce,37.8,thousand persons,2024-01-01,https://data.gov.my/data-catalogue/lfs_district,fresh,2026-10-04T11:16:32Z
district,Pahang,Bera,realGdp,1.899,RM billion (constant 2015 prices),2020-01-01,https://data.gov.my/data-catalogue/gdp_district_real_supply,fresh,2026-10-04T11:16:32Z
district,Pahang,Bera,largestSector,Agriculture,sector,2020-01-01,https://data.gov.my/data-catalogue/gdp_district_real_supply,fresh,2026-10-04T11:16:32Z
district,Pahang,Bera,largestSectorShare,53.34,%,2020-01-01,https://data.gov.my/data-catalogue/gdp_district_real_supply,fresh,2026-10-04T11:16:32Z
district,Pahang,Bera,sector.p1.value,1.013,RM billion (constant 2015 prices),2020-01-01,https://data.gov.my/data-catalogue/gdp_district_real_supply,fresh,2026-10-04T11:16:32Z
district,Pahang,Bera,sector.p1.share,53.34,%,2020-01-01,https://data.gov.my/data-catalogue/gdp_district_real_supply,fresh,2026-10-04T11:16:32Z
district,Pahang,Bera,sector.p5.value,0.782,RM billion (constant 2015 prices),2020-01-01,https://data.gov.my/data-catalogue/gdp_district_real_supply,fresh,2026-10-04T11:16:32Z
district,Pahang,Bera,sector.p5.share,41.18,%,2020-01-01,https://data.gov.my/data-catalogue/gdp_district_real_supply,fresh,2026-10-04T11:16:32Z
district,Pahang,Bera,sector.p3.value,0.075,RM billion (constant 2015 prices),2020-01-01,https://data.gov.my/data-catalogue/gdp_district_real_supply,fresh,2026-10-04T11:16:32Z
district,Pahang,Bera,sector.p3.share,3.97,%,2020-01-01,https://data.gov.my/data-catalogue/gdp_district_real_supply,fresh,2026-10-04T11:16:32Z
district,Pahang,Bera,sector.p4.value,0.021,RM billion (constant 2015 prices),2020-01-01,https://data.gov.my/data-catalogue/gdp_district_real_supply,fresh,2026-10-04T11:16:32Z
district,Pahang,Bera,sector.p4.share,1.08,%,2020-01-01,https://data.gov.my/data-catalogue/gdp_district_real_supply,fresh,2026-10-04T11:16:32Z
district,Pahang,Bera,sector.p2.value,0.007,RM billion (constant 2015 prices),2020-01-01,https://data.gov.my/data-catalogue/gdp_district_real_supply,fresh,2026-10-04T11:16:32Z
district,Pahang,Bera,sector.p2.share,0.35,%,2020-01-01,https://data.gov.my/data-catalogue/gdp_district_real_supply,fresh,2026-10-04T11:16:32Z
district,Pahang,Cameron Highlands,incomeMean,6895.0,RM per household per month,2024-01-01,https://data.gov.my/data-catalogue/hies_district,fresh,2026-10-04T11:16:32Z
district,Pahang,Cameron Highlands,incomeMedian,5655.0,RM per household per month,2024-01-01,https://data.gov.my/data-catalogue/hies_district,fresh,2026-10-04T11:16:32Z
district,Pahang,Cameron Highlands,expenditureMean,4672.0,RM per household per month,2024-01-01,https://data.gov.my/data-catalogue/hies_district,fresh,2026-10-04T11:16:32Z
district,Pahang,Cameron Highlands,incomeMinusExpenditure,983.0,RM per household per month,2024-01-01,https://data.gov.my/data-catalogue/hies_district,fresh,2026-10-04T11:16:32Z
district,Pahang,Cameron Highlands,incomeToExpenditureRatio,1.21,ratio,2024-01-01,https://data.gov.my/data-catalogue/hies_district,fresh,2026-10-04T11:16:32Z
district,Pahang,Cameron Highlands,poverty,5.0,%,2024-01-01,https://data.gov.my/data-catalogue/hies_district,fresh,2026-10-04T11:16:32Z
district,Pahang,Cameron Highlands,gini,0.294,coefficient,2024-01-01,https://data.gov.my/data-catalogue/hies_district,fresh,2026-10-04T11:16:32Z
district,Pahang,Cameron Highlands,unemploymentRate,1.5,%,2024-01-01,https://data.gov.my/data-catalogue/lfs_district,fresh,2026-10-04T11:16:32Z
district,Pahang,Cameron Highlands,participationRate,71.8,%,2024-01-01,https://data.gov.my/data-catalogue/lfs_district,fresh,2026-10-04T11:16:32Z
district,Pahang,Cameron Highlands,employmentPopulationRatio,70.6,%,2024-01-01,https://data.gov.my/data-catalogue/lfs_district,fresh,2026-10-04T11:16:32Z
district,Pahang,Cameron Highlands,labourForce,23.7,thousand persons,2024-01-01,https://data.gov.my/data-catalogue/lfs_district,fresh,2026-10-04T11:16:32Z
district,Pahang,Cameron Highlands,realGdp,3.557,RM billion (constant 2015 prices),2020-01-01,https://data.gov.my/data-catalogue/gdp_district_real_supply,fresh,2026-10-04T11:16:32Z
district,Pahang,Cameron Highlands,largestSector,Agriculture,sector,2020-01-01,https://data.gov.my/data-catalogue/gdp_district_real_supply,fresh,2026-10-04T11:16:32Z
district,Pahang,Cameron Highlands,largestSectorShare,73.66,%,2020-01-01,https://data.gov.my/data-catalogue/gdp_district_real_supply,fresh,2026-10-04T11:16:32Z
district,Pahang,Cameron Highlands,sector.p1.value,2.62,RM billion (constant 2015 prices),2020-01-01,https://data.gov.my/data-catalogue/gdp_district_real_supply,fresh,2026-10-04T11:16:32Z
district,Pahang,Cameron Highlands,sector.p1.share,73.66,%,2020-01-01,https://data.gov.my/data-catalogue/gdp_district_real_supply,fresh,2026-10-04T11:16:32Z
district,Pahang,Cameron Highlands,sector.p5.value,0.795,RM billion (constant 2015 prices),2020-01-01,https://data.gov.my/data-catalogue/gdp_district_real_supply,fresh,2026-10-04T11:16:32Z
district,Pahang,Cameron Highlands,sector.p5.share,22.36,%,2020-01-01,https://data.gov.my/data-catalogue/gdp_district_real_supply,fresh,2026-10-04T11:16:32Z
district,Pahang,Cameron Highlands,sector.p4.value,0.111,RM billion (constant 2015 prices),2020-01-01,https://data.gov.my/data-catalogue/gdp_district_real_supply,fresh,2026-10-04T11:16:32Z
district,Pahang,Cameron Highlands,sector.p4.share,3.11,%,2020-01-01,https://data.gov.my/data-catalogue/gdp_district_real_supply,fresh,2026-10-04T11:16:32Z
district,Pahang,Cameron Highlands,sector.p3.value,0.029,RM billion (constant 2015 prices),2020-01-01,https://data.gov.my/data-catalogue/gdp_district_real_supply,fresh,2026-10-04T11:16:32Z
district,Pahang,Cameron Highlands,sector.p3.share,0.81,%,2020-01-01,https://data.gov.my/data-catalogue/gdp_district_real_supply,fresh,2026-10-04T11:16:32Z
district,Pahang,Jerantut,incomeMean,5220.0,RM per household per month,2024-01-01,https://data.gov.my/data-catalogue/hies_district,fresh,2026-10-04T11:16:32Z
district,Pahang,Jerantut,incomeMedian,4231.0,RM per household per month,2024-01-01,https://data.gov.my/data-catalogue/hies_district,fresh,2026-10-04T11:16:32Z
district,Pahang,Jerantut,expenditureMean,3732.0,RM per household per month,2024-01-01,https://data.gov.my/data-catalogue/hies_district,fresh,2026-10-04T11:16:32Z
district,Pahang,Jerantut,incomeMinusExpenditure,499.0,RM per household per month,2024-01-01,https://data.gov.my/data-catalogue/hies_district,fresh,2026-10-04T11:16:32Z
district,Pahang,Jerantut,incomeToExpenditureRatio,1.134,ratio,2024-01-01,https://data.gov.my/data-catalogue/hies_district,fresh,2026-10-04T11:16:32Z
district,Pahang,Jerantut,poverty,8.8,%,2024-01-01,https://data.gov.my/data-catalogue/hies_district,fresh,2026-10-04T11:16:32Z
district,Pahang,Jerantut,gini,0.319,coefficient,2024-01-01,https://data.gov.my/data-catalogue/hies_district,fresh,2026-10-04T11:16:32Z
district,Pahang,Jerantut,unemploymentRate,2.8,%,2024-01-01,https://data.gov.my/data-catalogue/lfs_district,fresh,2026-10-04T11:16:32Z
district,Pahang,Jerantut,participationRate,63.7,%,2024-01-01,https://data.gov.my/data-catalogue/lfs_district,fresh,2026-10-04T11:16:32Z
district,Pahang,Jerantut,employmentPopulationRatio,62.0,%,2024-01-01,https://data.gov.my/data-catalogue/lfs_district,fresh,2026-10-04T11:16:32Z
district,Pahang,Jerantut,labourForce,43.4,thousand persons,2024-01-01,https://data.gov.my/data-catalogue/lfs_district,fresh,2026-10-04T11:16:32Z
district,Pahang,Jerantut,realGdp,2.104,RM billion (constant 2015 prices),2020-01-01,https://data.gov.my/data-catalogue/gdp_district_real_supply,fresh,2026-10-04T11:16:32Z
district,Pahang,Jerantut,largestSector,Agriculture,sector,2020-01-01,https://data.gov.my/data-catalogue/gdp_district_real_supply,fresh,2026-10-04T11:16:32Z
district,Pahang,Jerantut,largestSectorShare,46.16,%,2020-01-01,https://data.gov.my/data-catalogue/gdp_district_real_supply,fresh,2026-10-04T11:16:32Z
district,Pahang,Jerantut,sector.p1.value,0.971,RM billion (constant 2015 prices),2020-01-01,https://data.gov.my/data-catalogue/gdp_district_real_supply,fresh,2026-10-04T11:16:32Z
district,Pahang,Jerantut,sector.p1.share,46.16,%,2020-01-01,https://data.gov.my/data-catalogue/gdp_district_real_supply,fresh,2026-10-04T11:16:32Z
district,Pahang,Jerantut,sector.p5.value,0.769,RM billion (constant 2015 prices),2020-01-01,https://data.gov.my/data-catalogue/gdp_district_real_supply,fresh,2026-10-04T11:16:32Z
district,Pahang,Jerantut,sector.p5.share,36.55,%,2020-01-01,https://data.gov.my/data-catalogue/gdp_district_real_supply,fresh,2026-10-04T11:16:32Z
district,Pahang,Jerantut,sector.p3.value,0.299,RM billion (constant 2015 prices),2020-01-01,https://data.gov.my/data-catalogue/gdp_district_real_supply,fresh,2026-10-04T11:16:32Z
district,Pahang,Jerantut,sector.p3.share,14.2,%,2020-01-01,https://data.gov.my/data-catalogue/gdp_district_real_supply,fresh,2026-10-04T11:16:32Z
district,Pahang,Jerantut,sector.p4.value,0.045,RM billion (constant 2015 prices),2020-01-01,https://data.gov.my/data-catalogue/gdp_district_real_supply,fresh,2026-10-04T11:16:32Z
district,Pahang,Jerantut,sector.p4.share,2.13,%,2020-01-01,https://data.gov.my/data-catalogue/gdp_district_real_supply,fresh,2026-10-04T11:16:32Z
district,Pahang,Jerantut,sector.p2.value,0.018,RM billion (constant 2015 prices),2020-01-01,https://data.gov.my/data-catalogue/gdp_district_real_supply,fresh,2026-10-04T11:16:32Z
district,Pahang,Jerantut,sector.p2.share,0.86,%,2020-01-01,https://data.gov.my/data-catalogue/gdp_district_real_supply,fresh,2026-10-04T11:16:32Z
district,Pahang,Kuantan,incomeMean,7008.0,RM per household per month,2024-01-01,https://data.gov.my/data-catalogue/hies_district,fresh,2026-10-04T11:16:32Z
district,Pahang,Kuantan,incomeMedian,5520.0,RM per household per month,2024-01-01,https://data.gov.my/data-catalogue/hies_district,fresh,2026-10-04T11:16:32Z
district,Pahang,Kuantan,expenditureMean,4969.0,RM per household per month,2024-01-01,https://data.gov.my/data-catalogue/hies_district,fresh,2026-10-04T11:16:32Z
district,Pahang,Kuantan,incomeMinusExpenditure,551.0,RM per household per month,2024-01-01,https://data.gov.my/data-catalogue/hies_district,fresh,2026-10-04T11:16:32Z
district,Pahang,Kuantan,incomeToExpenditureRatio,1.111,ratio,2024-01-01,https://data.gov.my/data-catalogue/hies_district,fresh,2026-10-04T11:16:32Z
district,Pahang,Kuantan,poverty,3.7,%,2024-01-01,https://data.gov.my/data-catalogue/hies_district,fresh,2026-10-04T11:16:32Z
district,Pahang,Kuantan,gini,0.332,coefficient,2024-01-01,https://data.gov.my/data-catalogue/hies_district,fresh,2026-10-04T11:16:32Z
district,Pahang,Kuantan,unemploymentRate,1.9,%,2024-01-01,https://data.gov.my/data-catalogue/lfs_district,fresh,2026-10-04T11:16:32Z
district,Pahang,Kuantan,participationRate,71.1,%,2024-01-01,https://data.gov.my/data-catalogue/lfs_district,fresh,2026-10-04T11:16:32Z
district,Pahang,Kuantan,employmentPopulationRatio,69.8,%,2024-01-01,https://data.gov.my/data-catalogue/lfs_district,fresh,2026-10-04T11:16:32Z
district,Pahang,Kuantan,labourForce,285.0,thousand persons,2024-01-01,https://data.gov.my/data-catalogue/lfs_district,fresh,2026-10-04T11:16:32Z
district,Pahang,Kuantan,realGdp,23.192,RM billion (constant 2015 prices),2020-01-01,https://data.gov.my/data-catalogue/gdp_district_real_supply,fresh,2026-10-04T11:16:32Z
district,Pahang,Kuantan,largestSector,Services,sector,2020-01-01,https://data.gov.my/data-catalogue/gdp_district_real_supply,fresh,2026-10-04T11:16:32Z
district,Pahang,Kuantan,largestSectorShare,56.55,%,2020-01-01,https://data.gov.my/data-catalogue/gdp_district_real_supply,fresh,2026-10-04T11:16:32Z
district,Pahang,Kuantan,sector.p5.value,13.114,RM billion (constant 2015 prices),2020-01-01,https://data.gov.my/data-catalogue/gdp_district_real_supply,fresh,2026-10-04T11:16:32Z
district,Pahang,Kuantan,sector.p5.share,56.55,%,2020-01-01,https://data.gov.my/data-catalogue/gdp_district_real_supply,fresh,2026-10-04T11:16:32Z
district,Pahang,Kuantan,sector.p3.value,7.736,RM billion (constant 2015 prices),2020-01-01,https://data.gov.my/data-catalogue/gdp_district_real_supply,fresh,2026-10-04T11:16:32Z
district,Pahang,Kuantan,sector.p3.share,33.36,%,2020-01-01,https://data.gov.my/data-catalogue/gdp_district_real_supply,fresh,2026-10-04T11:16:32Z
district,Pahang,Kuantan,sector.p1.value,1.381,RM billion (constant 2015 prices),2020-01-01,https://data.gov.my/data-catalogue/gdp_district_real_supply,fresh,2026-10-04T11:16:32Z
district,Pahang,Kuantan,sector.p1.share,5.96,%,2020-01-01,https://data.gov.my/data-catalogue/gdp_district_real_supply,fresh,2026-10-04T11:16:32Z
district,Pahang,Kuantan,sector.p4.value,0.62,RM billion (constant 2015 prices),2020-01-01,https://data.gov.my/data-catalogue/gdp_district_real_supply,fresh,2026-10-04T11:16:32Z
district,Pahang,Kuantan,sector.p4.share,2.67,%,2020-01-01,https://data.gov.my/data-catalogue/gdp_district_real_supply,fresh,2026-10-04T11:16:32Z
district,Pahang,Kuantan,sector.p2.value,0.293,RM billion (constant 2015 prices),2020-01-01,https://data.gov.my/data-catalogue/gdp_district_real_supply,fresh,2026-10-04T11:16:32Z
district,Pahang,Kuantan,sector.p2.share,1.26,%,2020-01-01,https://data.gov.my/data-catalogue/gdp_district_real_supply,fresh,2026-10-04T11:16:32Z
district,Pahang,Lipis,incomeMean,5276.0,RM per household per month,2024-01-01,https://data.gov.my/data-catalogue/hies_district,fresh,2026-10-04T11:16:32Z
district,Pahang,Lipis,incomeMedian,4611.0,RM per household per month,2024-01-01,https://data.gov.my/data-catalogue/hies_district,fresh,2026-10-04T11:16:32Z
district,Pahang,Lipis,expenditureMean,4278.0,RM per household per month,2024-01-01,https://data.gov.my/data-catalogue/hies_district,fresh,2026-10-04T11:16:32Z
district,Pahang,Lipis,incomeMinusExpenditure,333.0,RM per household per month,2024-01-01,https://data.gov.my/data-catalogue/hies_district,fresh,2026-10-04T11:16:32Z
district,Pahang,Lipis,incomeToExpenditureRatio,1.078,ratio,2024-01-01,https://data.gov.my/data-catalogue/hies_district,fresh,2026-10-04T11:16:32Z
district,Pahang,Lipis,poverty,9.2,%,2024-01-01,https://data.gov.my/data-catalogue/hies_district,fresh,2026-10-04T11:16:32Z
district,Pahang,Lipis,gini,0.237,coefficient,2024-01-01,https://data.gov.my/data-catalogue/hies_district,fresh,2026-10-04T11:16:32Z
district,Pahang,Lipis,unemploymentRate,1.2,%,2024-01-01,https://data.gov.my/data-catalogue/lfs_district,fresh,2026-10-04T11:16:32Z
district,Pahang,Lipis,participationRate,54.5,%,2024-01-01,https://data.gov.my/data-catalogue/lfs_district,fresh,2026-10-04T11:16:32Z
district,Pahang,Lipis,employmentPopulationRatio,53.8,%,2024-01-01,https://data.gov.my/data-catalogue/lfs_district,fresh,2026-10-04T11:16:32Z
district,Pahang,Lipis,labourForce,39.2,thousand persons,2024-01-01,https://data.gov.my/data-catalogue/lfs_district,fresh,2026-10-04T11:16:32Z
district,Pahang,Lipis,realGdp,1.809,RM billion (constant 2015 prices),2020-01-01,https://data.gov.my/data-catalogue/gdp_district_real_supply,fresh,2026-10-04T11:16:32Z
district,Pahang,Lipis,largestSector,Services,sector,2020-01-01,https://data.gov.my/data-catalogue/gdp_district_real_supply,fresh,2026-10-04T11:16:32Z
district,Pahang,Lipis,largestSectorShare,37.86,%,2020-01-01,https://data.gov.my/data-catalogue/gdp_district_real_supply,fresh,2026-10-04T11:16:32Z
district,Pahang,Lipis,sector.p5.value,0.685,RM billion (constant 2015 prices),2020-01-01,https://data.gov.my/data-catalogue/gdp_district_real_supply,fresh,2026-10-04T11:16:32Z
district,Pahang,Lipis,sector.p5.share,37.86,%,2020-01-01,https://data.gov.my/data-catalogue/gdp_district_real_supply,fresh,2026-10-04T11:16:32Z
district,Pahang,Lipis,sector.p1.value,0.669,RM billion (constant 2015 prices),2020-01-01,https://data.gov.my/data-catalogue/gdp_district_real_supply,fresh,2026-10-04T11:16:32Z
district,Pahang,Lipis,sector.p1.share,36.96,%,2020-01-01,https://data.gov.my/data-catalogue/gdp_district_real_supply,fresh,2026-10-04T11:16:32Z
district,Pahang,Lipis,sector.p2.value,0.243,RM billion (constant 2015 prices),2020-01-01,https://data.gov.my/data-catalogue/gdp_district_real_supply,fresh,2026-10-04T11:16:32Z
district,Pahang,Lipis,sector.p2.share,13.41,%,2020-01-01,https://data.gov.my/data-catalogue/gdp_district_real_supply,fresh,2026-10-04T11:16:32Z
district,Pahang,Lipis,sector.p3.value,0.19,RM billion (constant 2015 prices),2020-01-01,https://data.gov.my/data-catalogue/gdp_district_real_supply,fresh,2026-10-04T11:16:32Z
district,Pahang,Lipis,sector.p3.share,10.51,%,2020-01-01,https://data.gov.my/data-catalogue/gdp_district_real_supply,fresh,2026-10-04T11:16:32Z
district,Pahang,Lipis,sector.p4.value,0.022,RM billion (constant 2015 prices),2020-01-01,https://data.gov.my/data-catalogue/gdp_district_real_supply,fresh,2026-10-04T11:16:32Z
district,Pahang,Lipis,sector.p4.share,1.19,%,2020-01-01,https://data.gov.my/data-catalogue/gdp_district_real_supply,fresh,2026-10-04T11:16:32Z
district,Pahang,Maran,incomeMean,5088.0,RM per household per month,2024-01-01,https://data.gov.my/data-catalogue/hies_district,fresh,2026-10-04T11:16:32Z
district,Pahang,Maran,incomeMedian,4470.0,RM per household per month,2024-01-01,https://data.gov.my/data-catalogue/hies_district,fresh,2026-10-04T11:16:32Z
district,Pahang,Maran,expenditureMean,3764.0,RM per household per month,2024-01-01,https://data.gov.my/data-catalogue/hies_district,fresh,2026-10-04T11:16:32Z
district,Pahang,Maran,incomeMinusExpenditure,706.0,RM per household per month,2024-01-01,https://data.gov.my/data-catalogue/hies_district,fresh,2026-10-04T11:16:32Z
district,Pahang,Maran,incomeToExpenditureRatio,1.188,ratio,2024-01-01,https://data.gov.my/data-catalogue/hies_district,fresh,2026-10-04T11:16:32Z
district,Pahang,Maran,poverty,7.9,%,2024-01-01,https://data.gov.my/data-catalogue/hies_district,fresh,2026-10-04T11:16:32Z
district,Pahang,Maran,gini,0.257,coefficient,2024-01-01,https://data.gov.my/data-catalogue/hies_district,fresh,2026-10-04T11:16:32Z
district,Pahang,Maran,unemploymentRate,1.8,%,2024-01-01,https://data.gov.my/data-catalogue/lfs_district,fresh,2026-10-04T11:16:32Z
district,Pahang,Maran,participationRate,65.4,%,2024-01-01,https://data.gov.my/data-catalogue/lfs_district,fresh,2026-10-04T11:16:32Z
district,Pahang,Maran,employmentPopulationRatio,64.2,%,2024-01-01,https://data.gov.my/data-catalogue/lfs_district,fresh,2026-10-04T11:16:32Z
district,Pahang,Maran,labourForce,52.3,thousand persons,2024-01-01,https://data.gov.my/data-catalogue/lfs_district,fresh,2026-10-04T11:16:32Z
district,Pahang,Maran,realGdp,1.808,RM billion (constant 2015 prices),2020-01-01,https://data.gov.my/data-catalogue/gdp_district_real_supply,fresh,2026-10-04T11:16:32Z
district,Pahang,Maran,largestSector,Services,sector,2020-01-01,https://data.gov.my/data-catalogue/gdp_district_real_supply,fresh,2026-10-04T11:16:32Z
district,Pahang,Maran,largestSectorShare,44.64,%,2020-01-01,https://data.gov.my/data-catalogue/gdp_district_real_supply,fresh,2026-10-04T11:16:32Z
district,Pahang,Maran,sector.p5.value,0.807,RM billion (constant 2015 prices),2020-01-01,https://data.gov.my/data-catalogue/gdp_district_real_supply,fresh,2026-10-04T11:16:32Z
district,Pahang,Maran,sector.p5.share,44.64,%,2020-01-01,https://data.gov.my/data-catalogue/gdp_district_real_supply,fresh,2026-10-04T11:16:32Z
district,Pahang,Maran,sector.p1.value,0.563,RM billion (constant 2015 prices),2020-01-01,https://data.gov.my/data-catalogue/gdp_district_real_supply,fresh,2026-10-04T11:16:32Z
district,Pahang,Maran,sector.p1.share,31.12,%,2020-01-01,https://data.gov.my/data-catalogue/gdp_district_real_supply,fresh,2026-10-04T11:16:32Z
district,Pahang,Maran,sector.p3.value,0.386,RM billion (constant 2015 prices),2020-01-01,https://data.gov.my/data-catalogue/gdp_district_real_supply,fresh,2026-10-04T11:16:32Z
district,Pahang,Maran,sector.p3.share,21.34,%,2020-01-01,https://data.gov.my/data-catalogue/gdp_district_real_supply,fresh,2026-10-04T11:16:32Z
district,Pahang,Maran,sector.p4.value,0.049,RM billion (constant 2015 prices),2020-01-01,https://data.gov.my/data-catalogue/gdp_district_real_supply,fresh,2026-10-04T11:16:32Z
district,Pahang,Maran,sector.p4.share,2.74,%,2020-01-01,https://data.gov.my/data-catalogue/gdp_district_real_supply,fresh,2026-10-04T11:16:32Z
district,Pahang,Pekan,incomeMean,5098.0,RM per household per month,2024-01-01,https://data.gov.my/data-catalogue/hies_district,fresh,2026-10-04T11:16:32Z
district,Pahang,Pekan,incomeMedian,4344.0,RM per household per month,2024-01-01,https://data.gov.my/data-catalogue/hies_district,fresh,2026-10-04T11:16:32Z
district,Pahang,Pekan,expenditureMean,3799.0,RM per household per month,2024-01-01,https://data.gov.my/data-catalogue/hies_district,fresh,2026-10-04T11:16:32Z
district,Pahang,Pekan,incomeMinusExpenditure,545.0,RM per household per month,2024-01-01,https://data.gov.my/data-catalogue/hies_district,fresh,2026-10-04T11:16:32Z
district,Pahang,Pekan,incomeToExpenditureRatio,1.143,ratio,2024-01-01,https://data.gov.my/data-catalogue/hies_district,fresh,2026-10-04T11:16:32Z
district,Pahang,Pekan,poverty,10.9,%,2024-01-01,https://data.gov.my/data-catalogue/hies_district,fresh,2026-10-04T11:16:32Z
district,Pahang,Pekan,gini,0.277,coefficient,2024-01-01,https://data.gov.my/data-catalogue/hies_district,fresh,2026-10-04T11:16:32Z
district,Pahang,Pekan,unemploymentRate,2.0,%,2024-01-01,https://data.gov.my/data-catalogue/lfs_district,fresh,2026-10-04T11:16:32Z
district,Pahang,Pekan,participationRate,65.0,%,2024-01-01,https://data.gov.my/data-catalogue/lfs_district,fresh,2026-10-04T11:16:32Z
district,Pahang,Pekan,employmentPopulationRatio,63.7,%,2024-01-01,https://data.gov.my/data-catalogue/lfs_district,fresh,2026-10-04T11:16:32Z
district,Pahang,Pekan,labourForce,58.2,thousand persons,2024-01-01,https://data.gov.my/data-catalogue/lfs_district,fresh,2026-10-04T11:16:32Z
district,Pahang,Pekan,realGdp,4.288,RM billion (constant 2015 prices),2020-01-01,https://data.gov.my/data-catalogue/gdp_district_real_supply,fresh,2026-10-04T11:16:32Z
district,Pahang,Pekan,largestSector,Manufacturing,sector,2020-01-01,https://data.gov.my/data-catalogue/gdp_district_real_supply,fresh,2026-10-04T11:16:32Z
district,Pahang,Pekan,largestSectorShare,49.4,%,2020-01-01,https://data.gov.my/data-catalogue/gdp_district_real_supply,fresh,2026-10-04T11:16:32Z
district,Pahang,Pekan,sector.p3.value,2.119,RM billion (constant 2015 prices),2020-01-01,https://data.gov.my/data-catalogue/gdp_district_real_supply,fresh,2026-10-04T11:16:32Z
district,Pahang,Pekan,sector.p3.share,49.4,%,2020-01-01,https://data.gov.my/data-catalogue/gdp_district_real_supply,fresh,2026-10-04T11:16:32Z
district,Pahang,Pekan,sector.p1.value,1.076,RM billion (constant 2015 prices),2020-01-01,https://data.gov.my/data-catalogue/gdp_district_real_supply,fresh,2026-10-04T11:16:32Z
district,Pahang,Pekan,sector.p1.share,25.09,%,2020-01-01,https://data.gov.my/data-catalogue/gdp_district_real_supply,fresh,2026-10-04T11:16:32Z
district,Pahang,Pekan,sector.p5.value,1.017,RM billion (constant 2015 prices),2020-01-01,https://data.gov.my/data-catalogue/gdp_district_real_supply,fresh,2026-10-04T11:16:32Z
district,Pahang,Pekan,sector.p5.share,23.72,%,2020-01-01,https://data.gov.my/data-catalogue/gdp_district_real_supply,fresh,2026-10-04T11:16:32Z
district,Pahang,Pekan,sector.p4.value,0.068,RM billion (constant 2015 prices),2020-01-01,https://data.gov.my/data-catalogue/gdp_district_real_supply,fresh,2026-10-04T11:16:32Z
district,Pahang,Pekan,sector.p4.share,1.58,%,2020-01-01,https://data.gov.my/data-catalogue/gdp_district_real_supply,fresh,2026-10-04T11:16:32Z
district,Pahang,Raub,incomeMean,5940.0,RM per household per month,2024-01-01,https://data.gov.my/data-catalogue/hies_district,fresh,2026-10-04T11:16:32Z
district,Pahang,Raub,incomeMedian,4427.0,RM per household per month,2024-01-01,https://data.gov.my/data-catalogue/hies_district,fresh,2026-10-04T11:16:32Z
district,Pahang,Raub,expenditureMean,4675.0,RM per household per month,2024-01-01,https://data.gov.my/data-catalogue/hies_district,fresh,2026-10-04T11:16:32Z
district,Pahang,Raub,incomeMinusExpenditure,-248.0,RM per household per month,2024-01-01,https://data.gov.my/data-catalogue/hies_district,fresh,2026-10-04T11:16:32Z
district,Pahang,Raub,incomeToExpenditureRatio,0.947,ratio,2024-01-01,https://data.gov.my/data-catalogue/hies_district,fresh,2026-10-04T11:16:32Z
district,Pahang,Raub,poverty,3.4,%,2024-01-01,https://data.gov.my/data-catalogue/hies_district,fresh,2026-10-04T11:16:32Z
district,Pahang,Raub,gini,0.335,coefficient,2024-01-01,https://data.gov.my/data-catalogue/hies_district,fresh,2026-10-04T11:16:32Z
district,Pahang,Raub,unemploymentRate,2.6,%,2024-01-01,https://data.gov.my/data-catalogue/lfs_district,fresh,2026-10-04T11:16:32Z
district,Pahang,Raub,participationRate,63.3,%,2024-01-01,https://data.gov.my/data-catalogue/lfs_district,fresh,2026-10-04T11:16:32Z
district,Pahang,Raub,employmentPopulationRatio,61.7,%,2024-01-01,https://data.gov.my/data-catalogue/lfs_district,fresh,2026-10-04T11:16:32Z
district,Pahang,Raub,labourForce,44.7,thousand persons,2024-01-01,https://data.gov.my/data-catalogue/lfs_district,fresh,2026-10-04T11:16:32Z
district,Pahang,Raub,realGdp,2.076,RM billion (constant 2015 prices),2020-01-01,https://data.gov.my/data-catalogue/gdp_district_real_supply,fresh,2026-10-04T11:16:32Z
district,Pahang,Raub,largestSector,Services,sector,2020-01-01,https://data.gov.my/data-catalogue/gdp_district_real_supply,fresh,2026-10-04T11:16:32Z
district,Pahang,Raub,largestSectorShare,50.02,%,2020-01-01,https://data.gov.my/data-catalogue/gdp_district_real_supply,fresh,2026-10-04T11:16:32Z
district,Pahang,Raub,sector.p5.value,1.039,RM billion (constant 2015 prices),2020-01-01,https://data.gov.my/data-catalogue/gdp_district_real_supply,fresh,2026-10-04T11:16:32Z
district,Pahang,Raub,sector.p5.share,50.02,%,2020-01-01,https://data.gov.my/data-catalogue/gdp_district_real_supply,fresh,2026-10-04T11:16:32Z
district,Pahang,Raub,sector.p1.value,0.942,RM billion (constant 2015 prices),2020-01-01,https://data.gov.my/data-catalogue/gdp_district_real_supply,fresh,2026-10-04T11:16:32Z
district,Pahang,Raub,sector.p1.share,45.38,%,2020-01-01,https://data.gov.my/data-catalogue/gdp_district_real_supply,fresh,2026-10-04T11:16:32Z
district,Pahang,Raub,sector.p3.value,0.049,RM billion (constant 2015 prices),2020-01-01,https://data.gov.my/data-catalogue/gdp_district_real_supply,fresh,2026-10-04T11:16:32Z
district,Pahang,Raub,sector.p3.share,2.35,%,2020-01-01,https://data.gov.my/data-catalogue/gdp_district_real_supply,fresh,2026-10-04T11:16:32Z
district,Pahang,Raub,sector.p4.value,0.038,RM billion (constant 2015 prices),2020-01-01,https://data.gov.my/data-catalogue/gdp_district_real_supply,fresh,2026-10-04T11:16:32Z
district,Pahang,Raub,sector.p4.share,1.85,%,2020-01-01,https://data.gov.my/data-catalogue/gdp_district_real_supply,fresh,2026-10-04T11:16:32Z
district,Pahang,Raub,sector.p2.value,0.007,RM billion (constant 2015 prices),2020-01-01,https://data.gov.my/data-catalogue/gdp_district_real_supply,fresh,2026-10-04T11:16:32Z
district,Pahang,Raub,sector.p2.share,0.33,%,2020-01-01,https://data.gov.my/data-catalogue/gdp_district_real_supply,fresh,2026-10-04T11:16:32Z
district,Pahang,Rompin,incomeMean,5429.0,RM per household per month,2024-01-01,https://data.gov.my/data-catalogue/hies_district,fresh,2026-10-04T11:16:32Z
district,Pahang,Rompin,incomeMedian,4760.0,RM per household per month,2024-01-01,https://data.gov.my/data-catalogue/hies_district,fresh,2026-10-04T11:16:32Z
district,Pahang,Rompin,expenditureMean,3966.0,RM per household per month,2024-01-01,https://data.gov.my/data-catalogue/hies_district,fresh,2026-10-04T11:16:32Z
district,Pahang,Rompin,incomeMinusExpenditure,794.0,RM per household per month,2024-01-01,https://data.gov.my/data-catalogue/hies_district,fresh,2026-10-04T11:16:32Z
district,Pahang,Rompin,incomeToExpenditureRatio,1.2,ratio,2024-01-01,https://data.gov.my/data-catalogue/hies_district,fresh,2026-10-04T11:16:32Z
district,Pahang,Rompin,poverty,8.2,%,2024-01-01,https://data.gov.my/data-catalogue/hies_district,fresh,2026-10-04T11:16:32Z
district,Pahang,Rompin,gini,0.279,coefficient,2024-01-01,https://data.gov.my/data-catalogue/hies_district,fresh,2026-10-04T11:16:32Z
district,Pahang,Rompin,unemploymentRate,1.9,%,2024-01-01,https://data.gov.my/data-catalogue/lfs_district,fresh,2026-10-04T11:16:32Z
district,Pahang,Rompin,participationRate,59.8,%,2024-01-01,https://data.gov.my/data-catalogue/lfs_district,fresh,2026-10-04T11:16:32Z
district,Pahang,Rompin,employmentPopulationRatio,58.7,%,2024-01-01,https://data.gov.my/data-catalogue/lfs_district,fresh,2026-10-04T11:16:32Z
district,Pahang,Rompin,labourForce,41.1,thousand persons,2024-01-01,https://data.gov.my/data-catalogue/lfs_district,fresh,2026-10-04T11:16:32Z
district,Pahang,Rompin,realGdp,3.593,RM billion (constant 2015 prices),2020-01-01,https://data.gov.my/data-catalogue/gdp_district_real_supply,fresh,2026-10-04T11:16:32Z
district,Pahang,Rompin,largestSector,Agriculture,sector,2020-01-01,https://data.gov.my/data-catalogue/gdp_district_real_supply,fresh,2026-10-04T11:16:32Z
district,Pahang,Rompin,largestSectorShare,69.3,%,2020-01-01,https://data.gov.my/data-catalogue/gdp_district_real_supply,fresh,2026-10-04T11:16:32Z
district,Pahang,Rompin,sector.p1.value,2.49,RM billion (constant 2015 prices),2020-01-01,https://data.gov.my/data-catalogue/gdp_district_real_supply,fresh,2026-10-04T11:16:32Z
district,Pahang,Rompin,sector.p1.share,69.3,%,2020-01-01,https://data.gov.my/data-catalogue/gdp_district_real_supply,fresh,2026-10-04T11:16:32Z
district,Pahang,Rompin,sector.p5.value,0.911,RM billion (constant 2015 prices),2020-01-01,https://data.gov.my/data-catalogue/gdp_district_real_supply,fresh,2026-10-04T11:16:32Z
district,Pahang,Rompin,sector.p5.share,25.34,%,2020-01-01,https://data.gov.my/data-catalogue/gdp_district_real_supply,fresh,2026-10-04T11:16:32Z
district,Pahang,Rompin,sector.p3.value,0.165,RM billion (constant 2015 prices),2020-01-01,https://data.gov.my/data-catalogue/gdp_district_real_supply,fresh,2026-10-04T11:16:32Z
district,Pahang,Rompin,sector.p3.share,4.6,%,2020-01-01,https://data.gov.my/data-catalogue/gdp_district_real_supply,fresh,2026-10-04T11:16:32Z
district,Pahang,Rompin,sector.p4.value,0.023,RM billion (constant 2015 prices),2020-01-01,https://data.gov.my/data-catalogue/gdp_district_real_supply,fresh,2026-10-04T11:16:32Z
district,Pahang,Rompin,sector.p4.share,0.63,%,2020-01-01,https://data.gov.my/data-catalogue/gdp_district_real_supply,fresh,2026-10-04T11:16:32Z
district,Pahang,Temerloh,incomeMean,5521.0,RM per household per month,2024-01-01,https://data.gov.my/data-catalogue/hies_district,fresh,2026-10-04T11:16:32Z
district,Pahang,Temerloh,incomeMedian,4595.0,RM per household per month,2024-01-01,https://data.gov.my/data-catalogue/hies_district,fresh,2026-10-04T11:16:32Z
district,Pahang,Temerloh,expenditureMean,3684.0,RM per household per month,2024-01-01,https://data.gov.my/data-catalogue/hies_district,fresh,2026-10-04T11:16:32Z
district,Pahang,Temerloh,incomeMinusExpenditure,911.0,RM per household per month,2024-01-01,https://data.gov.my/data-catalogue/hies_district,fresh,2026-10-04T11:16:32Z
district,Pahang,Temerloh,incomeToExpenditureRatio,1.247,ratio,2024-01-01,https://data.gov.my/data-catalogue/hies_district,fresh,2026-10-04T11:16:32Z
district,Pahang,Temerloh,poverty,6.2,%,2024-01-01,https://data.gov.my/data-catalogue/hies_district,fresh,2026-10-04T11:16:32Z
district,Pahang,Temerloh,gini,0.319,coefficient,2024-01-01,https://data.gov.my/data-catalogue/hies_district,fresh,2026-10-04T11:16:32Z
district,Pahang,Temerloh,unemploymentRate,2.5,%,2024-01-01,https://data.gov.my/data-catalogue/lfs_district,fresh,2026-10-04T11:16:32Z
district,Pahang,Temerloh,participationRate,62.6,%,2024-01-01,https://data.gov.my/data-catalogue/lfs_district,fresh,2026-10-04T11:16:32Z
district,Pahang,Temerloh,employmentPopulationRatio,61.0,%,2024-01-01,https://data.gov.my/data-catalogue/lfs_district,fresh,2026-10-04T11:16:32Z
district,Pahang,Temerloh,labourForce,74.7,thousand persons,2024-01-01,https://data.gov.my/data-catalogue/lfs_district,fresh,2026-10-04T11:16:32Z
district,Pahang,Temerloh,realGdp,4.042,RM billion (constant 2015 prices),2020-01-01,https://data.gov.my/data-catalogue/gdp_district_real_supply,fresh,2026-10-04T11:16:32Z
district,Pahang,Temerloh,largestSector,Services,sector,2020-01-01,https://data.gov.my/data-catalogue/gdp_district_real_supply,fresh,2026-10-04T11:16:32Z
district,Pahang,Temerloh,largestSectorShare,69.52,%,2020-01-01,https://data.gov.my/data-catalogue/gdp_district_real_supply,fresh,2026-10-04T11:16:32Z
district,Pahang,Temerloh,sector.p5.value,2.81,RM billion (constant 2015 prices),2020-01-01,https://data.gov.my/data-catalogue/gdp_district_real_supply,fresh,2026-10-04T11:16:32Z
district,Pahang,Temerloh,sector.p5.share,69.52,%,2020-01-01,https://data.gov.my/data-catalogue/gdp_district_real_supply,fresh,2026-10-04T11:16:32Z
district,Pahang,Temerloh,sector.p1.value,0.689,RM billion (constant 2015 prices),2020-01-01,https://data.gov.my/data-catalogue/gdp_district_real_supply,fresh,2026-10-04T11:16:32Z
district,Pahang,Temerloh,sector.p1.share,17.05,%,2020-01-01,https://data.gov.my/data-catalogue/gdp_district_real_supply,fresh,2026-10-04T11:16:32Z
district,Pahang,Temerloh,sector.p3.value,0.471,RM billion (constant 2015 prices),2020-01-01,https://data.gov.my/data-catalogue/gdp_district_real_supply,fresh,2026-10-04T11:16:32Z
district,Pahang,Temerloh,sector.p3.share,11.65,%,2020-01-01,https://data.gov.my/data-catalogue/gdp_district_real_supply,fresh,2026-10-04T11:16:32Z
district,Pahang,Temerloh,sector.p4.value,0.037,RM billion (constant 2015 prices),2020-01-01,https://data.gov.my/data-catalogue/gdp_district_real_supply,fresh,2026-10-04T11:16:32Z
district,Pahang,Temerloh,sector.p4.share,0.92,%,2020-01-01,https://data.gov.my/data-catalogue/gdp_district_real_supply,fresh,2026-10-04T11:16:32Z
district,Pahang,Temerloh,sector.p2.value,0.03,RM billion (constant 2015 prices),2020-01-01,https://data.gov.my/data-catalogue/gdp_district_real_supply,fresh,2026-10-04T11:16:32Z
district,Pahang,Temerloh,sector.p2.share,0.73,%,2020-01-01,https://data.gov.my/data-catalogue/gdp_district_real_supply,fresh,2026-10-04T11:16:32Z
district,Perak,Bagan Datuk,incomeMean,5326.0,RM per household per month,2024-01-01,https://data.gov.my/data-catalogue/hies_district,fresh,2026-10-04T11:16:32Z
district,Perak,Bagan Datuk,incomeMedian,4134.0,RM per household per month,2024-01-01,https://data.gov.my/data-catalogue/hies_district,fresh,2026-10-04T11:16:32Z
district,Perak,Bagan Datuk,expenditureMean,3543.0,RM per household per month,2024-01-01,https://data.gov.my/data-catalogue/hies_district,fresh,2026-10-04T11:16:32Z
district,Perak,Bagan Datuk,incomeMinusExpenditure,591.0,RM per household per month,2024-01-01,https://data.gov.my/data-catalogue/hies_district,fresh,2026-10-04T11:16:32Z
district,Perak,Bagan Datuk,incomeToExpenditureRatio,1.167,ratio,2024-01-01,https://data.gov.my/data-catalogue/hies_district,fresh,2026-10-04T11:16:32Z
district,Perak,Bagan Datuk,poverty,11.5,%,2024-01-01,https://data.gov.my/data-catalogue/hies_district,fresh,2026-10-04T11:16:32Z
district,Perak,Bagan Datuk,gini,0.361,coefficient,2024-01-01,https://data.gov.my/data-catalogue/hies_district,fresh,2026-10-04T11:16:32Z
district,Perak,Bagan Datuk,unemploymentRate,5.0,%,2024-01-01,https://data.gov.my/data-catalogue/lfs_district,fresh,2026-10-04T11:16:32Z
district,Perak,Bagan Datuk,participationRate,53.6,%,2024-01-01,https://data.gov.my/data-catalogue/lfs_district,fresh,2026-10-04T11:16:32Z
district,Perak,Bagan Datuk,employmentPopulationRatio,50.9,%,2024-01-01,https://data.gov.my/data-catalogue/lfs_district,fresh,2026-10-04T11:16:32Z
district,Perak,Bagan Datuk,labourForce,34.4,thousand persons,2024-01-01,https://data.gov.my/data-catalogue/lfs_district,fresh,2026-10-04T11:16:32Z
district,Perak,Bagan Datuk,realGdp,2.832,RM billion (constant 2015 prices),2020-01-01,https://data.gov.my/data-catalogue/gdp_district_real_supply,fresh,2026-10-04T11:16:32Z
district,Perak,Bagan Datuk,largestSector,Agriculture,sector,2020-01-01,https://data.gov.my/data-catalogue/gdp_district_real_supply,fresh,2026-10-04T11:16:32Z
district,Perak,Bagan Datuk,largestSectorShare,50.57,%,2020-01-01,https://data.gov.my/data-catalogue/gdp_district_real_supply,fresh,2026-10-04T11:16:32Z
district,Perak,Bagan Datuk,sector.p1.value,1.432,RM billion (constant 2015 prices),2020-01-01,https://data.gov.my/data-catalogue/gdp_district_real_supply,fresh,2026-10-04T11:16:32Z
district,Perak,Bagan Datuk,sector.p1.share,50.57,%,2020-01-01,https://data.gov.my/data-catalogue/gdp_district_real_supply,fresh,2026-10-04T11:16:32Z
district,Perak,Bagan Datuk,sector.p5.value,0.875,RM billion (constant 2015 prices),2020-01-01,https://data.gov.my/data-catalogue/gdp_district_real_supply,fresh,2026-10-04T11:16:32Z
district,Perak,Bagan Datuk,sector.p5.share,30.88,%,2020-01-01,https://data.gov.my/data-catalogue/gdp_district_real_supply,fresh,2026-10-04T11:16:32Z
district,Perak,Bagan Datuk,sector.p3.value,0.5,RM billion (constant 2015 prices),2020-01-01,https://data.gov.my/data-catalogue/gdp_district_real_supply,fresh,2026-10-04T11:16:32Z
district,Perak,Bagan Datuk,sector.p3.share,17.66,%,2020-01-01,https://data.gov.my/data-catalogue/gdp_district_real_supply,fresh,2026-10-04T11:16:32Z
district,Perak,Bagan Datuk,sector.p4.value,0.024,RM billion (constant 2015 prices),2020-01-01,https://data.gov.my/data-catalogue/gdp_district_real_supply,fresh,2026-10-04T11:16:32Z
district,Perak,Bagan Datuk,sector.p4.share,0.85,%,2020-01-01,https://data.gov.my/data-catalogue/gdp_district_real_supply,fresh,2026-10-04T11:16:32Z
district,Perak,Bagan Datuk,sector.p2.value,0.0,RM billion (constant 2015 prices),2020-01-01,https://data.gov.my/data-catalogue/gdp_district_real_supply,fresh,2026-10-04T11:16:32Z
district,Perak,Bagan Datuk,sector.p2.share,0.0,%,2020-01-01,https://data.gov.my/data-catalogue/gdp_district_real_supply,fresh,2026-10-04T11:16:32Z
district,Perak,Batang Padang,incomeMean,5433.0,RM per household per month,2024-01-01,https://data.gov.my/data-catalogue/hies_district,fresh,2026-10-04T11:16:32Z
district,Perak,Batang Padang,incomeMedian,4339.0,RM per household per month,2024-01-01,https://data.gov.my/data-catalogue/hies_district,fresh,2026-10-04T11:16:32Z
district,Perak,Batang Padang,expenditureMean,3722.0,RM per household per month,2024-01-01,https://data.gov.my/data-catalogue/hies_district,fresh,2026-10-04T11:16:32Z
district,Perak,Batang Padang,incomeMinusExpenditure,617.0,RM per household per month,2024-01-01,https://data.gov.my/data-catalogue/hies_district,fresh,2026-10-04T11:16:32Z
district,Perak,Batang Padang,incomeToExpenditureRatio,1.166,ratio,2024-01-01,https://data.gov.my/data-catalogue/hies_district,fresh,2026-10-04T11:16:32Z
district,Perak,Batang Padang,poverty,11.5,%,2024-01-01,https://data.gov.my/data-catalogue/hies_district,fresh,2026-10-04T11:16:32Z
district,Perak,Batang Padang,gini,0.354,coefficient,2024-01-01,https://data.gov.my/data-catalogue/hies_district,fresh,2026-10-04T11:16:32Z
district,Perak,Batang Padang,unemploymentRate,5.9,%,2024-01-01,https://data.gov.my/data-catalogue/lfs_district,fresh,2026-10-04T11:16:32Z
district,Perak,Batang Padang,participationRate,47.2,%,2024-01-01,https://data.gov.my/data-catalogue/lfs_district,fresh,2026-10-04T11:16:32Z
district,Perak,Batang Padang,employmentPopulationRatio,44.5,%,2024-01-01,https://data.gov.my/data-catalogue/lfs_district,fresh,2026-10-04T11:16:32Z
district,Perak,Batang Padang,labourForce,40.5,thousand persons,2024-01-01,https://data.gov.my/data-catalogue/lfs_district,fresh,2026-10-04T11:16:32Z
district,Perak,Batang Padang,realGdp,2.822,RM billion (constant 2015 prices),2020-01-01,https://data.gov.my/data-catalogue/gdp_district_real_supply,fresh,2026-10-04T11:16:32Z
district,Perak,Batang Padang,largestSector,Services,sector,2020-01-01,https://data.gov.my/data-catalogue/gdp_district_real_supply,fresh,2026-10-04T11:16:32Z
district,Perak,Batang Padang,largestSectorShare,52.59,%,2020-01-01,https://data.gov.my/data-catalogue/gdp_district_real_supply,fresh,2026-10-04T11:16:32Z
district,Perak,Batang Padang,sector.p5.value,1.484,RM billion (constant 2015 prices),2020-01-01,https://data.gov.my/data-catalogue/gdp_district_real_supply,fresh,2026-10-04T11:16:32Z
district,Perak,Batang Padang,sector.p5.share,52.59,%,2020-01-01,https://data.gov.my/data-catalogue/gdp_district_real_supply,fresh,2026-10-04T11:16:32Z
district,Perak,Batang Padang,sector.p1.value,0.961,RM billion (constant 2015 prices),2020-01-01,https://data.gov.my/data-catalogue/gdp_district_real_supply,fresh,2026-10-04T11:16:32Z
district,Perak,Batang Padang,sector.p1.share,34.07,%,2020-01-01,https://data.gov.my/data-catalogue/gdp_district_real_supply,fresh,2026-10-04T11:16:32Z
district,Perak,Batang Padang,sector.p3.value,0.247,RM billion (constant 2015 prices),2020-01-01,https://data.gov.my/data-catalogue/gdp_district_real_supply,fresh,2026-10-04T11:16:32Z
district,Perak,Batang Padang,sector.p3.share,8.76,%,2020-01-01,https://data.gov.my/data-catalogue/gdp_district_real_supply,fresh,2026-10-04T11:16:32Z
district,Perak,Batang Padang,sector.p2.value,0.068,RM billion (constant 2015 prices),2020-01-01,https://data.gov.my/data-catalogue/gdp_district_real_supply,fresh,2026-10-04T11:16:32Z
district,Perak,Batang Padang,sector.p2.share,2.4,%,2020-01-01,https://data.gov.my/data-catalogue/gdp_district_real_supply,fresh,2026-10-04T11:16:32Z
district,Perak,Batang Padang,sector.p4.value,0.06,RM billion (constant 2015 prices),2020-01-01,https://data.gov.my/data-catalogue/gdp_district_real_supply,fresh,2026-10-04T11:16:32Z
district,Perak,Batang Padang,sector.p4.share,2.14,%,2020-01-01,https://data.gov.my/data-catalogue/gdp_district_real_supply,fresh,2026-10-04T11:16:32Z
district,Perak,Hilir Perak,incomeMean,5599.0,RM per household per month,2024-01-01,https://data.gov.my/data-catalogue/hies_district,fresh,2026-10-04T11:16:32Z
district,Perak,Hilir Perak,incomeMedian,4347.0,RM per household per month,2024-01-01,https://data.gov.my/data-catalogue/hies_district,fresh,2026-10-04T11:16:32Z
district,Perak,Hilir Perak,expenditureMean,3711.0,RM per household per month,2024-01-01,https://data.gov.my/data-catalogue/hies_district,fresh,2026-10-04T11:16:32Z
district,Perak,Hilir Perak,incomeMinusExpenditure,636.0,RM per household per month,2024-01-01,https://data.gov.my/data-catalogue/hies_district,fresh,2026-10-04T11:16:32Z
district,Perak,Hilir Perak,incomeToExpenditureRatio,1.171,ratio,2024-01-01,https://data.gov.my/data-catalogue/hies_district,fresh,2026-10-04T11:16:32Z
district,Perak,Hilir Perak,poverty,12.3,%,2024-01-01,https://data.gov.my/data-catalogue/hies_district,fresh,2026-10-04T11:16:32Z
district,Perak,Hilir Perak,gini,0.36,coefficient,2024-01-01,https://data.gov.my/data-catalogue/hies_district,fresh,2026-10-04T11:16:32Z
district,Perak,Hilir Perak,unemploymentRate,7.4,%,2024-01-01,https://data.gov.my/data-catalogue/lfs_district,fresh,2026-10-04T11:16:32Z
district,Perak,Hilir Perak,participationRate,46.0,%,2024-01-01,https://data.gov.my/data-catalogue/lfs_district,fresh,2026-10-04T11:16:32Z
district,Perak,Hilir Perak,employmentPopulationRatio,42.5,%,2024-01-01,https://data.gov.my/data-catalogue/lfs_district,fresh,2026-10-04T11:16:32Z
district,Perak,Hilir Perak,labourForce,45.2,thousand persons,2024-01-01,https://data.gov.my/data-catalogue/lfs_district,fresh,2026-10-04T11:16:32Z
district,Perak,Hilir Perak,realGdp,3.977,RM billion (constant 2015 prices),2020-01-01,https://data.gov.my/data-catalogue/gdp_district_real_supply,fresh,2026-10-04T11:16:32Z
district,Perak,Hilir Perak,largestSector,Services,sector,2020-01-01,https://data.gov.my/data-catalogue/gdp_district_real_supply,fresh,2026-10-04T11:16:32Z
district,Perak,Hilir Perak,largestSectorShare,68.15,%,2020-01-01,https://data.gov.my/data-catalogue/gdp_district_real_supply,fresh,2026-10-04T11:16:32Z
district,Perak,Hilir Perak,sector.p5.value,2.71,RM billion (constant 2015 prices),2020-01-01,https://data.gov.my/data-catalogue/gdp_district_real_supply,fresh,2026-10-04T11:16:32Z
district,Perak,Hilir Perak,sector.p5.share,68.15,%,2020-01-01,https://data.gov.my/data-catalogue/gdp_district_real_supply,fresh,2026-10-04T11:16:32Z
district,Perak,Hilir Perak,sector.p1.value,0.714,RM billion (constant 2015 prices),2020-01-01,https://data.gov.my/data-catalogue/gdp_district_real_supply,fresh,2026-10-04T11:16:32Z
district,Perak,Hilir Perak,sector.p1.share,17.95,%,2020-01-01,https://data.gov.my/data-catalogue/gdp_district_real_supply,fresh,2026-10-04T11:16:32Z
district,Perak,Hilir Perak,sector.p3.value,0.476,RM billion (constant 2015 prices),2020-01-01,https://data.gov.my/data-catalogue/gdp_district_real_supply,fresh,2026-10-04T11:16:32Z
district,Perak,Hilir Perak,sector.p3.share,11.96,%,2020-01-01,https://data.gov.my/data-catalogue/gdp_district_real_supply,fresh,2026-10-04T11:16:32Z
district,Perak,Hilir Perak,sector.p4.value,0.073,RM billion (constant 2015 prices),2020-01-01,https://data.gov.my/data-catalogue/gdp_district_real_supply,fresh,2026-10-04T11:16:32Z
district,Perak,Hilir Perak,sector.p4.share,1.84,%,2020-01-01,https://data.gov.my/data-catalogue/gdp_district_real_supply,fresh,2026-10-04T11:16:32Z
district,Perak,Hulu Perak,incomeMean,4980.0,RM per household per month,2024-01-01,https://data.gov.my/data-catalogue/hies_district,fresh,2026-10-04T11:16:32Z
district,Perak,Hulu Perak,incomeMedian,3701.0,RM per household per month,2024-01-01,https://data.gov.my/data-catalogue/hies_district,fresh,2026-10-04T11:16:32Z
district,Perak,Hulu Perak,expenditureMean,3270.0,RM per household per month,2024-01-01,https://data.gov.my/data-catalogue/hies_district,fresh,2026-10-04T11:16:32Z
district,Perak,Hulu Perak,incomeMinusExpenditure,431.0,RM per household per month,2024-01-01,https://data.gov.my/data-catalogue/hies_district,fresh,2026-10-04T11:16:32Z
district,Perak,Hulu Perak,incomeToExpenditureRatio,1.132,ratio,2024-01-01,https://data.gov.my/data-catalogue/hies_district,fresh,2026-10-04T11:16:32Z
district,Perak,Hulu Perak,poverty,13.3,%,2024-01-01,https://data.gov.my/data-catalogue/hies_district,fresh,2026-10-04T11:16:32Z
district,Perak,Hulu Perak,gini,0.331,coefficient,2024-01-01,https://data.gov.my/data-catalogue/hies_district,fresh,2026-10-04T11:16:32Z
district,Perak,Hulu Perak,unemploymentRate,5.4,%,2024-01-01,https://data.gov.my/data-catalogue/lfs_district,fresh,2026-10-04T11:16:32Z
district,Perak,Hulu Perak,participationRate,49.6,%,2024-01-01,https://data.gov.my/data-catalogue/lfs_district,fresh,2026-10-04T11:16:32Z
district,Perak,Hulu Perak,employmentPopulationRatio,46.8,%,2024-01-01,https://data.gov.my/data-catalogue/lfs_district,fresh,2026-10-04T11:16:32Z
district,Perak,Hulu Perak,labourForce,32.5,thousand persons,2024-01-01,https://data.gov.my/data-catalogue/lfs_district,fresh,2026-10-04T11:16:32Z
district,Perak,Hulu Perak,realGdp,1.314,RM billion (constant 2015 prices),2020-01-01,https://data.gov.my/data-catalogue/gdp_district_real_supply,fresh,2026-10-04T11:16:32Z
district,Perak,Hulu Perak,largestSector,Services,sector,2020-01-01,https://data.gov.my/data-catalogue/gdp_district_real_supply,fresh,2026-10-04T11:16:32Z
district,Perak,Hulu Perak,largestSectorShare,61.21,%,2020-01-01,https://data.gov.my/data-catalogue/gdp_district_real_supply,fresh,2026-10-04T11:16:32Z
district,Perak,Hulu Perak,sector.p5.value,0.805,RM billion (constant 2015 prices),2020-01-01,https://data.gov.my/data-catalogue/gdp_district_real_supply,fresh,2026-10-04T11:16:32Z
district,Perak,Hulu Perak,sector.p5.share,61.21,%,2020-01-01,https://data.gov.my/data-catalogue/gdp_district_real_supply,fresh,2026-10-04T11:16:32Z
district,Perak,Hulu Perak,sector.p1.value,0.397,RM billion (constant 2015 prices),2020-01-01,https://data.gov.my/data-catalogue/gdp_district_real_supply,fresh,2026-10-04T11:16:32Z
district,Perak,Hulu Perak,sector.p1.share,30.23,%,2020-01-01,https://data.gov.my/data-catalogue/gdp_district_real_supply,fresh,2026-10-04T11:16:32Z
district,Perak,Hulu Perak,sector.p2.value,0.074,RM billion (constant 2015 prices),2020-01-01,https://data.gov.my/data-catalogue/gdp_district_real_supply,fresh,2026-10-04T11:16:32Z
district,Perak,Hulu Perak,sector.p2.share,5.63,%,2020-01-01,https://data.gov.my/data-catalogue/gdp_district_real_supply,fresh,2026-10-04T11:16:32Z
district,Perak,Hulu Perak,sector.p4.value,0.027,RM billion (constant 2015 prices),2020-01-01,https://data.gov.my/data-catalogue/gdp_district_real_supply,fresh,2026-10-04T11:16:32Z
district,Perak,Hulu Perak,sector.p4.share,2.02,%,2020-01-01,https://data.gov.my/data-catalogue/gdp_district_real_supply,fresh,2026-10-04T11:16:32Z
district,Perak,Hulu Perak,sector.p3.value,0.012,RM billion (constant 2015 prices),2020-01-01,https://data.gov.my/data-catalogue/gdp_district_real_supply,fresh,2026-10-04T11:16:32Z
district,Perak,Hulu Perak,sector.p3.share,0.88,%,2020-01-01,https://data.gov.my/data-catalogue/gdp_district_real_supply,fresh,2026-10-04T11:16:32Z
district,Perak,Kampar,incomeMean,5608.0,RM per household per month,2024-01-01,https://data.gov.my/data-catalogue/hies_district,fresh,2026-10-04T11:16:32Z
district,Perak,Kampar,incomeMedian,4538.0,RM per household per month,2024-01-01,https://data.gov.my/data-catalogue/hies_district,fresh,2026-10-04T11:16:32Z
district,Perak,Kampar,expenditureMean,3753.0,RM per household per month,2024-01-01,https://data.gov.my/data-catalogue/hies_district,fresh,2026-10-04T11:16:32Z
district,Perak,Kampar,incomeMinusExpenditure,785.0,RM per household per month,2024-01-01,https://data.gov.my/data-catalogue/hies_district,fresh,2026-10-04T11:16:32Z
district,Perak,Kampar,incomeToExpenditureRatio,1.209,ratio,2024-01-01,https://data.gov.my/data-catalogue/hies_district,fresh,2026-10-04T11:16:32Z
district,Perak,Kampar,poverty,4.5,%,2024-01-01,https://data.gov.my/data-catalogue/hies_district,fresh,2026-10-04T11:16:32Z
district,Perak,Kampar,gini,0.37,coefficient,2024-01-01,https://data.gov.my/data-catalogue/hies_district,fresh,2026-10-04T11:16:32Z
district,Perak,Kampar,unemploymentRate,4.4,%,2024-01-01,https://data.gov.my/data-catalogue/lfs_district,fresh,2026-10-04T11:16:32Z
district,Perak,Kampar,participationRate,64.2,%,2024-01-01,https://data.gov.my/data-catalogue/lfs_district,fresh,2026-10-04T11:16:32Z
district,Perak,Kampar,employmentPopulationRatio,61.3,%,2024-01-01,https://data.gov.my/data-catalogue/lfs_district,fresh,2026-10-04T11:16:32Z
district,Perak,Kampar,labourForce,45.0,thousand persons,2024-01-01,https://data.gov.my/data-catalogue/lfs_district,fresh,2026-10-04T11:16:32Z
district,Perak,Kampar,realGdp,2.074,RM billion (constant 2015 prices),2020-01-01,https://data.gov.my/data-catalogue/gdp_district_real_supply,fresh,2026-10-04T11:16:32Z
district,Perak,Kampar,largestSector,Services,sector,2020-01-01,https://data.gov.my/data-catalogue/gdp_district_real_supply,fresh,2026-10-04T11:16:32Z
district,Perak,Kampar,largestSectorShare,80.85,%,2020-01-01,https://data.gov.my/data-catalogue/gdp_district_real_supply,fresh,2026-10-04T11:16:32Z
district,Perak,Kampar,sector.p5.value,1.677,RM billion (constant 2015 prices),2020-01-01,https://data.gov.my/data-catalogue/gdp_district_real_supply,fresh,2026-10-04T11:16:32Z
district,Perak,Kampar,sector.p5.share,80.85,%,2020-01-01,https://data.gov.my/data-catalogue/gdp_district_real_supply,fresh,2026-10-04T11:16:32Z
district,Perak,Kampar,sector.p2.value,0.209,RM billion (constant 2015 prices),2020-01-01,https://data.gov.my/data-catalogue/gdp_district_real_supply,fresh,2026-10-04T11:16:32Z
district,Perak,Kampar,sector.p2.share,10.06,%,2020-01-01,https://data.gov.my/data-catalogue/gdp_district_real_supply,fresh,2026-10-04T11:16:32Z
district,Perak,Kampar,sector.p1.value,0.112,RM billion (constant 2015 prices),2020-01-01,https://data.gov.my/data-catalogue/gdp_district_real_supply,fresh,2026-10-04T11:16:32Z
district,Perak,Kampar,sector.p1.share,5.42,%,2020-01-01,https://data.gov.my/data-catalogue/gdp_district_real_supply,fresh,2026-10-04T11:16:32Z
district,Perak,Kampar,sector.p3.value,0.052,RM billion (constant 2015 prices),2020-01-01,https://data.gov.my/data-catalogue/gdp_district_real_supply,fresh,2026-10-04T11:16:32Z
district,Perak,Kampar,sector.p3.share,2.51,%,2020-01-01,https://data.gov.my/data-catalogue/gdp_district_real_supply,fresh,2026-10-04T11:16:32Z
district,Perak,Kampar,sector.p4.value,0.023,RM billion (constant 2015 prices),2020-01-01,https://data.gov.my/data-catalogue/gdp_district_real_supply,fresh,2026-10-04T11:16:32Z
district,Perak,Kampar,sector.p4.share,1.12,%,2020-01-01,https://data.gov.my/data-catalogue/gdp_district_real_supply,fresh,2026-10-04T11:16:32Z
district,Perak,Kerian,incomeMean,5590.0,RM per household per month,2024-01-01,https://data.gov.my/data-catalogue/hies_district,fresh,2026-10-04T11:16:32Z
district,Perak,Kerian,incomeMedian,4554.0,RM per household per month,2024-01-01,https://data.gov.my/data-catalogue/hies_district,fresh,2026-10-04T11:16:32Z
district,Perak,Kerian,expenditureMean,3807.0,RM per household per month,2024-01-01,https://data.gov.my/data-catalogue/hies_district,fresh,2026-10-04T11:16:32Z
district,Perak,Kerian,incomeMinusExpenditure,747.0,RM per household per month,2024-01-01,https://data.gov.my/data-catalogue/hies_district,fresh,2026-10-04T11:16:32Z
district,Perak,Kerian,incomeToExpenditureRatio,1.196,ratio,2024-01-01,https://data.gov.my/data-catalogue/hies_district,fresh,2026-10-04T11:16:32Z
district,Perak,Kerian,poverty,7.3,%,2024-01-01,https://data.gov.my/data-catalogue/hies_district,fresh,2026-10-04T11:16:32Z
district,Perak,Kerian,gini,0.305,coefficient,2024-01-01,https://data.gov.my/data-catalogue/hies_district,fresh,2026-10-04T11:16:32Z
district,Perak,Kerian,unemploymentRate,4.2,%,2024-01-01,https://data.gov.my/data-catalogue/lfs_district,fresh,2026-10-04T11:16:32Z
district,Perak,Kerian,participationRate,69.8,%,2024-01-01,https://data.gov.my/data-catalogue/lfs_district,fresh,2026-10-04T11:16:32Z
district,Perak,Kerian,employmentPopulationRatio,66.9,%,2024-01-01,https://data.gov.my/data-catalogue/lfs_district,fresh,2026-10-04T11:16:32Z
district,Perak,Kerian,labourForce,81.5,thousand persons,2024-01-01,https://data.gov.my/data-catalogue/lfs_district,fresh,2026-10-04T11:16:32Z
district,Perak,Kerian,realGdp,3.354,RM billion (constant 2015 prices),2020-01-01,https://data.gov.my/data-catalogue/gdp_district_real_supply,fresh,2026-10-04T11:16:32Z
district,Perak,Kerian,largestSector,Services,sector,2020-01-01,https://data.gov.my/data-catalogue/gdp_district_real_supply,fresh,2026-10-04T11:16:32Z
district,Perak,Kerian,largestSectorShare,52.73,%,2020-01-01,https://data.gov.my/data-catalogue/gdp_district_real_supply,fresh,2026-10-04T11:16:32Z
district,Perak,Kerian,sector.p5.value,1.768,RM billion (constant 2015 prices),2020-01-01,https://data.gov.my/data-catalogue/gdp_district_real_supply,fresh,2026-10-04T11:16:32Z
district,Perak,Kerian,sector.p5.share,52.73,%,2020-01-01,https://data.gov.my/data-catalogue/gdp_district_real_supply,fresh,2026-10-04T11:16:32Z
district,Perak,Kerian,sector.p1.value,0.931,RM billion (constant 2015 prices),2020-01-01,https://data.gov.my/data-catalogue/gdp_district_real_supply,fresh,2026-10-04T11:16:32Z
district,Perak,Kerian,sector.p1.share,27.76,%,2020-01-01,https://data.gov.my/data-catalogue/gdp_district_real_supply,fresh,2026-10-04T11:16:32Z
district,Perak,Kerian,sector.p3.value,0.583,RM billion (constant 2015 prices),2020-01-01,https://data.gov.my/data-catalogue/gdp_district_real_supply,fresh,2026-10-04T11:16:32Z
district,Perak,Kerian,sector.p3.share,17.39,%,2020-01-01,https://data.gov.my/data-catalogue/gdp_district_real_supply,fresh,2026-10-04T11:16:32Z
district,Perak,Kerian,sector.p4.value,0.069,RM billion (constant 2015 prices),2020-01-01,https://data.gov.my/data-catalogue/gdp_district_real_supply,fresh,2026-10-04T11:16:32Z
district,Perak,Kerian,sector.p4.share,2.05,%,2020-01-01,https://data.gov.my/data-catalogue/gdp_district_real_supply,fresh,2026-10-04T11:16:32Z
district,Perak,Kinta,incomeMean,6758.0,RM per household per month,2024-01-01,https://data.gov.my/data-catalogue/hies_district,fresh,2026-10-04T11:16:32Z
district,Perak,Kinta,incomeMedian,5136.0,RM per household per month,2024-01-01,https://data.gov.my/data-catalogue/hies_district,fresh,2026-10-04T11:16:32Z
district,Perak,Kinta,expenditureMean,4648.0,RM per household per month,2024-01-01,https://data.gov.my/data-catalogue/hies_district,fresh,2026-10-04T11:16:32Z
district,Perak,Kinta,incomeMinusExpenditure,488.0,RM per household per month,2024-01-01,https://data.gov.my/data-catalogue/hies_district,fresh,2026-10-04T11:16:32Z
district,Perak,Kinta,incomeToExpenditureRatio,1.105,ratio,2024-01-01,https://data.gov.my/data-catalogue/hies_district,fresh,2026-10-04T11:16:32Z
district,Perak,Kinta,poverty,3.8,%,2024-01-01,https://data.gov.my/data-catalogue/hies_district,fresh,2026-10-04T11:16:32Z
district,Perak,Kinta,gini,0.391,coefficient,2024-01-01,https://data.gov.my/data-catalogue/hies_district,fresh,2026-10-04T11:16:32Z
district,Perak,Kinta,unemploymentRate,2.6,%,2024-01-01,https://data.gov.my/data-catalogue/lfs_district,fresh,2026-10-04T11:16:32Z
district,Perak,Kinta,participationRate,72.5,%,2024-01-01,https://data.gov.my/data-catalogue/lfs_district,fresh,2026-10-04T11:16:32Z
district,Perak,Kinta,employmentPopulationRatio,70.6,%,2024-01-01,https://data.gov.my/data-catalogue/lfs_district,fresh,2026-10-04T11:16:32Z
district,Perak,Kinta,labourForce,460.5,thousand persons,2024-01-01,https://data.gov.my/data-catalogue/lfs_district,fresh,2026-10-04T11:16:32Z
district,Perak,Kinta,realGdp,33.753,RM billion (constant 2015 prices),2020-01-01,https://data.gov.my/data-catalogue/gdp_district_real_supply,fresh,2026-10-04T11:16:32Z
district,Perak,Kinta,largestSector,Services,sector,2020-01-01,https://data.gov.my/data-catalogue/gdp_district_real_supply,fresh,2026-10-04T11:16:32Z
district,Perak,Kinta,largestSectorShare,67.35,%,2020-01-01,https://data.gov.my/data-catalogue/gdp_district_real_supply,fresh,2026-10-04T11:16:32Z
district,Perak,Kinta,sector.p5.value,22.732,RM billion (constant 2015 prices),2020-01-01,https://data.gov.my/data-catalogue/gdp_district_real_supply,fresh,2026-10-04T11:16:32Z
district,Perak,Kinta,sector.p5.share,67.35,%,2020-01-01,https://data.gov.my/data-catalogue/gdp_district_real_supply,fresh,2026-10-04T11:16:32Z
district,Perak,Kinta,sector.p3.value,8.504,RM billion (constant 2015 prices),2020-01-01,https://data.gov.my/data-catalogue/gdp_district_real_supply,fresh,2026-10-04T11:16:32Z
district,Perak,Kinta,sector.p3.share,25.2,%,2020-01-01,https://data.gov.my/data-catalogue/gdp_district_real_supply,fresh,2026-10-04T11:16:32Z
district,Perak,Kinta,sector.p4.value,1.22,RM billion (constant 2015 prices),2020-01-01,https://data.gov.my/data-catalogue/gdp_district_real_supply,fresh,2026-10-04T11:16:32Z
district,Perak,Kinta,sector.p4.share,3.61,%,2020-01-01,https://data.gov.my/data-catalogue/gdp_district_real_supply,fresh,2026-10-04T11:16:32Z
district,Perak,Kinta,sector.p1.value,1.214,RM billion (constant 2015 prices),2020-01-01,https://data.gov.my/data-catalogue/gdp_district_real_supply,fresh,2026-10-04T11:16:32Z
district,Perak,Kinta,sector.p1.share,3.6,%,2020-01-01,https://data.gov.my/data-catalogue/gdp_district_real_supply,fresh,2026-10-04T11:16:32Z
district,Perak,Kinta,sector.p2.value,0.054,RM billion (constant 2015 prices),2020-01-01,https://data.gov.my/data-catalogue/gdp_district_real_supply,fresh,2026-10-04T11:16:32Z
district,Perak,Kinta,sector.p2.share,0.16,%,2020-01-01,https://data.gov.my/data-catalogue/gdp_district_real_supply,fresh,2026-10-04T11:16:32Z
district,Perak,Kuala Kangsar,incomeMean,5489.0,RM per household per month,2024-01-01,https://data.gov.my/data-catalogue/hies_district,fresh,2026-10-04T11:16:32Z
district,Perak,Kuala Kangsar,incomeMedian,3977.0,RM per household per month,2024-01-01,https://data.gov.my/data-catalogue/hies_district,fresh,2026-10-04T11:16:32Z
district,Perak,Kuala Kangsar,expenditureMean,4005.0,RM per household per month,2024-01-01,https://data.gov.my/data-catalogue/hies_district,fresh,2026-10-04T11:16:32Z
district,Perak,Kuala Kangsar,incomeMinusExpenditure,-28.0,RM per household per month,2024-01-01,https://data.gov.my/data-catalogue/hies_district,fresh,2026-10-04T11:16:32Z
district,Perak,Kuala Kangsar,incomeToExpenditureRatio,0.993,ratio,2024-01-01,https://data.gov.my/data-catalogue/hies_district,fresh,2026-10-04T11:16:32Z
district,Perak,Kuala Kangsar,poverty,11.3,%,2024-01-01,https://data.gov.my/data-catalogue/hies_district,fresh,2026-10-04T11:16:32Z
district,Perak,Kuala Kangsar,gini,0.357,coefficient,2024-01-01,https://data.gov.my/data-catalogue/hies_district,fresh,2026-10-04T11:16:32Z
district,Perak,Kuala Kangsar,unemploymentRate,4.3,%,2024-01-01,https://data.gov.my/data-catalogue/lfs_district,fresh,2026-10-04T11:16:32Z
district,Perak,Kuala Kangsar,participationRate,64.6,%,2024-01-01,https://data.gov.my/data-catalogue/lfs_district,fresh,2026-10-04T11:16:32Z
district,Perak,Kuala Kangsar,employmentPopulationRatio,61.8,%,2024-01-01,https://data.gov.my/data-catalogue/lfs_district,fresh,2026-10-04T11:16:32Z
district,Perak,Kuala Kangsar,labourForce,79.1,thousand persons,2024-01-01,https://data.gov.my/data-catalogue/lfs_district,fresh,2026-10-04T11:16:32Z
district,Perak,Kuala Kangsar,realGdp,3.135,RM billion (constant 2015 prices),2020-01-01,https://data.gov.my/data-catalogue/gdp_district_real_supply,fresh,2026-10-04T11:16:32Z
district,Perak,Kuala Kangsar,largestSector,Services,sector,2020-01-01,https://data.gov.my/data-catalogue/gdp_district_real_supply,fresh,2026-10-04T11:16:32Z
district,Perak,Kuala Kangsar,largestSectorShare,62.15,%,2020-01-01,https://data.gov.my/data-catalogue/gdp_district_real_supply,fresh,2026-10-04T11:16:32Z
district,Perak,Kuala Kangsar,sector.p5.value,1.949,RM billion (constant 2015 prices),2020-01-01,https://data.gov.my/data-catalogue/gdp_district_real_supply,fresh,2026-10-04T11:16:32Z
district,Perak,Kuala Kangsar,sector.p5.share,62.15,%,2020-01-01,https://data.gov.my/data-catalogue/gdp_district_real_supply,fresh,2026-10-04T11:16:32Z
district,Perak,Kuala Kangsar,sector.p3.value,0.595,RM billion (constant 2015 prices),2020-01-01,https://data.gov.my/data-catalogue/gdp_district_real_supply,fresh,2026-10-04T11:16:32Z
district,Perak,Kuala Kangsar,sector.p3.share,18.98,%,2020-01-01,https://data.gov.my/data-catalogue/gdp_district_real_supply,fresh,2026-10-04T11:16:32Z
district,Perak,Kuala Kangsar,sector.p1.value,0.559,RM billion (constant 2015 prices),2020-01-01,https://data.gov.my/data-catalogue/gdp_district_real_supply,fresh,2026-10-04T11:16:32Z
district,Perak,Kuala Kangsar,sector.p1.share,17.83,%,2020-01-01,https://data.gov.my/data-catalogue/gdp_district_real_supply,fresh,2026-10-04T11:16:32Z
district,Perak,Kuala Kangsar,sector.p4.value,0.03,RM billion (constant 2015 prices),2020-01-01,https://data.gov.my/data-catalogue/gdp_district_real_supply,fresh,2026-10-04T11:16:32Z
district,Perak,Kuala Kangsar,sector.p4.share,0.95,%,2020-01-01,https://data.gov.my/data-catalogue/gdp_district_real_supply,fresh,2026-10-04T11:16:32Z
district,Perak,Larut dan Matang,incomeMean,6024.0,RM per household per month,2024-01-01,https://data.gov.my/data-catalogue/hies_district,fresh,2026-10-04T11:16:32Z
district,Perak,Larut dan Matang,incomeMedian,4843.0,RM per household per month,2024-01-01,https://data.gov.my/data-catalogue/hies_district,fresh,2026-10-04T11:16:32Z
district,Perak,Larut dan Matang,expenditureMean,4174.0,RM per household per month,2024-01-01,https://data.gov.my/data-catalogue/hies_district,fresh,2026-10-04T11:16:32Z
district,Perak,Larut dan Matang,incomeMinusExpenditure,669.0,RM per household per month,2024-01-01,https://data.gov.my/data-catalogue/hies_district,fresh,2026-10-04T11:16:32Z
district,Perak,Larut dan Matang,incomeToExpenditureRatio,1.16,ratio,2024-01-01,https://data.gov.my/data-catalogue/hies_district,fresh,2026-10-04T11:16:32Z
district,Perak,Larut dan Matang,poverty,9.0,%,2024-01-01,https://data.gov.my/data-catalogue/hies_district,fresh,2026-10-04T11:16:32Z
district,Perak,Larut dan Matang,gini,0.335,coefficient,2024-01-01,https://data.gov.my/data-catalogue/hies_district,fresh,2026-10-04T11:16:32Z
district,Perak,Larut dan Matang,unemploymentRate,2.8,%,2024-01-01,https://data.gov.my/data-catalogue/lfs_district,fresh,2026-10-04T11:16:32Z
district,Perak,Larut dan Matang,participationRate,72.3,%,2024-01-01,https://data.gov.my/data-catalogue/lfs_district,fresh,2026-10-04T11:16:32Z
district,Perak,Larut dan Matang,employmentPopulationRatio,70.3,%,2024-01-01,https://data.gov.my/data-catalogue/lfs_district,fresh,2026-10-04T11:16:32Z
district,Perak,Larut dan Matang,labourForce,132.2,thousand persons,2024-01-01,https://data.gov.my/data-catalogue/lfs_district,fresh,2026-10-04T11:16:32Z
district,Perak,Larut dan Matang,realGdp,6.859,RM billion (constant 2015 prices),2020-01-01,https://data.gov.my/data-catalogue/gdp_district_real_supply,fresh,2026-10-04T11:16:32Z
district,Perak,Larut dan Matang,largestSector,Services,sector,2020-01-01,https://data.gov.my/data-catalogue/gdp_district_real_supply,fresh,2026-10-04T11:16:32Z
district,Perak,Larut dan Matang,largestSectorShare,65.93,%,2020-01-01,https://data.gov.my/data-catalogue/gdp_district_real_supply,fresh,2026-10-04T11:16:32Z
district,Perak,Larut dan Matang,sector.p5.value,4.522,RM billion (constant 2015 prices),2020-01-01,https://data.gov.my/data-catalogue/gdp_district_real_supply,fresh,2026-10-04T11:16:32Z
district,Perak,Larut dan Matang,sector.p5.share,65.93,%,2020-01-01,https://data.gov.my/data-catalogue/gdp_district_real_supply,fresh,2026-10-04T11:16:32Z
district,Perak,Larut dan Matang,sector.p1.value,1.196,RM billion (constant 2015 prices),2020-01-01,https://data.gov.my/data-catalogue/gdp_district_real_supply,fresh,2026-10-04T11:16:32Z
district,Perak,Larut dan Matang,sector.p1.share,17.43,%,2020-01-01,https://data.gov.my/data-catalogue/gdp_district_real_supply,fresh,2026-10-04T11:16:32Z
district,Perak,Larut dan Matang,sector.p3.value,1.009,RM billion (constant 2015 prices),2020-01-01,https://data.gov.my/data-catalogue/gdp_district_real_supply,fresh,2026-10-04T11:16:32Z
district,Perak,Larut dan Matang,sector.p3.share,14.72,%,2020-01-01,https://data.gov.my/data-catalogue/gdp_district_real_supply,fresh,2026-10-04T11:16:32Z
district,Perak,Larut dan Matang,sector.p4.value,0.122,RM billion (constant 2015 prices),2020-01-01,https://data.gov.my/data-catalogue/gdp_district_real_supply,fresh,2026-10-04T11:16:32Z
district,Perak,Larut dan Matang,sector.p4.share,1.78,%,2020-01-01,https://data.gov.my/data-catalogue/gdp_district_real_supply,fresh,2026-10-04T11:16:32Z
district,Perak,Larut dan Matang,sector.p2.value,0.006,RM billion (constant 2015 prices),2020-01-01,https://data.gov.my/data-catalogue/gdp_district_real_supply,fresh,2026-10-04T11:16:32Z
district,Perak,Larut dan Matang,sector.p2.share,0.08,%,2020-01-01,https://data.gov.my/data-catalogue/gdp_district_real_supply,fresh,2026-10-04T11:16:32Z
district,Perak,Manjung,incomeMean,6612.0,RM per household per month,2024-01-01,https://data.gov.my/data-catalogue/hies_district,fresh,2026-10-04T11:16:32Z
district,Perak,Manjung,incomeMedian,5380.0,RM per household per month,2024-01-01,https://data.gov.my/data-catalogue/hies_district,fresh,2026-10-04T11:16:32Z
district,Perak,Manjung,expenditureMean,4387.0,RM per household per month,2024-01-01,https://data.gov.my/data-catalogue/hies_district,fresh,2026-10-04T11:16:32Z
district,Perak,Manjung,incomeMinusExpenditure,993.0,RM per household per month,2024-01-01,https://data.gov.my/data-catalogue/hies_district,fresh,2026-10-04T11:16:32Z
district,Perak,Manjung,incomeToExpenditureRatio,1.226,ratio,2024-01-01,https://data.gov.my/data-catalogue/hies_district,fresh,2026-10-04T11:16:32Z
district,Perak,Manjung,poverty,3.9,%,2024-01-01,https://data.gov.my/data-catalogue/hies_district,fresh,2026-10-04T11:16:32Z
district,Perak,Manjung,gini,0.346,coefficient,2024-01-01,https://data.gov.my/data-catalogue/hies_district,fresh,2026-10-04T11:16:32Z
district,Perak,Manjung,unemploymentRate,3.1,%,2024-01-01,https://data.gov.my/data-catalogue/lfs_district,fresh,2026-10-04T11:16:32Z
district,Perak,Manjung,participationRate,71.0,%,2024-01-01,https://data.gov.my/data-catalogue/lfs_district,fresh,2026-10-04T11:16:32Z
district,Perak,Manjung,employmentPopulationRatio,68.8,%,2024-01-01,https://data.gov.my/data-catalogue/lfs_district,fresh,2026-10-04T11:16:32Z
district,Perak,Manjung,labourForce,125.4,thousand persons,2024-01-01,https://data.gov.my/data-catalogue/lfs_district,fresh,2026-10-04T11:16:32Z
district,Perak,Manjung,realGdp,9.02,RM billion (constant 2015 prices),2020-01-01,https://data.gov.my/data-catalogue/gdp_district_real_supply,fresh,2026-10-04T11:16:32Z
district,Perak,Manjung,largestSector,Services,sector,2020-01-01,https://data.gov.my/data-catalogue/gdp_district_real_supply,fresh,2026-10-04T11:16:32Z
district,Perak,Manjung,largestSectorShare,56.5,%,2020-01-01,https://data.gov.my/data-catalogue/gdp_district_real_supply,fresh,2026-10-04T11:16:32Z
district,Perak,Manjung,sector.p5.value,5.096,RM billion (constant 2015 prices),2020-01-01,https://data.gov.my/data-catalogue/gdp_district_real_supply,fresh,2026-10-04T11:16:32Z
district,Perak,Manjung,sector.p5.share,56.5,%,2020-01-01,https://data.gov.my/data-catalogue/gdp_district_real_supply,fresh,2026-10-04T11:16:32Z
district,Perak,Manjung,sector.p1.value,1.863,RM billion (constant 2015 prices),2020-01-01,https://data.gov.my/data-catalogue/gdp_district_real_supply,fresh,2026-10-04T11:16:32Z
district,Perak,Manjung,sector.p1.share,20.66,%,2020-01-01,https://data.gov.my/data-catalogue/gdp_district_real_supply,fresh,2026-10-04T11:16:32Z
district,Perak,Manjung,sector.p3.value,1.752,RM billion (constant 2015 prices),2020-01-01,https://data.gov.my/data-catalogue/gdp_district_real_supply,fresh,2026-10-04T11:16:32Z
district,Perak,Manjung,sector.p3.share,19.43,%,2020-01-01,https://data.gov.my/data-catalogue/gdp_district_real_supply,fresh,2026-10-04T11:16:32Z
district,Perak,Manjung,sector.p4.value,0.284,RM billion (constant 2015 prices),2020-01-01,https://data.gov.my/data-catalogue/gdp_district_real_supply,fresh,2026-10-04T11:16:32Z
district,Perak,Manjung,sector.p4.share,3.14,%,2020-01-01,https://data.gov.my/data-catalogue/gdp_district_real_supply,fresh,2026-10-04T11:16:32Z
district,Perak,Manjung,sector.p2.value,0.019,RM billion (constant 2015 prices),2020-01-01,https://data.gov.my/data-catalogue/gdp_district_real_supply,fresh,2026-10-04T11:16:32Z
district,Perak,Manjung,sector.p2.share,0.21,%,2020-01-01,https://data.gov.my/data-catalogue/gdp_district_real_supply,fresh,2026-10-04T11:16:32Z
district,Perak,Muallim,incomeMean,6229.0,RM per household per month,2024-01-01,https://data.gov.my/data-catalogue/hies_district,fresh,2026-10-04T11:16:32Z
district,Perak,Muallim,incomeMedian,4856.0,RM per household per month,2024-01-01,https://data.gov.my/data-catalogue/hies_district,fresh,2026-10-04T11:16:32Z
district,Perak,Muallim,expenditureMean,4517.0,RM per household per month,2024-01-01,https://data.gov.my/data-catalogue/hies_district,fresh,2026-10-04T11:16:32Z
district,Perak,Muallim,incomeMinusExpenditure,339.0,RM per household per month,2024-01-01,https://data.gov.my/data-catalogue/hies_district,fresh,2026-10-04T11:16:32Z
district,Perak,Muallim,incomeToExpenditureRatio,1.075,ratio,2024-01-01,https://data.gov.my/data-catalogue/hies_district,fresh,2026-10-04T11:16:32Z
district,Perak,Muallim,poverty,7.7,%,2024-01-01,https://data.gov.my/data-catalogue/hies_district,fresh,2026-10-04T11:16:32Z
district,Perak,Muallim,gini,0.35,coefficient,2024-01-01,https://data.gov.my/data-catalogue/hies_district,fresh,2026-10-04T11:16:32Z
district,Perak,Muallim,unemploymentRate,4.0,%,2024-01-01,https://data.gov.my/data-catalogue/lfs_district,fresh,2026-10-04T11:16:32Z
district,Perak,Muallim,participationRate,70.9,%,2024-01-01,https://data.gov.my/data-catalogue/lfs_district,fresh,2026-10-04T11:16:32Z
district,Perak,Muallim,employmentPopulationRatio,68.0,%,2024-01-01,https://data.gov.my/data-catalogue/lfs_district,fresh,2026-10-04T11:16:32Z
district,Perak,Muallim,labourForce,42.1,thousand persons,2024-01-01,https://data.gov.my/data-catalogue/lfs_district,fresh,2026-10-04T11:16:32Z
district,Perak,Muallim,realGdp,2.231,RM billion (constant 2015 prices),2020-01-01,https://data.gov.my/data-catalogue/gdp_district_real_supply,fresh,2026-10-04T11:16:32Z
district,Perak,Muallim,largestSector,Services,sector,2020-01-01,https://data.gov.my/data-catalogue/gdp_district_real_supply,fresh,2026-10-04T11:16:32Z
district,Perak,Muallim,largestSectorShare,46.92,%,2020-01-01,https://data.gov.my/data-catalogue/gdp_district_real_supply,fresh,2026-10-04T11:16:32Z
district,Perak,Muallim,sector.p5.value,1.047,RM billion (constant 2015 prices),2020-01-01,https://data.gov.my/data-catalogue/gdp_district_real_supply,fresh,2026-10-04T11:16:32Z
district,Perak,Muallim,sector.p5.share,46.92,%,2020-01-01,https://data.gov.my/data-catalogue/gdp_district_real_supply,fresh,2026-10-04T11:16:32Z
district,Perak,Muallim,sector.p1.value,0.912,RM billion (constant 2015 prices),2020-01-01,https://data.gov.my/data-catalogue/gdp_district_real_supply,fresh,2026-10-04T11:16:32Z
district,Perak,Muallim,sector.p1.share,40.86,%,2020-01-01,https://data.gov.my/data-catalogue/gdp_district_real_supply,fresh,2026-10-04T11:16:32Z
district,Perak,Muallim,sector.p3.value,0.257,RM billion (constant 2015 prices),2020-01-01,https://data.gov.my/data-catalogue/gdp_district_real_supply,fresh,2026-10-04T11:16:32Z
district,Perak,Muallim,sector.p3.share,11.53,%,2020-01-01,https://data.gov.my/data-catalogue/gdp_district_real_supply,fresh,2026-10-04T11:16:32Z
district,Perak,Muallim,sector.p4.value,0.014,RM billion (constant 2015 prices),2020-01-01,https://data.gov.my/data-catalogue/gdp_district_real_supply,fresh,2026-10-04T11:16:32Z
district,Perak,Muallim,sector.p4.share,0.65,%,2020-01-01,https://data.gov.my/data-catalogue/gdp_district_real_supply,fresh,2026-10-04T11:16:32Z
district,Perak,Muallim,sector.p2.value,0.0,RM billion (constant 2015 prices),2020-01-01,https://data.gov.my/data-catalogue/gdp_district_real_supply,fresh,2026-10-04T11:16:32Z
district,Perak,Muallim,sector.p2.share,0.0,%,2020-01-01,https://data.gov.my/data-catalogue/gdp_district_real_supply,fresh,2026-10-04T11:16:32Z
district,Perak,Perak Tengah,incomeMean,6027.0,RM per household per month,2024-01-01,https://data.gov.my/data-catalogue/hies_district,fresh,2026-10-04T11:16:32Z
district,Perak,Perak Tengah,incomeMedian,4685.0,RM per household per month,2024-01-01,https://data.gov.my/data-catalogue/hies_district,fresh,2026-10-04T11:16:32Z
district,Perak,Perak Tengah,expenditureMean,3956.0,RM per household per month,2024-01-01,https://data.gov.my/data-catalogue/hies_district,fresh,2026-10-04T11:16:32Z
district,Perak,Perak Tengah,incomeMinusExpenditure,729.0,RM per household per month,2024-01-01,https://data.gov.my/data-catalogue/hies_district,fresh,2026-10-04T11:16:32Z
district,Perak,Perak Tengah,incomeToExpenditureRatio,1.184,ratio,2024-01-01,https://data.gov.my/data-catalogue/hies_district,fresh,2026-10-04T11:16:32Z
district,Perak,Perak Tengah,poverty,10.2,%,2024-01-01,https://data.gov.my/data-catalogue/hies_district,fresh,2026-10-04T11:16:32Z
district,Perak,Perak Tengah,gini,0.354,coefficient,2024-01-01,https://data.gov.my/data-catalogue/hies_district,fresh,2026-10-04T11:16:32Z
district,Perak,Perak Tengah,unemploymentRate,3.8,%,2024-01-01,https://data.gov.my/data-catalogue/lfs_district,fresh,2026-10-04T11:16:32Z
district,Perak,Perak Tengah,participationRate,70.9,%,2024-01-01,https://data.gov.my/data-catalogue/lfs_district,fresh,2026-10-04T11:16:32Z
district,Perak,Perak Tengah,employmentPopulationRatio,68.2,%,2024-01-01,https://data.gov.my/data-catalogue/lfs_district,fresh,2026-10-04T11:16:32Z
district,Perak,Perak Tengah,labourForce,49.5,thousand persons,2024-01-01,https://data.gov.my/data-catalogue/lfs_district,fresh,2026-10-04T11:16:32Z
district,Perak,Perak Tengah,realGdp,2.304,RM billion (constant 2015 prices),2020-01-01,https://data.gov.my/data-catalogue/gdp_district_real_supply,fresh,2026-10-04T11:16:32Z
district,Perak,Perak Tengah,largestSector,Services,sector,2020-01-01,https://data.gov.my/data-catalogue/gdp_district_real_supply,fresh,2026-10-04T11:16:32Z
district,Perak,Perak Tengah,largestSectorShare,53.8,%,2020-01-01,https://data.gov.my/data-catalogue/gdp_district_real_supply,fresh,2026-10-04T11:16:32Z
district,Perak,Perak Tengah,sector.p5.value,1.239,RM billion (constant 2015 prices),2020-01-01,https://data.gov.my/data-catalogue/gdp_district_real_supply,fresh,2026-10-04T11:16:32Z
district,Perak,Perak Tengah,sector.p5.share,53.8,%,2020-01-01,https://data.gov.my/data-catalogue/gdp_district_real_supply,fresh,2026-10-04T11:16:32Z
district,Perak,Perak Tengah,sector.p1.value,0.801,RM billion (constant 2015 prices),2020-01-01,https://data.gov.my/data-catalogue/gdp_district_real_supply,fresh,2026-10-04T11:16:32Z
district,Perak,Perak Tengah,sector.p1.share,34.79,%,2020-01-01,https://data.gov.my/data-catalogue/gdp_district_real_supply,fresh,2026-10-04T11:16:32Z
district,Perak,Perak Tengah,sector.p3.value,0.157,RM billion (constant 2015 prices),2020-01-01,https://data.gov.my/data-catalogue/gdp_district_real_supply,fresh,2026-10-04T11:16:32Z
district,Perak,Perak Tengah,sector.p3.share,6.83,%,2020-01-01,https://data.gov.my/data-catalogue/gdp_district_real_supply,fresh,2026-10-04T11:16:32Z
district,Perak,Perak Tengah,sector.p4.value,0.104,RM billion (constant 2015 prices),2020-01-01,https://data.gov.my/data-catalogue/gdp_district_real_supply,fresh,2026-10-04T11:16:32Z
district,Perak,Perak Tengah,sector.p4.share,4.51,%,2020-01-01,https://data.gov.my/data-catalogue/gdp_district_real_supply,fresh,2026-10-04T11:16:32Z
district,Perak,Selama,incomeMean,5019.0,RM per household per month,2024-01-01,https://data.gov.my/data-catalogue/hies_district,fresh,2026-10-04T11:16:32Z
district,Perak,Selama,incomeMedian,3827.0,RM per household per month,2024-01-01,https://data.gov.my/data-catalogue/hies_district,fresh,2026-10-04T11:16:32Z
district,Perak,Selama,expenditureMean,3779.0,RM per household per month,2024-01-01,https://data.gov.my/data-catalogue/hies_district,fresh,2026-10-04T11:16:32Z
district,Perak,Selama,incomeMinusExpenditure,48.0,RM per household per month,2024-01-01,https://data.gov.my/data-catalogue/hies_district,fresh,2026-10-04T11:16:32Z
district,Perak,Selama,incomeToExpenditureRatio,1.013,ratio,2024-01-01,https://data.gov.my/data-catalogue/hies_district,fresh,2026-10-04T11:16:32Z
district,Perak,Selama,poverty,10.4,%,2024-01-01,https://data.gov.my/data-catalogue/hies_district,fresh,2026-10-04T11:16:32Z
district,Perak,Selama,gini,0.337,coefficient,2024-01-01,https://data.gov.my/data-catalogue/hies_district,fresh,2026-10-04T11:16:32Z
district,Perak,Selama,unemploymentRate,8.9,%,2024-01-01,https://data.gov.my/data-catalogue/lfs_district,fresh,2026-10-04T11:16:32Z
district,Perak,Selama,participationRate,44.5,%,2024-01-01,https://data.gov.my/data-catalogue/lfs_district,fresh,2026-10-04T11:16:32Z
district,Perak,Selama,employmentPopulationRatio,40.6,%,2024-01-01,https://data.gov.my/data-catalogue/lfs_district,fresh,2026-10-04T11:16:32Z
district,Perak,Selama,labourForce,10.4,thousand persons,2024-01-01,https://data.gov.my/data-catalogue/lfs_district,fresh,2026-10-04T11:16:32Z
district,Perak,Selama,realGdp,0.589,RM billion (constant 2015 prices),2020-01-01,https://data.gov.my/data-catalogue/gdp_district_real_supply,fresh,2026-10-04T11:16:32Z
district,Perak,Selama,largestSector,Agriculture,sector,2020-01-01,https://data.gov.my/data-catalogue/gdp_district_real_supply,fresh,2026-10-04T11:16:32Z
district,Perak,Selama,largestSectorShare,57.14,%,2020-01-01,https://data.gov.my/data-catalogue/gdp_district_real_supply,fresh,2026-10-04T11:16:32Z
district,Perak,Selama,sector.p1.value,0.336,RM billion (constant 2015 prices),2020-01-01,https://data.gov.my/data-catalogue/gdp_district_real_supply,fresh,2026-10-04T11:16:32Z
district,Perak,Selama,sector.p1.share,57.14,%,2020-01-01,https://data.gov.my/data-catalogue/gdp_district_real_supply,fresh,2026-10-04T11:16:32Z
district,Perak,Selama,sector.p5.value,0.234,RM billion (constant 2015 prices),2020-01-01,https://data.gov.my/data-catalogue/gdp_district_real_supply,fresh,2026-10-04T11:16:32Z
district,Perak,Selama,sector.p5.share,39.76,%,2020-01-01,https://data.gov.my/data-catalogue/gdp_district_real_supply,fresh,2026-10-04T11:16:32Z
district,Perak,Selama,sector.p3.value,0.011,RM billion (constant 2015 prices),2020-01-01,https://data.gov.my/data-catalogue/gdp_district_real_supply,fresh,2026-10-04T11:16:32Z
district,Perak,Selama,sector.p3.share,1.8,%,2020-01-01,https://data.gov.my/data-catalogue/gdp_district_real_supply,fresh,2026-10-04T11:16:32Z
district,Perak,Selama,sector.p4.value,0.007,RM billion (constant 2015 prices),2020-01-01,https://data.gov.my/data-catalogue/gdp_district_real_supply,fresh,2026-10-04T11:16:32Z
district,Perak,Selama,sector.p4.share,1.27,%,2020-01-01,https://data.gov.my/data-catalogue/gdp_district_real_supply,fresh,2026-10-04T11:16:32Z
district,Perak,Selama,sector.p2.value,0.0,RM billion (constant 2015 prices),2020-01-01,https://data.gov.my/data-catalogue/gdp_district_real_supply,fresh,2026-10-04T11:16:32Z
district,Perak,Selama,sector.p2.share,0.0,%,2020-01-01,https://data.gov.my/data-catalogue/gdp_district_real_supply,fresh,2026-10-04T11:16:32Z
district,Perlis,Perlis,realGdp,5.785,RM billion (constant 2015 prices),2020-01-01,https://data.gov.my/data-catalogue/gdp_district_real_supply,fresh,2026-10-04T11:16:32Z
district,Perlis,Perlis,largestSector,Services,sector,2020-01-01,https://data.gov.my/data-catalogue/gdp_district_real_supply,fresh,2026-10-04T11:16:32Z
district,Perlis,Perlis,largestSectorShare,69.7,%,2020-01-01,https://data.gov.my/data-catalogue/gdp_district_real_supply,fresh,2026-10-04T11:16:32Z
district,Perlis,Perlis,sector.p5.value,4.032,RM billion (constant 2015 prices),2020-01-01,https://data.gov.my/data-catalogue/gdp_district_real_supply,fresh,2026-10-04T11:16:32Z
district,Perlis,Perlis,sector.p5.share,69.7,%,2020-01-01,https://data.gov.my/data-catalogue/gdp_district_real_supply,fresh,2026-10-04T11:16:32Z
district,Perlis,Perlis,sector.p1.value,1.088,RM billion (constant 2015 prices),2020-01-01,https://data.gov.my/data-catalogue/gdp_district_real_supply,fresh,2026-10-04T11:16:32Z
district,Perlis,Perlis,sector.p1.share,18.8,%,2020-01-01,https://data.gov.my/data-catalogue/gdp_district_real_supply,fresh,2026-10-04T11:16:32Z
district,Perlis,Perlis,sector.p3.value,0.444,RM billion (constant 2015 prices),2020-01-01,https://data.gov.my/data-catalogue/gdp_district_real_supply,fresh,2026-10-04T11:16:32Z
district,Perlis,Perlis,sector.p3.share,7.67,%,2020-01-01,https://data.gov.my/data-catalogue/gdp_district_real_supply,fresh,2026-10-04T11:16:32Z
district,Perlis,Perlis,sector.p4.value,0.151,RM billion (constant 2015 prices),2020-01-01,https://data.gov.my/data-catalogue/gdp_district_real_supply,fresh,2026-10-04T11:16:32Z
district,Perlis,Perlis,sector.p4.share,2.6,%,2020-01-01,https://data.gov.my/data-catalogue/gdp_district_real_supply,fresh,2026-10-04T11:16:32Z
district,Perlis,Perlis,sector.p2.value,0.03,RM billion (constant 2015 prices),2020-01-01,https://data.gov.my/data-catalogue/gdp_district_real_supply,fresh,2026-10-04T11:16:32Z
district,Perlis,Perlis,sector.p2.share,0.52,%,2020-01-01,https://data.gov.my/data-catalogue/gdp_district_real_supply,fresh,2026-10-04T11:16:32Z
district,Pulau Pinang,Barat Daya,incomeMean,10231.0,RM per household per month,2024-01-01,https://data.gov.my/data-catalogue/hies_district,fresh,2026-10-04T11:16:32Z
district,Pulau Pinang,Barat Daya,incomeMedian,8919.0,RM per household per month,2024-01-01,https://data.gov.my/data-catalogue/hies_district,fresh,2026-10-04T11:16:32Z
district,Pulau Pinang,Barat Daya,expenditureMean,6222.0,RM per household per month,2024-01-01,https://data.gov.my/data-catalogue/hies_district,fresh,2026-10-04T11:16:32Z
district,Pulau Pinang,Barat Daya,incomeMinusExpenditure,2697.0,RM per household per month,2024-01-01,https://data.gov.my/data-catalogue/hies_district,fresh,2026-10-04T11:16:32Z
district,Pulau Pinang,Barat Daya,incomeToExpenditureRatio,1.433,ratio,2024-01-01,https://data.gov.my/data-catalogue/hies_district,fresh,2026-10-04T11:16:32Z
district,Pulau Pinang,Barat Daya,poverty,0.4,%,2024-01-01,https://data.gov.my/data-catalogue/hies_district,fresh,2026-10-04T11:16:32Z
district,Pulau Pinang,Barat Daya,gini,0.368,coefficient,2024-01-01,https://data.gov.my/data-catalogue/hies_district,fresh,2026-10-04T11:16:32Z
district,Pulau Pinang,Barat Daya,unemploymentRate,0.9,%,2024-01-01,https://data.gov.my/data-catalogue/lfs_district,fresh,2026-10-04T11:16:32Z
district,Pulau Pinang,Barat Daya,participationRate,71.9,%,2024-01-01,https://data.gov.my/data-catalogue/lfs_district,fresh,2026-10-04T11:16:32Z
district,Pulau Pinang,Barat Daya,employmentPopulationRatio,71.3,%,2024-01-01,https://data.gov.my/data-catalogue/lfs_district,fresh,2026-10-04T11:16:32Z
district,Pulau Pinang,Barat Daya,labourForce,129.1,thousand persons,2024-01-01,https://data.gov.my/data-catalogue/lfs_district,fresh,2026-10-04T11:16:32Z
district,Pulau Pinang,Barat Daya,realGdp,28.223,RM billion (constant 2015 prices),2020-01-01,https://data.gov.my/data-catalogue/gdp_district_real_supply,fresh,2026-10-04T11:16:32Z
district,Pulau Pinang,Barat Daya,largestSector,Manufacturing,sector,2020-01-01,https://data.gov.my/data-catalogue/gdp_district_real_supply,fresh,2026-10-04T11:16:32Z
district,Pulau Pinang,Barat Daya,largestSectorShare,73.45,%,2020-01-01,https://data.gov.my/data-catalogue/gdp_district_real_supply,fresh,2026-10-04T11:16:32Z
district,Pulau Pinang,Barat Daya,sector.p3.value,20.729,RM billion (constant 2015 prices),2020-01-01,https://data.gov.my/data-catalogue/gdp_district_real_supply,fresh,2026-10-04T11:16:32Z
district,Pulau Pinang,Barat Daya,sector.p3.share,73.45,%,2020-01-01,https://data.gov.my/data-catalogue/gdp_district_real_supply,fresh,2026-10-04T11:16:32Z
district,Pulau Pinang,Barat Daya,sector.p5.value,6.664,RM billion (constant 2015 prices),2020-01-01,https://data.gov.my/data-catalogue/gdp_district_real_supply,fresh,2026-10-04T11:16:32Z
district,Pulau Pinang,Barat Daya,sector.p5.share,23.61,%,2020-01-01,https://data.gov.my/data-catalogue/gdp_district_real_supply,fresh,2026-10-04T11:16:32Z
district,Pulau Pinang,Barat Daya,sector.p4.value,0.39,RM billion (constant 2015 prices),2020-01-01,https://data.gov.my/data-catalogue/gdp_district_real_supply,fresh,2026-10-04T11:16:32Z
district,Pulau Pinang,Barat Daya,sector.p4.share,1.38,%,2020-01-01,https://data.gov.my/data-catalogue/gdp_district_real_supply,fresh,2026-10-04T11:16:32Z
district,Pulau Pinang,Barat Daya,sector.p1.value,0.17,RM billion (constant 2015 prices),2020-01-01,https://data.gov.my/data-catalogue/gdp_district_real_supply,fresh,2026-10-04T11:16:32Z
district,Pulau Pinang,Barat Daya,sector.p1.share,0.6,%,2020-01-01,https://data.gov.my/data-catalogue/gdp_district_real_supply,fresh,2026-10-04T11:16:32Z
district,Pulau Pinang,Seberang Perai Selatan,incomeMean,8234.0,RM per household per month,2024-01-01,https://data.gov.my/data-catalogue/hies_district,fresh,2026-10-04T11:16:32Z
district,Pulau Pinang,Seberang Perai Selatan,incomeMedian,6822.0,RM per household per month,2024-01-01,https://data.gov.my/data-catalogue/hies_district,fresh,2026-10-04T11:16:32Z
district,Pulau Pinang,Seberang Perai Selatan,expenditureMean,5391.0,RM per household per month,2024-01-01,https://data.gov.my/data-catalogue/hies_district,fresh,2026-10-04T11:16:32Z
district,Pulau Pinang,Seberang Perai Selatan,incomeMinusExpenditure,1431.0,RM per household per month,2024-01-01,https://data.gov.my/data-catalogue/hies_district,fresh,2026-10-04T11:16:32Z
district,Pulau Pinang,Seberang Perai Selatan,incomeToExpenditureRatio,1.265,ratio,2024-01-01,https://data.gov.my/data-catalogue/hies_district,fresh,2026-10-04T11:16:32Z
district,Pulau Pinang,Seberang Perai Selatan,poverty,3.0,%,2024-01-01,https://data.gov.my/data-catalogue/hies_district,fresh,2026-10-04T11:16:32Z
district,Pulau Pinang,Seberang Perai Selatan,gini,0.352,coefficient,2024-01-01,https://data.gov.my/data-catalogue/hies_district,fresh,2026-10-04T11:16:32Z
district,Pulau Pinang,Seberang Perai Selatan,unemploymentRate,3.0,%,2024-01-01,https://data.gov.my/data-catalogue/lfs_district,fresh,2026-10-04T11:16:32Z
district,Pulau Pinang,Seberang Perai Selatan,participationRate,80.0,%,2024-01-01,https://data.gov.my/data-catalogue/lfs_district,fresh,2026-10-04T11:16:32Z
district,Pulau Pinang,Seberang Perai Selatan,employmentPopulationRatio,77.6,%,2024-01-01,https://data.gov.my/data-catalogue/lfs_district,fresh,2026-10-04T11:16:32Z
district,Pulau Pinang,Seberang Perai Selatan,labourForce,110.3,thousand persons,2024-01-01,https://data.gov.my/data-catalogue/lfs_district,fresh,2026-10-04T11:16:32Z
district,Pulau Pinang,Seberang Perai Selatan,realGdp,8.039,RM billion (constant 2015 prices),2020-01-01,https://data.gov.my/data-catalogue/gdp_district_real_supply,fresh,2026-10-04T11:16:32Z
district,Pulau Pinang,Seberang Perai Selatan,largestSector,Manufacturing,sector,2020-01-01,https://data.gov.my/data-catalogue/gdp_district_real_supply,fresh,2026-10-04T11:16:32Z
district,Pulau Pinang,Seberang Perai Selatan,largestSectorShare,50.3,%,2020-01-01,https://data.gov.my/data-catalogue/gdp_district_real_supply,fresh,2026-10-04T11:16:32Z
district,Pulau Pinang,Seberang Perai Selatan,sector.p3.value,4.044,RM billion (constant 2015 prices),2020-01-01,https://data.gov.my/data-catalogue/gdp_district_real_supply,fresh,2026-10-04T11:16:32Z
district,Pulau Pinang,Seberang Perai Selatan,sector.p3.share,50.3,%,2020-01-01,https://data.gov.my/data-catalogue/gdp_district_real_supply,fresh,2026-10-04T11:16:32Z
district,Pulau Pinang,Seberang Perai Selatan,sector.p5.value,2.945,RM billion (constant 2015 prices),2020-01-01,https://data.gov.my/data-catalogue/gdp_district_real_supply,fresh,2026-10-04T11:16:32Z
district,Pulau Pinang,Seberang Perai Selatan,sector.p5.share,36.63,%,2020-01-01,https://data.gov.my/data-catalogue/gdp_district_real_supply,fresh,2026-10-04T11:16:32Z
district,Pulau Pinang,Seberang Perai Selatan,sector.p1.value,0.633,RM billion (constant 2015 prices),2020-01-01,https://data.gov.my/data-catalogue/gdp_district_real_supply,fresh,2026-10-04T11:16:32Z
district,Pulau Pinang,Seberang Perai Selatan,sector.p1.share,7.87,%,2020-01-01,https://data.gov.my/data-catalogue/gdp_district_real_supply,fresh,2026-10-04T11:16:32Z
district,Pulau Pinang,Seberang Perai Selatan,sector.p4.value,0.358,RM billion (constant 2015 prices),2020-01-01,https://data.gov.my/data-catalogue/gdp_district_real_supply,fresh,2026-10-04T11:16:32Z
district,Pulau Pinang,Seberang Perai Selatan,sector.p4.share,4.46,%,2020-01-01,https://data.gov.my/data-catalogue/gdp_district_real_supply,fresh,2026-10-04T11:16:32Z
district,Pulau Pinang,Seberang Perai Tengah,incomeMean,8413.0,RM per household per month,2024-01-01,https://data.gov.my/data-catalogue/hies_district,fresh,2026-10-04T11:16:32Z
district,Pulau Pinang,Seberang Perai Tengah,incomeMedian,6892.0,RM per household per month,2024-01-01,https://data.gov.my/data-catalogue/hies_district,fresh,2026-10-04T11:16:32Z
district,Pulau Pinang,Seberang Perai Tengah,expenditureMean,5419.0,RM per household per month,2024-01-01,https://data.gov.my/data-catalogue/hies_district,fresh,2026-10-04T11:16:32Z
district,Pulau Pinang,Seberang Perai Tengah,incomeMinusExpenditure,1473.0,RM per household per month,2024-01-01,https://data.gov.my/data-catalogue/hies_district,fresh,2026-10-04T11:16:32Z
district,Pulau Pinang,Seberang Perai Tengah,incomeToExpenditureRatio,1.272,ratio,2024-01-01,https://data.gov.my/data-catalogue/hies_district,fresh,2026-10-04T11:16:32Z
district,Pulau Pinang,Seberang Perai Tengah,poverty,2.8,%,2024-01-01,https://data.gov.my/data-catalogue/hies_district,fresh,2026-10-04T11:16:32Z
district,Pulau Pinang,Seberang Perai Tengah,gini,0.346,coefficient,2024-01-01,https://data.gov.my/data-catalogue/hies_district,fresh,2026-10-04T11:16:32Z
district,Pulau Pinang,Seberang Perai Tengah,unemploymentRate,1.9,%,2024-01-01,https://data.gov.my/data-catalogue/lfs_district,fresh,2026-10-04T11:16:32Z
district,Pulau Pinang,Seberang Perai Tengah,participationRate,73.0,%,2024-01-01,https://data.gov.my/data-catalogue/lfs_district,fresh,2026-10-04T11:16:32Z
district,Pulau Pinang,Seberang Perai Tengah,employmentPopulationRatio,71.6,%,2024-01-01,https://data.gov.my/data-catalogue/lfs_district,fresh,2026-10-04T11:16:32Z
district,Pulau Pinang,Seberang Perai Tengah,labourForce,238.7,thousand persons,2024-01-01,https://data.gov.my/data-catalogue/lfs_district,fresh,2026-10-04T11:16:32Z
district,Pulau Pinang,Seberang Perai Tengah,realGdp,26.887,RM billion (constant 2015 prices),2020-01-01,https://data.gov.my/data-catalogue/gdp_district_real_supply,fresh,2026-10-04T11:16:32Z
district,Pulau Pinang,Seberang Perai Tengah,largestSector,Manufacturing,sector,2020-01-01,https://data.gov.my/data-catalogue/gdp_district_real_supply,fresh,2026-10-04T11:16:32Z
district,Pulau Pinang,Seberang Perai Tengah,largestSectorShare,50.65,%,2020-01-01,https://data.gov.my/data-catalogue/gdp_district_real_supply,fresh,2026-10-04T11:16:32Z
district,Pulau Pinang,Seberang Perai Tengah,sector.p3.value,13.619,RM billion (constant 2015 prices),2020-01-01,https://data.gov.my/data-catalogue/gdp_district_real_supply,fresh,2026-10-04T11:16:32Z
district,Pulau Pinang,Seberang Perai Tengah,sector.p3.share,50.65,%,2020-01-01,https://data.gov.my/data-catalogue/gdp_district_real_supply,fresh,2026-10-04T11:16:32Z
district,Pulau Pinang,Seberang Perai Tengah,sector.p5.value,12.028,RM billion (constant 2015 prices),2020-01-01,https://data.gov.my/data-catalogue/gdp_district_real_supply,fresh,2026-10-04T11:16:32Z
district,Pulau Pinang,Seberang Perai Tengah,sector.p5.share,44.74,%,2020-01-01,https://data.gov.my/data-catalogue/gdp_district_real_supply,fresh,2026-10-04T11:16:32Z
district,Pulau Pinang,Seberang Perai Tengah,sector.p1.value,0.492,RM billion (constant 2015 prices),2020-01-01,https://data.gov.my/data-catalogue/gdp_district_real_supply,fresh,2026-10-04T11:16:32Z
district,Pulau Pinang,Seberang Perai Tengah,sector.p1.share,1.83,%,2020-01-01,https://data.gov.my/data-catalogue/gdp_district_real_supply,fresh,2026-10-04T11:16:32Z
district,Pulau Pinang,Seberang Perai Tengah,sector.p4.value,0.41,RM billion (constant 2015 prices),2020-01-01,https://data.gov.my/data-catalogue/gdp_district_real_supply,fresh,2026-10-04T11:16:32Z
district,Pulau Pinang,Seberang Perai Tengah,sector.p4.share,1.52,%,2020-01-01,https://data.gov.my/data-catalogue/gdp_district_real_supply,fresh,2026-10-04T11:16:32Z
district,Pulau Pinang,Seberang Perai Tengah,sector.p2.value,0.123,RM billion (constant 2015 prices),2020-01-01,https://data.gov.my/data-catalogue/gdp_district_real_supply,fresh,2026-10-04T11:16:32Z
district,Pulau Pinang,Seberang Perai Tengah,sector.p2.share,0.46,%,2020-01-01,https://data.gov.my/data-catalogue/gdp_district_real_supply,fresh,2026-10-04T11:16:32Z
district,Pulau Pinang,Seberang Perai Utara,incomeMean,8101.0,RM per household per month,2024-01-01,https://data.gov.my/data-catalogue/hies_district,fresh,2026-10-04T11:16:32Z
district,Pulau Pinang,Seberang Perai Utara,incomeMedian,6810.0,RM per household per month,2024-01-01,https://data.gov.my/data-catalogue/hies_district,fresh,2026-10-04T11:16:32Z
district,Pulau Pinang,Seberang Perai Utara,expenditureMean,5232.0,RM per household per month,2024-01-01,https://data.gov.my/data-catalogue/hies_district,fresh,2026-10-04T11:16:32Z
district,Pulau Pinang,Seberang Perai Utara,incomeMinusExpenditure,1578.0,RM per household per month,2024-01-01,https://data.gov.my/data-catalogue/hies_district,fresh,2026-10-04T11:16:32Z
district,Pulau Pinang,Seberang Perai Utara,incomeToExpenditureRatio,1.302,ratio,2024-01-01,https://data.gov.my/data-catalogue/hies_district,fresh,2026-10-04T11:16:32Z
district,Pulau Pinang,Seberang Perai Utara,poverty,3.9,%,2024-01-01,https://data.gov.my/data-catalogue/hies_district,fresh,2026-10-04T11:16:32Z
district,Pulau Pinang,Seberang Perai Utara,gini,0.343,coefficient,2024-01-01,https://data.gov.my/data-catalogue/hies_district,fresh,2026-10-04T11:16:32Z
district,Pulau Pinang,Seberang Perai Utara,unemploymentRate,2.7,%,2024-01-01,https://data.gov.my/data-catalogue/lfs_district,fresh,2026-10-04T11:16:32Z
district,Pulau Pinang,Seberang Perai Utara,participationRate,67.4,%,2024-01-01,https://data.gov.my/data-catalogue/lfs_district,fresh,2026-10-04T11:16:32Z
district,Pulau Pinang,Seberang Perai Utara,employmentPopulationRatio,65.5,%,2024-01-01,https://data.gov.my/data-catalogue/lfs_district,fresh,2026-10-04T11:16:32Z
district,Pulau Pinang,Seberang Perai Utara,labourForce,169.5,thousand persons,2024-01-01,https://data.gov.my/data-catalogue/lfs_district,fresh,2026-10-04T11:16:32Z
district,Pulau Pinang,Seberang Perai Utara,realGdp,7.923,RM billion (constant 2015 prices),2020-01-01,https://data.gov.my/data-catalogue/gdp_district_real_supply,fresh,2026-10-04T11:16:32Z
district,Pulau Pinang,Seberang Perai Utara,largestSector,Services,sector,2020-01-01,https://data.gov.my/data-catalogue/gdp_district_real_supply,fresh,2026-10-04T11:16:32Z
district,Pulau Pinang,Seberang Perai Utara,largestSectorShare,64.02,%,2020-01-01,https://data.gov.my/data-catalogue/gdp_district_real_supply,fresh,2026-10-04T11:16:32Z
district,Pulau Pinang,Seberang Perai Utara,sector.p5.value,5.072,RM billion (constant 2015 prices),2020-01-01,https://data.gov.my/data-catalogue/gdp_district_real_supply,fresh,2026-10-04T11:16:32Z
district,Pulau Pinang,Seberang Perai Utara,sector.p5.share,64.02,%,2020-01-01,https://data.gov.my/data-catalogue/gdp_district_real_supply,fresh,2026-10-04T11:16:32Z
district,Pulau Pinang,Seberang Perai Utara,sector.p3.value,2.061,RM billion (constant 2015 prices),2020-01-01,https://data.gov.my/data-catalogue/gdp_district_real_supply,fresh,2026-10-04T11:16:32Z
district,Pulau Pinang,Seberang Perai Utara,sector.p3.share,26.02,%,2020-01-01,https://data.gov.my/data-catalogue/gdp_district_real_supply,fresh,2026-10-04T11:16:32Z
district,Pulau Pinang,Seberang Perai Utara,sector.p1.value,0.581,RM billion (constant 2015 prices),2020-01-01,https://data.gov.my/data-catalogue/gdp_district_real_supply,fresh,2026-10-04T11:16:32Z
district,Pulau Pinang,Seberang Perai Utara,sector.p1.share,7.33,%,2020-01-01,https://data.gov.my/data-catalogue/gdp_district_real_supply,fresh,2026-10-04T11:16:32Z
district,Pulau Pinang,Seberang Perai Utara,sector.p4.value,0.159,RM billion (constant 2015 prices),2020-01-01,https://data.gov.my/data-catalogue/gdp_district_real_supply,fresh,2026-10-04T11:16:32Z
district,Pulau Pinang,Seberang Perai Utara,sector.p4.share,2.01,%,2020-01-01,https://data.gov.my/data-catalogue/gdp_district_real_supply,fresh,2026-10-04T11:16:32Z
district,Pulau Pinang,Timur Laut,incomeMean,9993.0,RM per household per month,2024-01-01,https://data.gov.my/data-catalogue/hies_district,fresh,2026-10-04T11:16:32Z
district,Pulau Pinang,Timur Laut,incomeMedian,7745.0,RM per household per month,2024-01-01,https://data.gov.my/data-catalogue/hies_district,fresh,2026-10-04T11:16:32Z
district,Pulau Pinang,Timur Laut,expenditureMean,6416.0,RM per household per month,2024-01-01,https://data.gov.my/data-catalogue/hies_district,fresh,2026-10-04T11:16:32Z
district,Pulau Pinang,Timur Laut,incomeMinusExpenditure,1329.0,RM per household per month,2024-01-01,https://data.gov.my/data-catalogue/hies_district,fresh,2026-10-04T11:16:32Z
district,Pulau Pinang,Timur Laut,incomeToExpenditureRatio,1.207,ratio,2024-01-01,https://data.gov.my/data-catalogue/hies_district,fresh,2026-10-04T11:16:32Z
district,Pulau Pinang,Timur Laut,poverty,0.4,%,2024-01-01,https://data.gov.my/data-catalogue/hies_district,fresh,2026-10-04T11:16:32Z
district,Pulau Pinang,Timur Laut,gini,0.398,coefficient,2024-01-01,https://data.gov.my/data-catalogue/hies_district,fresh,2026-10-04T11:16:32Z
district,Pulau Pinang,Timur Laut,unemploymentRate,1.8,%,2024-01-01,https://data.gov.my/data-catalogue/lfs_district,fresh,2026-10-04T11:16:32Z
district,Pulau Pinang,Timur Laut,participationRate,71.4,%,2024-01-01,https://data.gov.my/data-catalogue/lfs_district,fresh,2026-10-04T11:16:32Z
district,Pulau Pinang,Timur Laut,employmentPopulationRatio,70.1,%,2024-01-01,https://data.gov.my/data-catalogue/lfs_district,fresh,2026-10-04T11:16:32Z
district,Pulau Pinang,Timur Laut,labourForce,302.6,thousand persons,2024-01-01,https://data.gov.my/data-catalogue/lfs_district,fresh,2026-10-04T11:16:32Z
district,Pulau Pinang,Timur Laut,realGdp,21.619,RM billion (constant 2015 prices),2020-01-01,https://data.gov.my/data-catalogue/gdp_district_real_supply,fresh,2026-10-04T11:16:32Z
district,Pulau Pinang,Timur Laut,largestSector,Services,sector,2020-01-01,https://data.gov.my/data-catalogue/gdp_district_real_supply,fresh,2026-10-04T11:16:32Z
district,Pulau Pinang,Timur Laut,largestSectorShare,89.13,%,2020-01-01,https://data.gov.my/data-catalogue/gdp_district_real_supply,fresh,2026-10-04T11:16:32Z
district,Pulau Pinang,Timur Laut,sector.p5.value,19.27,RM billion (constant 2015 prices),2020-01-01,https://data.gov.my/data-catalogue/gdp_district_real_supply,fresh,2026-10-04T11:16:32Z
district,Pulau Pinang,Timur Laut,sector.p5.share,89.13,%,2020-01-01,https://data.gov.my/data-catalogue/gdp_district_real_supply,fresh,2026-10-04T11:16:32Z
district,Pulau Pinang,Timur Laut,sector.p3.value,1.173,RM billion (constant 2015 prices),2020-01-01,https://data.gov.my/data-catalogue/gdp_district_real_supply,fresh,2026-10-04T11:16:32Z
district,Pulau Pinang,Timur Laut,sector.p3.share,5.43,%,2020-01-01,https://data.gov.my/data-catalogue/gdp_district_real_supply,fresh,2026-10-04T11:16:32Z
district,Pulau Pinang,Timur Laut,sector.p4.value,0.917,RM billion (constant 2015 prices),2020-01-01,https://data.gov.my/data-catalogue/gdp_district_real_supply,fresh,2026-10-04T11:16:32Z
district,Pulau Pinang,Timur Laut,sector.p4.share,4.24,%,2020-01-01,https://data.gov.my/data-catalogue/gdp_district_real_supply,fresh,2026-10-04T11:16:32Z
district,Pulau Pinang,Timur Laut,sector.p1.value,0.174,RM billion (constant 2015 prices),2020-01-01,https://data.gov.my/data-catalogue/gdp_district_real_supply,fresh,2026-10-04T11:16:32Z
district,Pulau Pinang,Timur Laut,sector.p1.share,0.8,%,2020-01-01,https://data.gov.my/data-catalogue/gdp_district_real_supply,fresh,2026-10-04T11:16:32Z
district,Pulau Pinang,Timur Laut,sector.p2.value,0.009,RM billion (constant 2015 prices),2020-01-01,https://data.gov.my/data-catalogue/gdp_district_real_supply,fresh,2026-10-04T11:16:32Z
district,Pulau Pinang,Timur Laut,sector.p2.share,0.04,%,2020-01-01,https://data.gov.my/data-catalogue/gdp_district_real_supply,fresh,2026-10-04T11:16:32Z
district,Sabah,Beaufort,incomeMean,5048.0,RM per household per month,2024-01-01,https://data.gov.my/data-catalogue/hies_district,fresh,2026-10-04T11:16:32Z
district,Sabah,Beaufort,incomeMedian,4070.0,RM per household per month,2024-01-01,https://data.gov.my/data-catalogue/hies_district,fresh,2026-10-04T11:16:32Z
district,Sabah,Beaufort,expenditureMean,3545.0,RM per household per month,2024-01-01,https://data.gov.my/data-catalogue/hies_district,fresh,2026-10-04T11:16:32Z
district,Sabah,Beaufort,incomeMinusExpenditure,525.0,RM per household per month,2024-01-01,https://data.gov.my/data-catalogue/hies_district,fresh,2026-10-04T11:16:32Z
district,Sabah,Beaufort,incomeToExpenditureRatio,1.148,ratio,2024-01-01,https://data.gov.my/data-catalogue/hies_district,fresh,2026-10-04T11:16:32Z
district,Sabah,Beaufort,poverty,20.4,%,2024-01-01,https://data.gov.my/data-catalogue/hies_district,fresh,2026-10-04T11:16:32Z
district,Sabah,Beaufort,gini,0.373,coefficient,2024-01-01,https://data.gov.my/data-catalogue/hies_district,fresh,2026-10-04T11:16:32Z
district,Sabah,Beaufort,unemploymentRate,9.4,%,2024-01-01,https://data.gov.my/data-catalogue/lfs_district,fresh,2026-10-04T11:16:32Z
district,Sabah,Beaufort,participationRate,66.4,%,2024-01-01,https://data.gov.my/data-catalogue/lfs_district,fresh,2026-10-04T11:16:32Z
district,Sabah,Beaufort,employmentPopulationRatio,60.2,%,2024-01-01,https://data.gov.my/data-catalogue/lfs_district,fresh,2026-10-04T11:16:32Z
district,Sabah,Beaufort,labourForce,33.2,thousand persons,2024-01-01,https://data.gov.my/data-catalogue/lfs_district,fresh,2026-10-04T11:16:32Z
district,Sabah,Beaufort,realGdp,0.767,RM billion (constant 2015 prices),2020-01-01,https://data.gov.my/data-catalogue/gdp_district_real_supply,fresh,2026-10-04T11:16:32Z
district,Sabah,Beaufort,largestSector,Services,sector,2020-01-01,https://data.gov.my/data-catalogue/gdp_district_real_supply,fresh,2026-10-04T11:16:32Z
district,Sabah,Beaufort,largestSectorShare,63.62,%,2020-01-01,https://data.gov.my/data-catalogue/gdp_district_real_supply,fresh,2026-10-04T11:16:32Z
district,Sabah,Beaufort,sector.p5.value,0.488,RM billion (constant 2015 prices),2020-01-01,https://data.gov.my/data-catalogue/gdp_district_real_supply,fresh,2026-10-04T11:16:32Z
district,Sabah,Beaufort,sector.p5.share,63.62,%,2020-01-01,https://data.gov.my/data-catalogue/gdp_district_real_supply,fresh,2026-10-04T11:16:32Z
district,Sabah,Beaufort,sector.p1.value,0.207,RM billion (constant 2015 prices),2020-01-01,https://data.gov.my/data-catalogue/gdp_district_real_supply,fresh,2026-10-04T11:16:32Z
district,Sabah,Beaufort,sector.p1.share,27.03,%,2020-01-01,https://data.gov.my/data-catalogue/gdp_district_real_supply,fresh,2026-10-04T11:16:32Z
district,Sabah,Beaufort,sector.p4.value,0.037,RM billion (constant 2015 prices),2020-01-01,https://data.gov.my/data-catalogue/gdp_district_real_supply,fresh,2026-10-04T11:16:32Z
district,Sabah,Beaufort,sector.p4.share,4.84,%,2020-01-01,https://data.gov.my/data-catalogue/gdp_district_real_supply,fresh,2026-10-04T11:16:32Z
district,Sabah,Beaufort,sector.p3.value,0.025,RM billion (constant 2015 prices),2020-01-01,https://data.gov.my/data-catalogue/gdp_district_real_supply,fresh,2026-10-04T11:16:32Z
district,Sabah,Beaufort,sector.p3.share,3.22,%,2020-01-01,https://data.gov.my/data-catalogue/gdp_district_real_supply,fresh,2026-10-04T11:16:32Z
district,Sabah,Beaufort,sector.p2.value,0.006,RM billion (constant 2015 prices),2020-01-01,https://data.gov.my/data-catalogue/gdp_district_real_supply,fresh,2026-10-04T11:16:32Z
district,Sabah,Beaufort,sector.p2.share,0.82,%,2020-01-01,https://data.gov.my/data-catalogue/gdp_district_real_supply,fresh,2026-10-04T11:16:32Z
district,Sabah,Beluran,incomeMean,4993.0,RM per household per month,2024-01-01,https://data.gov.my/data-catalogue/hies_district,fresh,2026-10-04T11:16:32Z
district,Sabah,Beluran,incomeMedian,4436.0,RM per household per month,2024-01-01,https://data.gov.my/data-catalogue/hies_district,fresh,2026-10-04T11:16:32Z
district,Sabah,Beluran,expenditureMean,2750.0,RM per household per month,2024-01-01,https://data.gov.my/data-catalogue/hies_district,fresh,2026-10-04T11:16:32Z
district,Sabah,Beluran,incomeMinusExpenditure,1686.0,RM per household per month,2024-01-01,https://data.gov.my/data-catalogue/hies_district,fresh,2026-10-04T11:16:32Z
district,Sabah,Beluran,incomeToExpenditureRatio,1.613,ratio,2024-01-01,https://data.gov.my/data-catalogue/hies_district,fresh,2026-10-04T11:16:32Z
district,Sabah,Beluran,poverty,33.0,%,2024-01-01,https://data.gov.my/data-catalogue/hies_district,fresh,2026-10-04T11:16:32Z
district,Sabah,Beluran,gini,0.314,coefficient,2024-01-01,https://data.gov.my/data-catalogue/hies_district,fresh,2026-10-04T11:16:32Z
district,Sabah,Beluran,unemploymentRate,8.6,%,2024-01-01,https://data.gov.my/data-catalogue/lfs_district,fresh,2026-10-04T11:16:32Z
district,Sabah,Beluran,participationRate,65.6,%,2024-01-01,https://data.gov.my/data-catalogue/lfs_district,fresh,2026-10-04T11:16:32Z
district,Sabah,Beluran,employmentPopulationRatio,60.0,%,2024-01-01,https://data.gov.my/data-catalogue/lfs_district,fresh,2026-10-04T11:16:32Z
district,Sabah,Beluran,labourForce,42.1,thousand persons,2024-01-01,https://data.gov.my/data-catalogue/lfs_district,fresh,2026-10-04T11:16:32Z
district,Sabah,Beluran,realGdp,1.882,RM billion (constant 2015 prices),2020-01-01,https://data.gov.my/data-catalogue/gdp_district_real_supply,fresh,2026-10-04T11:16:32Z
district,Sabah,Beluran,largestSector,Agriculture,sector,2020-01-01,https://data.gov.my/data-catalogue/gdp_district_real_supply,fresh,2026-10-04T11:16:32Z
district,Sabah,Beluran,largestSectorShare,73.25,%,2020-01-01,https://data.gov.my/data-catalogue/gdp_district_real_supply,fresh,2026-10-04T11:16:32Z
district,Sabah,Beluran,sector.p1.value,1.378,RM billion (constant 2015 prices),2020-01-01,https://data.gov.my/data-catalogue/gdp_district_real_supply,fresh,2026-10-04T11:16:32Z
district,Sabah,Beluran,sector.p1.share,73.25,%,2020-01-01,https://data.gov.my/data-catalogue/gdp_district_real_supply,fresh,2026-10-04T11:16:32Z
district,Sabah,Beluran,sector.p5.value,0.301,RM billion (constant 2015 prices),2020-01-01,https://data.gov.my/data-catalogue/gdp_district_real_supply,fresh,2026-10-04T11:16:32Z
district,Sabah,Beluran,sector.p5.share,15.98,%,2020-01-01,https://data.gov.my/data-catalogue/gdp_district_real_supply,fresh,2026-10-04T11:16:32Z
district,Sabah,Beluran,sector.p3.value,0.172,RM billion (constant 2015 prices),2020-01-01,https://data.gov.my/data-catalogue/gdp_district_real_supply,fresh,2026-10-04T11:16:32Z
district,Sabah,Beluran,sector.p3.share,9.13,%,2020-01-01,https://data.gov.my/data-catalogue/gdp_district_real_supply,fresh,2026-10-04T11:16:32Z
district,Sabah,Beluran,sector.p4.value,0.018,RM billion (constant 2015 prices),2020-01-01,https://data.gov.my/data-catalogue/gdp_district_real_supply,fresh,2026-10-04T11:16:32Z
district,Sabah,Beluran,sector.p4.share,0.98,%,2020-01-01,https://data.gov.my/data-catalogue/gdp_district_real_supply,fresh,2026-10-04T11:16:32Z
district,Sabah,Beluran,sector.p2.value,0.009,RM billion (constant 2015 prices),2020-01-01,https://data.gov.my/data-catalogue/gdp_district_real_supply,fresh,2026-10-04T11:16:32Z
district,Sabah,Beluran,sector.p2.share,0.48,%,2020-01-01,https://data.gov.my/data-catalogue/gdp_district_real_supply,fresh,2026-10-04T11:16:32Z
district,Sabah,Kalabakan,incomeMean,5174.0,RM per household per month,2024-01-01,https://data.gov.my/data-catalogue/hies_district,fresh,2026-10-04T11:16:32Z
district,Sabah,Kalabakan,incomeMedian,3304.0,RM per household per month,2024-01-01,https://data.gov.my/data-catalogue/hies_district,fresh,2026-10-04T11:16:32Z
district,Sabah,Kalabakan,expenditureMean,2257.0,RM per household per month,2024-01-01,https://data.gov.my/data-catalogue/hies_district,fresh,2026-10-04T11:16:32Z
district,Sabah,Kalabakan,incomeMinusExpenditure,1047.0,RM per household per month,2024-01-01,https://data.gov.my/data-catalogue/hies_district,fresh,2026-10-04T11:16:32Z
district,Sabah,Kalabakan,incomeToExpenditureRatio,1.464,ratio,2024-01-01,https://data.gov.my/data-catalogue/hies_district,fresh,2026-10-04T11:16:32Z
district,Sabah,Kalabakan,poverty,26.8,%,2024-01-01,https://data.gov.my/data-catalogue/hies_district,fresh,2026-10-04T11:16:32Z
district,Sabah,Kalabakan,gini,0.447,coefficient,2024-01-01,https://data.gov.my/data-catalogue/hies_district,fresh,2026-10-04T11:16:32Z
district,Sabah,Kalabakan,unemploymentRate,9.1,%,2024-01-01,https://data.gov.my/data-catalogue/lfs_district,fresh,2026-10-04T11:16:32Z
district,Sabah,Kalabakan,participationRate,69.1,%,2024-01-01,https://data.gov.my/data-catalogue/lfs_district,fresh,2026-10-04T11:16:32Z
district,Sabah,Kalabakan,employmentPopulationRatio,62.9,%,2024-01-01,https://data.gov.my/data-catalogue/lfs_district,fresh,2026-10-04T11:16:32Z
district,Sabah,Kalabakan,labourForce,30.9,thousand persons,2024-01-01,https://data.gov.my/data-catalogue/lfs_district,fresh,2026-10-04T11:16:32Z
district,Sabah,Kalabakan,realGdp,0.508,RM billion (constant 2015 prices),2020-01-01,https://data.gov.my/data-catalogue/gdp_district_real_supply,fresh,2026-10-04T11:16:32Z
district,Sabah,Kalabakan,largestSector,Agriculture,sector,2020-01-01,https://data.gov.my/data-catalogue/gdp_district_real_supply,fresh,2026-10-04T11:16:32Z
district,Sabah,Kalabakan,largestSectorShare,64.33,%,2020-01-01,https://data.gov.my/data-catalogue/gdp_district_real_supply,fresh,2026-10-04T11:16:32Z
district,Sabah,Kalabakan,sector.p1.value,0.327,RM billion (constant 2015 prices),2020-01-01,https://data.gov.my/data-catalogue/gdp_district_real_supply,fresh,2026-10-04T11:16:32Z
district,Sabah,Kalabakan,sector.p1.share,64.33,%,2020-01-01,https://data.gov.my/data-catalogue/gdp_district_real_supply,fresh,2026-10-04T11:16:32Z
district,Sabah,Kalabakan,sector.p5.value,0.171,RM billion (constant 2015 prices),2020-01-01,https://data.gov.my/data-catalogue/gdp_district_real_supply,fresh,2026-10-04T11:16:32Z
district,Sabah,Kalabakan,sector.p5.share,33.62,%,2020-01-01,https://data.gov.my/data-catalogue/gdp_district_real_supply,fresh,2026-10-04T11:16:32Z
district,Sabah,Kalabakan,sector.p3.value,0.009,RM billion (constant 2015 prices),2020-01-01,https://data.gov.my/data-catalogue/gdp_district_real_supply,fresh,2026-10-04T11:16:32Z
district,Sabah,Kalabakan,sector.p3.share,1.76,%,2020-01-01,https://data.gov.my/data-catalogue/gdp_district_real_supply,fresh,2026-10-04T11:16:32Z
district,Sabah,Kalabakan,sector.p2.value,0.0,RM billion (constant 2015 prices),2020-01-01,https://data.gov.my/data-catalogue/gdp_district_real_supply,fresh,2026-10-04T11:16:32Z
district,Sabah,Kalabakan,sector.p2.share,0.0,%,2020-01-01,https://data.gov.my/data-catalogue/gdp_district_real_supply,fresh,2026-10-04T11:16:32Z
district,Sabah,Keningau,incomeMean,6033.0,RM per household per month,2024-01-01,https://data.gov.my/data-catalogue/hies_district,fresh,2026-10-04T11:16:32Z
district,Sabah,Keningau,incomeMedian,4801.0,RM per household per month,2024-01-01,https://data.gov.my/data-catalogue/hies_district,fresh,2026-10-04T11:16:32Z
district,Sabah,Keningau,expenditureMean,3542.0,RM per household per month,2024-01-01,https://data.gov.my/data-catalogue/hies_district,fresh,2026-10-04T11:16:32Z
district,Sabah,Keningau,incomeMinusExpenditure,1259.0,RM per household per month,2024-01-01,https://data.gov.my/data-catalogue/hies_district,fresh,2026-10-04T11:16:32Z
district,Sabah,Keningau,incomeToExpenditureRatio,1.355,ratio,2024-01-01,https://data.gov.my/data-catalogue/hies_district,fresh,2026-10-04T11:16:32Z
district,Sabah,Keningau,poverty,12.8,%,2024-01-01,https://data.gov.my/data-catalogue/hies_district,fresh,2026-10-04T11:16:32Z
district,Sabah,Keningau,gini,0.322,coefficient,2024-01-01,https://data.gov.my/data-catalogue/hies_district,fresh,2026-10-04T11:16:32Z
district,Sabah,Keningau,unemploymentRate,8.7,%,2024-01-01,https://data.gov.my/data-catalogue/lfs_district,fresh,2026-10-04T11:16:32Z
district,Sabah,Keningau,participationRate,71.7,%,2024-01-01,https://data.gov.my/data-catalogue/lfs_district,fresh,2026-10-04T11:16:32Z
district,Sabah,Keningau,employmentPopulationRatio,65.4,%,2024-01-01,https://data.gov.my/data-catalogue/lfs_district,fresh,2026-10-04T11:16:32Z
district,Sabah,Keningau,labourForce,75.9,thousand persons,2024-01-01,https://data.gov.my/data-catalogue/lfs_district,fresh,2026-10-04T11:16:32Z
district,Sabah,Keningau,realGdp,1.453,RM billion (constant 2015 prices),2020-01-01,https://data.gov.my/data-catalogue/gdp_district_real_supply,fresh,2026-10-04T11:16:32Z
district,Sabah,Keningau,largestSector,Services,sector,2020-01-01,https://data.gov.my/data-catalogue/gdp_district_real_supply,fresh,2026-10-04T11:16:32Z
district,Sabah,Keningau,largestSectorShare,64.32,%,2020-01-01,https://data.gov.my/data-catalogue/gdp_district_real_supply,fresh,2026-10-04T11:16:32Z
district,Sabah,Keningau,sector.p5.value,0.935,RM billion (constant 2015 prices),2020-01-01,https://data.gov.my/data-catalogue/gdp_district_real_supply,fresh,2026-10-04T11:16:32Z
district,Sabah,Keningau,sector.p5.share,64.32,%,2020-01-01,https://data.gov.my/data-catalogue/gdp_district_real_supply,fresh,2026-10-04T11:16:32Z
district,Sabah,Keningau,sector.p1.value,0.342,RM billion (constant 2015 prices),2020-01-01,https://data.gov.my/data-catalogue/gdp_district_real_supply,fresh,2026-10-04T11:16:32Z
district,Sabah,Keningau,sector.p1.share,23.51,%,2020-01-01,https://data.gov.my/data-catalogue/gdp_district_real_supply,fresh,2026-10-04T11:16:32Z
district,Sabah,Keningau,sector.p3.value,0.106,RM billion (constant 2015 prices),2020-01-01,https://data.gov.my/data-catalogue/gdp_district_real_supply,fresh,2026-10-04T11:16:32Z
district,Sabah,Keningau,sector.p3.share,7.26,%,2020-01-01,https://data.gov.my/data-catalogue/gdp_district_real_supply,fresh,2026-10-04T11:16:32Z
district,Sabah,Keningau,sector.p4.value,0.062,RM billion (constant 2015 prices),2020-01-01,https://data.gov.my/data-catalogue/gdp_district_real_supply,fresh,2026-10-04T11:16:32Z
district,Sabah,Keningau,sector.p4.share,4.25,%,2020-01-01,https://data.gov.my/data-catalogue/gdp_district_real_supply,fresh,2026-10-04T11:16:32Z
district,Sabah,Kinabatangan,incomeMean,5632.0,RM per household per month,2024-01-01,https://data.gov.my/data-catalogue/hies_district,fresh,2026-10-04T11:16:32Z
district,Sabah,Kinabatangan,incomeMedian,4897.0,RM per household per month,2024-01-01,https://data.gov.my/data-catalogue/hies_district,fresh,2026-10-04T11:16:32Z
district,Sabah,Kinabatangan,expenditureMean,2482.0,RM per household per month,2024-01-01,https://data.gov.my/data-catalogue/hies_district,fresh,2026-10-04T11:16:32Z
district,Sabah,Kinabatangan,incomeMinusExpenditure,2415.0,RM per household per month,2024-01-01,https://data.gov.my/data-catalogue/hies_district,fresh,2026-10-04T11:16:32Z
district,Sabah,Kinabatangan,incomeToExpenditureRatio,1.973,ratio,2024-01-01,https://data.gov.my/data-catalogue/hies_district,fresh,2026-10-04T11:16:32Z
district,Sabah,Kinabatangan,poverty,26.7,%,2024-01-01,https://data.gov.my/data-catalogue/hies_district,fresh,2026-10-04T11:16:32Z
district,Sabah,Kinabatangan,gini,0.308,coefficient,2024-01-01,https://data.gov.my/data-catalogue/hies_district,fresh,2026-10-04T11:16:32Z
district,Sabah,Kinabatangan,unemploymentRate,8.2,%,2024-01-01,https://data.gov.my/data-catalogue/lfs_district,fresh,2026-10-04T11:16:32Z
district,Sabah,Kinabatangan,participationRate,70.6,%,2024-01-01,https://data.gov.my/data-catalogue/lfs_district,fresh,2026-10-04T11:16:32Z
district,Sabah,Kinabatangan,employmentPopulationRatio,64.8,%,2024-01-01,https://data.gov.my/data-catalogue/lfs_district,fresh,2026-10-04T11:16:32Z
district,Sabah,Kinabatangan,labourForce,91.1,thousand persons,2024-01-01,https://data.gov.my/data-catalogue/lfs_district,fresh,2026-10-04T11:16:32Z
district,Sabah,Kinabatangan,realGdp,2.518,RM billion (constant 2015 prices),2020-01-01,https://data.gov.my/data-catalogue/gdp_district_real_supply,fresh,2026-10-04T11:16:32Z
district,Sabah,Kinabatangan,largestSector,Agriculture,sector,2020-01-01,https://data.gov.my/data-catalogue/gdp_district_real_supply,fresh,2026-10-04T11:16:32Z
district,Sabah,Kinabatangan,largestSectorShare,81.72,%,2020-01-01,https://data.gov.my/data-catalogue/gdp_district_real_supply,fresh,2026-10-04T11:16:32Z
district,Sabah,Kinabatangan,sector.p1.value,2.058,RM billion (constant 2015 prices),2020-01-01,https://data.gov.my/data-catalogue/gdp_district_real_supply,fresh,2026-10-04T11:16:32Z
district,Sabah,Kinabatangan,sector.p1.share,81.72,%,2020-01-01,https://data.gov.my/data-catalogue/gdp_district_real_supply,fresh,2026-10-04T11:16:32Z
district,Sabah,Kinabatangan,sector.p5.value,0.398,RM billion (constant 2015 prices),2020-01-01,https://data.gov.my/data-catalogue/gdp_district_real_supply,fresh,2026-10-04T11:16:32Z
district,Sabah,Kinabatangan,sector.p5.share,15.79,%,2020-01-01,https://data.gov.my/data-catalogue/gdp_district_real_supply,fresh,2026-10-04T11:16:32Z
district,Sabah,Kinabatangan,sector.p3.value,0.042,RM billion (constant 2015 prices),2020-01-01,https://data.gov.my/data-catalogue/gdp_district_real_supply,fresh,2026-10-04T11:16:32Z
district,Sabah,Kinabatangan,sector.p3.share,1.68,%,2020-01-01,https://data.gov.my/data-catalogue/gdp_district_real_supply,fresh,2026-10-04T11:16:32Z
district,Sabah,Kinabatangan,sector.p2.value,0.012,RM billion (constant 2015 prices),2020-01-01,https://data.gov.my/data-catalogue/gdp_district_real_supply,fresh,2026-10-04T11:16:32Z
district,Sabah,Kinabatangan,sector.p2.share,0.49,%,2020-01-01,https://data.gov.my/data-catalogue/gdp_district_real_supply,fresh,2026-10-04T11:16:32Z
district,Sabah,Kinabatangan,sector.p4.value,0.007,RM billion (constant 2015 prices),2020-01-01,https://data.gov.my/data-catalogue/gdp_district_real_supply,fresh,2026-10-04T11:16:32Z
district,Sabah,Kinabatangan,sector.p4.share,0.27,%,2020-01-01,https://data.gov.my/data-catalogue/gdp_district_real_supply,fresh,2026-10-04T11:16:32Z
district,Sabah,Kota Belud,incomeMean,5007.0,RM per household per month,2024-01-01,https://data.gov.my/data-catalogue/hies_district,fresh,2026-10-04T11:16:32Z
district,Sabah,Kota Belud,incomeMedian,3512.0,RM per household per month,2024-01-01,https://data.gov.my/data-catalogue/hies_district,fresh,2026-10-04T11:16:32Z
district,Sabah,Kota Belud,expenditureMean,2920.0,RM per household per month,2024-01-01,https://data.gov.my/data-catalogue/hies_district,fresh,2026-10-04T11:16:32Z
district,Sabah,Kota Belud,incomeMinusExpenditure,592.0,RM per household per month,2024-01-01,https://data.gov.my/data-catalogue/hies_district,fresh,2026-10-04T11:16:32Z
district,Sabah,Kota Belud,incomeToExpenditureRatio,1.203,ratio,2024-01-01,https://data.gov.my/data-catalogue/hies_district,fresh,2026-10-04T11:16:32Z
district,Sabah,Kota Belud,poverty,26.1,%,2024-01-01,https://data.gov.my/data-catalogue/hies_district,fresh,2026-10-04T11:16:32Z
district,Sabah,Kota Belud,gini,0.361,coefficient,2024-01-01,https://data.gov.my/data-catalogue/hies_district,fresh,2026-10-04T11:16:32Z
district,Sabah,Kota Belud,unemploymentRate,8.7,%,2024-01-01,https://data.gov.my/data-catalogue/lfs_district,fresh,2026-10-04T11:16:32Z
district,Sabah,Kota Belud,participationRate,64.5,%,2024-01-01,https://data.gov.my/data-catalogue/lfs_district,fresh,2026-10-04T11:16:32Z
district,Sabah,Kota Belud,employmentPopulationRatio,58.9,%,2024-01-01,https://data.gov.my/data-catalogue/lfs_district,fresh,2026-10-04T11:16:32Z
district,Sabah,Kota Belud,labourForce,48.8,thousand persons,2024-01-01,https://data.gov.my/data-catalogue/lfs_district,fresh,2026-10-04T11:16:32Z
district,Sabah,Kota Belud,realGdp,0.658,RM billion (constant 2015 prices),2020-01-01,https://data.gov.my/data-catalogue/gdp_district_real_supply,fresh,2026-10-04T11:16:32Z
district,Sabah,Kota Belud,largestSector,Services,sector,2020-01-01,https://data.gov.my/data-catalogue/gdp_district_real_supply,fresh,2026-10-04T11:16:32Z
district,Sabah,Kota Belud,largestSectorShare,56.98,%,2020-01-01,https://data.gov.my/data-catalogue/gdp_district_real_supply,fresh,2026-10-04T11:16:32Z
district,Sabah,Kota Belud,sector.p5.value,0.375,RM billion (constant 2015 prices),2020-01-01,https://data.gov.my/data-catalogue/gdp_district_real_supply,fresh,2026-10-04T11:16:32Z
district,Sabah,Kota Belud,sector.p5.share,56.98,%,2020-01-01,https://data.gov.my/data-catalogue/gdp_district_real_supply,fresh,2026-10-04T11:16:32Z
district,Sabah,Kota Belud,sector.p1.value,0.249,RM billion (constant 2015 prices),2020-01-01,https://data.gov.my/data-catalogue/gdp_district_real_supply,fresh,2026-10-04T11:16:32Z
district,Sabah,Kota Belud,sector.p1.share,37.91,%,2020-01-01,https://data.gov.my/data-catalogue/gdp_district_real_supply,fresh,2026-10-04T11:16:32Z
district,Sabah,Kota Belud,sector.p3.value,0.014,RM billion (constant 2015 prices),2020-01-01,https://data.gov.my/data-catalogue/gdp_district_real_supply,fresh,2026-10-04T11:16:32Z
district,Sabah,Kota Belud,sector.p3.share,2.15,%,2020-01-01,https://data.gov.my/data-catalogue/gdp_district_real_supply,fresh,2026-10-04T11:16:32Z
district,Sabah,Kota Belud,sector.p2.value,0.013,RM billion (constant 2015 prices),2020-01-01,https://data.gov.my/data-catalogue/gdp_district_real_supply,fresh,2026-10-04T11:16:32Z
district,Sabah,Kota Belud,sector.p2.share,1.95,%,2020-01-01,https://data.gov.my/data-catalogue/gdp_district_real_supply,fresh,2026-10-04T11:16:32Z
district,Sabah,Kota Belud,sector.p4.value,0.005,RM billion (constant 2015 prices),2020-01-01,https://data.gov.my/data-catalogue/gdp_district_real_supply,fresh,2026-10-04T11:16:32Z
district,Sabah,Kota Belud,sector.p4.share,0.8,%,2020-01-01,https://data.gov.my/data-catalogue/gdp_district_real_supply,fresh,2026-10-04T11:16:32Z
district,Sabah,Kota Kinabalu,incomeMean,8715.0,RM per household per month,2024-01-01,https://data.gov.my/data-catalogue/hies_district,fresh,2026-10-04T11:16:32Z
district,Sabah,Kota Kinabalu,incomeMedian,5896.0,RM per household per month,2024-01-01,https://data.gov.my/data-catalogue/hies_district,fresh,2026-10-04T11:16:32Z
district,Sabah,Kota Kinabalu,expenditureMean,4726.0,RM per household per month,2024-01-01,https://data.gov.my/data-catalogue/hies_district,fresh,2026-10-04T11:16:32Z
district,Sabah,Kota Kinabalu,incomeMinusExpenditure,1170.0,RM per household per month,2024-01-01,https://data.gov.my/data-catalogue/hies_district,fresh,2026-10-04T11:16:32Z
district,Sabah,Kota Kinabalu,incomeToExpenditureRatio,1.248,ratio,2024-01-01,https://data.gov.my/data-catalogue/hies_district,fresh,2026-10-04T11:16:32Z
district,Sabah,Kota Kinabalu,poverty,12.0,%,2024-01-01,https://data.gov.my/data-catalogue/hies_district,fresh,2026-10-04T11:16:32Z
district,Sabah,Kota Kinabalu,gini,0.426,coefficient,2024-01-01,https://data.gov.my/data-catalogue/hies_district,fresh,2026-10-04T11:16:32Z
district,Sabah,Kota Kinabalu,unemploymentRate,5.9,%,2024-01-01,https://data.gov.my/data-catalogue/lfs_district,fresh,2026-10-04T11:16:32Z
district,Sabah,Kota Kinabalu,participationRate,76.2,%,2024-01-01,https://data.gov.my/data-catalogue/lfs_district,fresh,2026-10-04T11:16:32Z
district,Sabah,Kota Kinabalu,employmentPopulationRatio,71.7,%,2024-01-01,https://data.gov.my/data-catalogue/lfs_district,fresh,2026-10-04T11:16:32Z
district,Sabah,Kota Kinabalu,labourForce,292.0,thousand persons,2024-01-01,https://data.gov.my/data-catalogue/lfs_district,fresh,2026-10-04T11:16:32Z
district,Sabah,Kota Kinabalu,realGdp,19.966,RM billion (constant 2015 prices),2020-01-01,https://data.gov.my/data-catalogue/gdp_district_real_supply,fresh,2026-10-04T11:16:32Z
district,Sabah,Kota Kinabalu,largestSector,Services,sector,2020-01-01,https://data.gov.my/data-catalogue/gdp_district_real_supply,fresh,2026-10-04T11:16:32Z
district,Sabah,Kota Kinabalu,largestSectorShare,83.65,%,2020-01-01,https://data.gov.my/data-catalogue/gdp_district_real_supply,fresh,2026-10-04T11:16:32Z
district,Sabah,Kota Kinabalu,sector.p5.value,16.701,RM billion (constant 2015 prices),2020-01-01,https://data.gov.my/data-catalogue/gdp_district_real_supply,fresh,2026-10-04T11:16:32Z
district,Sabah,Kota Kinabalu,sector.p5.share,83.65,%,2020-01-01,https://data.gov.my/data-catalogue/gdp_district_real_supply,fresh,2026-10-04T11:16:32Z
district,Sabah,Kota Kinabalu,sector.p4.value,1.068,RM billion (constant 2015 prices),2020-01-01,https://data.gov.my/data-catalogue/gdp_district_real_supply,fresh,2026-10-04T11:16:32Z
district,Sabah,Kota Kinabalu,sector.p4.share,5.35,%,2020-01-01,https://data.gov.my/data-catalogue/gdp_district_real_supply,fresh,2026-10-04T11:16:32Z
district,Sabah,Kota Kinabalu,sector.p3.value,0.948,RM billion (constant 2015 prices),2020-01-01,https://data.gov.my/data-catalogue/gdp_district_real_supply,fresh,2026-10-04T11:16:32Z
district,Sabah,Kota Kinabalu,sector.p3.share,4.75,%,2020-01-01,https://data.gov.my/data-catalogue/gdp_district_real_supply,fresh,2026-10-04T11:16:32Z
district,Sabah,Kota Kinabalu,sector.p2.value,0.636,RM billion (constant 2015 prices),2020-01-01,https://data.gov.my/data-catalogue/gdp_district_real_supply,fresh,2026-10-04T11:16:32Z
district,Sabah,Kota Kinabalu,sector.p2.share,3.19,%,2020-01-01,https://data.gov.my/data-catalogue/gdp_district_real_supply,fresh,2026-10-04T11:16:32Z
district,Sabah,Kota Kinabalu,sector.p1.value,0.506,RM billion (constant 2015 prices),2020-01-01,https://data.gov.my/data-catalogue/gdp_district_real_supply,fresh,2026-10-04T11:16:32Z
district,Sabah,Kota Kinabalu,sector.p1.share,2.54,%,2020-01-01,https://data.gov.my/data-catalogue/gdp_district_real_supply,fresh,2026-10-04T11:16:32Z
district,Sabah,Kota Marudu,incomeMean,4685.0,RM per household per month,2024-01-01,https://data.gov.my/data-catalogue/hies_district,fresh,2026-10-04T11:16:32Z
district,Sabah,Kota Marudu,incomeMedian,2877.0,RM per household per month,2024-01-01,https://data.gov.my/data-catalogue/hies_district,fresh,2026-10-04T11:16:32Z
district,Sabah,Kota Marudu,expenditureMean,3466.0,RM per household per month,2024-01-01,https://data.gov.my/data-catalogue/hies_district,fresh,2026-10-04T11:16:32Z
district,Sabah,Kota Marudu,incomeMinusExpenditure,-589.0,RM per household per month,2024-01-01,https://data.gov.my/data-catalogue/hies_district,fresh,2026-10-04T11:16:32Z
district,Sabah,Kota Marudu,incomeToExpenditureRatio,0.83,ratio,2024-01-01,https://data.gov.my/data-catalogue/hies_district,fresh,2026-10-04T11:16:32Z
district,Sabah,Kota Marudu,poverty,40.0,%,2024-01-01,https://data.gov.my/data-catalogue/hies_district,fresh,2026-10-04T11:16:32Z
district,Sabah,Kota Marudu,gini,0.421,coefficient,2024-01-01,https://data.gov.my/data-catalogue/hies_district,fresh,2026-10-04T11:16:32Z
district,Sabah,Kota Marudu,unemploymentRate,8.7,%,2024-01-01,https://data.gov.my/data-catalogue/lfs_district,fresh,2026-10-04T11:16:32Z
district,Sabah,Kota Marudu,participationRate,61.2,%,2024-01-01,https://data.gov.my/data-catalogue/lfs_district,fresh,2026-10-04T11:16:32Z
district,Sabah,Kota Marudu,employmentPopulationRatio,55.9,%,2024-01-01,https://data.gov.my/data-catalogue/lfs_district,fresh,2026-10-04T11:16:32Z
district,Sabah,Kota Marudu,labourForce,29.3,thousand persons,2024-01-01,https://data.gov.my/data-catalogue/lfs_district,fresh,2026-10-04T11:16:32Z
district,Sabah,Kota Marudu,realGdp,0.567,RM billion (constant 2015 prices),2020-01-01,https://data.gov.my/data-catalogue/gdp_district_real_supply,fresh,2026-10-04T11:16:32Z
district,Sabah,Kota Marudu,largestSector,Services,sector,2020-01-01,https://data.gov.my/data-catalogue/gdp_district_real_supply,fresh,2026-10-04T11:16:32Z
district,Sabah,Kota Marudu,largestSectorShare,63.76,%,2020-01-01,https://data.gov.my/data-catalogue/gdp_district_real_supply,fresh,2026-10-04T11:16:32Z
district,Sabah,Kota Marudu,sector.p5.value,0.361,RM billion (constant 2015 prices),2020-01-01,https://data.gov.my/data-catalogue/gdp_district_real_supply,fresh,2026-10-04T11:16:32Z
district,Sabah,Kota Marudu,sector.p5.share,63.76,%,2020-01-01,https://data.gov.my/data-catalogue/gdp_district_real_supply,fresh,2026-10-04T11:16:32Z
district,Sabah,Kota Marudu,sector.p1.value,0.172,RM billion (constant 2015 prices),2020-01-01,https://data.gov.my/data-catalogue/gdp_district_real_supply,fresh,2026-10-04T11:16:32Z
district,Sabah,Kota Marudu,sector.p1.share,30.28,%,2020-01-01,https://data.gov.my/data-catalogue/gdp_district_real_supply,fresh,2026-10-04T11:16:32Z
district,Sabah,Kota Marudu,sector.p4.value,0.024,RM billion (constant 2015 prices),2020-01-01,https://data.gov.my/data-catalogue/gdp_district_real_supply,fresh,2026-10-04T11:16:32Z
district,Sabah,Kota Marudu,sector.p4.share,4.2,%,2020-01-01,https://data.gov.my/data-catalogue/gdp_district_real_supply,fresh,2026-10-04T11:16:32Z
district,Sabah,Kota Marudu,sector.p3.value,0.005,RM billion (constant 2015 prices),2020-01-01,https://data.gov.my/data-catalogue/gdp_district_real_supply,fresh,2026-10-04T11:16:32Z
district,Sabah,Kota Marudu,sector.p3.share,0.97,%,2020-01-01,https://data.gov.my/data-catalogue/gdp_district_real_supply,fresh,2026-10-04T11:16:32Z
district,Sabah,Kuala Penyu,incomeMean,4750.0,RM per household per month,2024-01-01,https://data.gov.my/data-catalogue/hies_district,fresh,2026-10-04T11:16:32Z
district,Sabah,Kuala Penyu,incomeMedian,3733.0,RM per household per month,2024-01-01,https://data.gov.my/data-catalogue/hies_district,fresh,2026-10-04T11:16:32Z
district,Sabah,Kuala Penyu,expenditureMean,2826.0,RM per household per month,2024-01-01,https://data.gov.my/data-catalogue/hies_district,fresh,2026-10-04T11:16:32Z
district,Sabah,Kuala Penyu,incomeMinusExpenditure,907.0,RM per household per month,2024-01-01,https://data.gov.my/data-catalogue/hies_district,fresh,2026-10-04T11:16:32Z
district,Sabah,Kuala Penyu,incomeToExpenditureRatio,1.321,ratio,2024-01-01,https://data.gov.my/data-catalogue/hies_district,fresh,2026-10-04T11:16:32Z
district,Sabah,Kuala Penyu,poverty,14.3,%,2024-01-01,https://data.gov.my/data-catalogue/hies_district,fresh,2026-10-04T11:16:32Z
district,Sabah,Kuala Penyu,gini,0.375,coefficient,2024-01-01,https://data.gov.my/data-catalogue/hies_district,fresh,2026-10-04T11:16:32Z
district,Sabah,Kuala Penyu,unemploymentRate,9.0,%,2024-01-01,https://data.gov.my/data-catalogue/lfs_district,fresh,2026-10-04T11:16:32Z
district,Sabah,Kuala Penyu,participationRate,67.7,%,2024-01-01,https://data.gov.my/data-catalogue/lfs_district,fresh,2026-10-04T11:16:32Z
district,Sabah,Kuala Penyu,employmentPopulationRatio,61.9,%,2024-01-01,https://data.gov.my/data-catalogue/lfs_district,fresh,2026-10-04T11:16:32Z
district,Sabah,Kuala Penyu,labourForce,11.4,thousand persons,2024-01-01,https://data.gov.my/data-catalogue/lfs_district,fresh,2026-10-04T11:16:32Z
district,Sabah,Kuala Penyu,realGdp,0.156,RM billion (constant 2015 prices),2020-01-01,https://data.gov.my/data-catalogue/gdp_district_real_supply,fresh,2026-10-04T11:16:32Z
district,Sabah,Kuala Penyu,largestSector,Services,sector,2020-01-01,https://data.gov.my/data-catalogue/gdp_district_real_supply,fresh,2026-10-04T11:16:32Z
district,Sabah,Kuala Penyu,largestSectorShare,66.01,%,2020-01-01,https://data.gov.my/data-catalogue/gdp_district_real_supply,fresh,2026-10-04T11:16:32Z
district,Sabah,Kuala Penyu,sector.p5.value,0.103,RM billion (constant 2015 prices),2020-01-01,https://data.gov.my/data-catalogue/gdp_district_real_supply,fresh,2026-10-04T11:16:32Z
district,Sabah,Kuala Penyu,sector.p5.share,66.01,%,2020-01-01,https://data.gov.my/data-catalogue/gdp_district_real_supply,fresh,2026-10-04T11:16:32Z
district,Sabah,Kuala Penyu,sector.p1.value,0.047,RM billion (constant 2015 prices),2020-01-01,https://data.gov.my/data-catalogue/gdp_district_real_supply,fresh,2026-10-04T11:16:32Z
district,Sabah,Kuala Penyu,sector.p1.share,30.17,%,2020-01-01,https://data.gov.my/data-catalogue/gdp_district_real_supply,fresh,2026-10-04T11:16:32Z
district,Sabah,Kuala Penyu,sector.p2.value,0.0,RM billion (constant 2015 prices),2020-01-01,https://data.gov.my/data-catalogue/gdp_district_real_supply,fresh,2026-10-04T11:16:32Z
district,Sabah,Kuala Penyu,sector.p2.share,0.0,%,2020-01-01,https://data.gov.my/data-catalogue/gdp_district_real_supply,fresh,2026-10-04T11:16:32Z
district,Sabah,Kudat,incomeMean,4571.0,RM per household per month,2024-01-01,https://data.gov.my/data-catalogue/hies_district,fresh,2026-10-04T11:16:32Z
district,Sabah,Kudat,incomeMedian,3249.0,RM per household per month,2024-01-01,https://data.gov.my/data-catalogue/hies_district,fresh,2026-10-04T11:16:32Z
district,Sabah,Kudat,expenditureMean,3206.0,RM per household per month,2024-01-01,https://data.gov.my/data-catalogue/hies_district,fresh,2026-10-04T11:16:32Z
district,Sabah,Kudat,incomeMinusExpenditure,43.0,RM per household per month,2024-01-01,https://data.gov.my/data-catalogue/hies_district,fresh,2026-10-04T11:16:32Z
district,Sabah,Kudat,incomeToExpenditureRatio,1.013,ratio,2024-01-01,https://data.gov.my/data-catalogue/hies_district,fresh,2026-10-04T11:16:32Z
district,Sabah,Kudat,poverty,35.3,%,2024-01-01,https://data.gov.my/data-catalogue/hies_district,fresh,2026-10-04T11:16:32Z
district,Sabah,Kudat,gini,0.385,coefficient,2024-01-01,https://data.gov.my/data-catalogue/hies_district,fresh,2026-10-04T11:16:32Z
district,Sabah,Kudat,unemploymentRate,9.4,%,2024-01-01,https://data.gov.my/data-catalogue/lfs_district,fresh,2026-10-04T11:16:32Z
district,Sabah,Kudat,participationRate,62.2,%,2024-01-01,https://data.gov.my/data-catalogue/lfs_district,fresh,2026-10-04T11:16:32Z
district,Sabah,Kudat,employmentPopulationRatio,56.4,%,2024-01-01,https://data.gov.my/data-catalogue/lfs_district,fresh,2026-10-04T11:16:32Z
district,Sabah,Kudat,labourForce,39.5,thousand persons,2024-01-01,https://data.gov.my/data-catalogue/lfs_district,fresh,2026-10-04T11:16:32Z
district,Sabah,Kudat,realGdp,0.787,RM billion (constant 2015 prices),2020-01-01,https://data.gov.my/data-catalogue/gdp_district_real_supply,fresh,2026-10-04T11:16:32Z
district,Sabah,Kudat,largestSector,Services,sector,2020-01-01,https://data.gov.my/data-catalogue/gdp_district_real_supply,fresh,2026-10-04T11:16:32Z
district,Sabah,Kudat,largestSectorShare,50.98,%,2020-01-01,https://data.gov.my/data-catalogue/gdp_district_real_supply,fresh,2026-10-04T11:16:32Z
district,Sabah,Kudat,sector.p5.value,0.401,RM billion (constant 2015 prices),2020-01-01,https://data.gov.my/data-catalogue/gdp_district_real_supply,fresh,2026-10-04T11:16:32Z
district,Sabah,Kudat,sector.p5.share,50.98,%,2020-01-01,https://data.gov.my/data-catalogue/gdp_district_real_supply,fresh,2026-10-04T11:16:32Z
district,Sabah,Kudat,sector.p1.value,0.349,RM billion (constant 2015 prices),2020-01-01,https://data.gov.my/data-catalogue/gdp_district_real_supply,fresh,2026-10-04T11:16:32Z
district,Sabah,Kudat,sector.p1.share,44.28,%,2020-01-01,https://data.gov.my/data-catalogue/gdp_district_real_supply,fresh,2026-10-04T11:16:32Z
district,Sabah,Kudat,sector.p4.value,0.013,RM billion (constant 2015 prices),2020-01-01,https://data.gov.my/data-catalogue/gdp_district_real_supply,fresh,2026-10-04T11:16:32Z
district,Sabah,Kudat,sector.p4.share,1.65,%,2020-01-01,https://data.gov.my/data-catalogue/gdp_district_real_supply,fresh,2026-10-04T11:16:32Z
district,Sabah,Kudat,sector.p3.value,0.012,RM billion (constant 2015 prices),2020-01-01,https://data.gov.my/data-catalogue/gdp_district_real_supply,fresh,2026-10-04T11:16:32Z
district,Sabah,Kudat,sector.p3.share,1.47,%,2020-01-01,https://data.gov.my/data-catalogue/gdp_district_real_supply,fresh,2026-10-04T11:16:32Z
district,Sabah,Kudat,sector.p2.value,0.01,RM billion (constant 2015 prices),2020-01-01,https://data.gov.my/data-catalogue/gdp_district_real_supply,fresh,2026-10-04T11:16:32Z
district,Sabah,Kudat,sector.p2.share,1.32,%,2020-01-01,https://data.gov.my/data-catalogue/gdp_district_real_supply,fresh,2026-10-04T11:16:32Z
district,Sabah,Kunak,incomeMean,6608.0,RM per household per month,2024-01-01,https://data.gov.my/data-catalogue/hies_district,fresh,2026-10-04T11:16:32Z
district,Sabah,Kunak,incomeMedian,4539.0,RM per household per month,2024-01-01,https://data.gov.my/data-catalogue/hies_district,fresh,2026-10-04T11:16:32Z
district,Sabah,Kunak,expenditureMean,2797.0,RM per household per month,2024-01-01,https://data.gov.my/data-catalogue/hies_district,fresh,2026-10-04T11:16:32Z
district,Sabah,Kunak,incomeMinusExpenditure,1742.0,RM per household per month,2024-01-01,https://data.gov.my/data-catalogue/hies_district,fresh,2026-10-04T11:16:32Z
district,Sabah,Kunak,incomeToExpenditureRatio,1.623,ratio,2024-01-01,https://data.gov.my/data-catalogue/hies_district,fresh,2026-10-04T11:16:32Z
district,Sabah,Kunak,poverty,29.2,%,2024-01-01,https://data.gov.my/data-catalogue/hies_district,fresh,2026-10-04T11:16:32Z
district,Sabah,Kunak,gini,0.484,coefficient,2024-01-01,https://data.gov.my/data-catalogue/hies_district,fresh,2026-10-04T11:16:32Z
district,Sabah,Kunak,unemploymentRate,8.4,%,2024-01-01,https://data.gov.my/data-catalogue/lfs_district,fresh,2026-10-04T11:16:32Z
district,Sabah,Kunak,participationRate,71.6,%,2024-01-01,https://data.gov.my/data-catalogue/lfs_district,fresh,2026-10-04T11:16:32Z
district,Sabah,Kunak,employmentPopulationRatio,65.6,%,2024-01-01,https://data.gov.my/data-catalogue/lfs_district,fresh,2026-10-04T11:16:32Z
district,Sabah,Kunak,labourForce,41.5,thousand persons,2024-01-01,https://data.gov.my/data-catalogue/lfs_district,fresh,2026-10-04T11:16:32Z
district,Sabah,Kunak,realGdp,0.64,RM billion (constant 2015 prices),2020-01-01,https://data.gov.my/data-catalogue/gdp_district_real_supply,fresh,2026-10-04T11:16:32Z
district,Sabah,Kunak,largestSector,Services,sector,2020-01-01,https://data.gov.my/data-catalogue/gdp_district_real_supply,fresh,2026-10-04T11:16:32Z
district,Sabah,Kunak,largestSectorShare,47.1,%,2020-01-01,https://data.gov.my/data-catalogue/gdp_district_real_supply,fresh,2026-10-04T11:16:32Z
district,Sabah,Kunak,sector.p5.value,0.301,RM billion (constant 2015 prices),2020-01-01,https://data.gov.my/data-catalogue/gdp_district_real_supply,fresh,2026-10-04T11:16:32Z
district,Sabah,Kunak,sector.p5.share,47.1,%,2020-01-01,https://data.gov.my/data-catalogue/gdp_district_real_supply,fresh,2026-10-04T11:16:32Z
district,Sabah,Kunak,sector.p1.value,0.301,RM billion (constant 2015 prices),2020-01-01,https://data.gov.my/data-catalogue/gdp_district_real_supply,fresh,2026-10-04T11:16:32Z
district,Sabah,Kunak,sector.p1.share,47.09,%,2020-01-01,https://data.gov.my/data-catalogue/gdp_district_real_supply,fresh,2026-10-04T11:16:32Z
district,Sabah,Kunak,sector.p3.value,0.031,RM billion (constant 2015 prices),2020-01-01,https://data.gov.my/data-catalogue/gdp_district_real_supply,fresh,2026-10-04T11:16:32Z
district,Sabah,Kunak,sector.p3.share,4.8,%,2020-01-01,https://data.gov.my/data-catalogue/gdp_district_real_supply,fresh,2026-10-04T11:16:32Z
district,Sabah,Kunak,sector.p2.value,0.0,RM billion (constant 2015 prices),2020-01-01,https://data.gov.my/data-catalogue/gdp_district_real_supply,fresh,2026-10-04T11:16:32Z
district,Sabah,Kunak,sector.p2.share,0.0,%,2020-01-01,https://data.gov.my/data-catalogue/gdp_district_real_supply,fresh,2026-10-04T11:16:32Z
district,Sabah,Lahad Datu,incomeMean,6557.0,RM per household per month,2024-01-01,https://data.gov.my/data-catalogue/hies_district,fresh,2026-10-04T11:16:32Z
district,Sabah,Lahad Datu,incomeMedian,5526.0,RM per household per month,2024-01-01,https://data.gov.my/data-catalogue/hies_district,fresh,2026-10-04T11:16:32Z
district,Sabah,Lahad Datu,expenditureMean,3571.0,RM per household per month,2024-01-01,https://data.gov.my/data-catalogue/hies_district,fresh,2026-10-04T11:16:32Z
district,Sabah,Lahad Datu,incomeMinusExpenditure,1955.0,RM per household per month,2024-01-01,https://data.gov.my/data-catalogue/hies_district,fresh,2026-10-04T11:16:32Z
district,Sabah,Lahad Datu,incomeToExpenditureRatio,1.547,ratio,2024-01-01,https://data.gov.my/data-catalogue/hies_district,fresh,2026-10-04T11:16:32Z
district,Sabah,Lahad Datu,poverty,13.6,%,2024-01-01,https://data.gov.my/data-catalogue/hies_district,fresh,2026-10-04T11:16:32Z
district,Sabah,Lahad Datu,gini,0.286,coefficient,2024-01-01,https://data.gov.my/data-catalogue/hies_district,fresh,2026-10-04T11:16:32Z
district,Sabah,Lahad Datu,unemploymentRate,7.5,%,2024-01-01,https://data.gov.my/data-catalogue/lfs_district,fresh,2026-10-04T11:16:32Z
district,Sabah,Lahad Datu,participationRate,72.4,%,2024-01-01,https://data.gov.my/data-catalogue/lfs_district,fresh,2026-10-04T11:16:32Z
district,Sabah,Lahad Datu,employmentPopulationRatio,67.0,%,2024-01-01,https://data.gov.my/data-catalogue/lfs_district,fresh,2026-10-04T11:16:32Z
district,Sabah,Lahad Datu,labourForce,131.4,thousand persons,2024-01-01,https://data.gov.my/data-catalogue/lfs_district,fresh,2026-10-04T11:16:32Z
district,Sabah,Lahad Datu,realGdp,4.489,RM billion (constant 2015 prices),2020-01-01,https://data.gov.my/data-catalogue/gdp_district_real_supply,fresh,2026-10-04T11:16:32Z
district,Sabah,Lahad Datu,largestSector,Services,sector,2020-01-01,https://data.gov.my/data-catalogue/gdp_district_real_supply,fresh,2026-10-04T11:16:32Z
district,Sabah,Lahad Datu,largestSectorShare,35.97,%,2020-01-01,https://data.gov.my/data-catalogue/gdp_district_real_supply,fresh,2026-10-04T11:16:32Z
district,Sabah,Lahad Datu,sector.p5.value,1.614,RM billion (constant 2015 prices),2020-01-01,https://data.gov.my/data-catalogue/gdp_district_real_supply,fresh,2026-10-04T11:16:32Z
district,Sabah,Lahad Datu,sector.p5.share,35.97,%,2020-01-01,https://data.gov.my/data-catalogue/gdp_district_real_supply,fresh,2026-10-04T11:16:32Z
district,Sabah,Lahad Datu,sector.p1.value,1.498,RM billion (constant 2015 prices),2020-01-01,https://data.gov.my/data-catalogue/gdp_district_real_supply,fresh,2026-10-04T11:16:32Z
district,Sabah,Lahad Datu,sector.p1.share,33.37,%,2020-01-01,https://data.gov.my/data-catalogue/gdp_district_real_supply,fresh,2026-10-04T11:16:32Z
district,Sabah,Lahad Datu,sector.p3.value,1.221,RM billion (constant 2015 prices),2020-01-01,https://data.gov.my/data-catalogue/gdp_district_real_supply,fresh,2026-10-04T11:16:32Z
district,Sabah,Lahad Datu,sector.p3.share,27.21,%,2020-01-01,https://data.gov.my/data-catalogue/gdp_district_real_supply,fresh,2026-10-04T11:16:32Z
district,Sabah,Lahad Datu,sector.p4.value,0.11,RM billion (constant 2015 prices),2020-01-01,https://data.gov.my/data-catalogue/gdp_district_real_supply,fresh,2026-10-04T11:16:32Z
district,Sabah,Lahad Datu,sector.p4.share,2.45,%,2020-01-01,https://data.gov.my/data-catalogue/gdp_district_real_supply,fresh,2026-10-04T11:16:32Z
district,Sabah,Lahad Datu,sector.p2.value,0.018,RM billion (constant 2015 prices),2020-01-01,https://data.gov.my/data-catalogue/gdp_district_real_supply,fresh,2026-10-04T11:16:32Z
district,Sabah,Lahad Datu,sector.p2.share,0.41,%,2020-01-01,https://data.gov.my/data-catalogue/gdp_district_real_supply,fresh,2026-10-04T11:16:32Z
district,Sabah,Membakut,incomeMean,4997.0,RM per household per month,2024-01-01,https://data.gov.my/data-catalogue/hies_district,fresh,2026-10-04T11:16:32Z
district,Sabah,Membakut,incomeMedian,4037.0,RM per household per month,2024-01-01,https://data.gov.my/data-catalogue/hies_district,fresh,2026-10-04T11:16:32Z
district,Sabah,Membakut,expenditureMean,3075.0,RM per household per month,2024-01-01,https://data.gov.my/data-catalogue/hies_district,fresh,2026-10-04T11:16:32Z
district,Sabah,Membakut,incomeMinusExpenditure,962.0,RM per household per month,2024-01-01,https://data.gov.my/data-catalogue/hies_district,fresh,2026-10-04T11:16:32Z
district,Sabah,Membakut,incomeToExpenditureRatio,1.313,ratio,2024-01-01,https://data.gov.my/data-catalogue/hies_district,fresh,2026-10-04T11:16:32Z
district,Sabah,Membakut,poverty,27.4,%,2024-01-01,https://data.gov.my/data-catalogue/hies_district,fresh,2026-10-04T11:16:32Z
district,Sabah,Membakut,gini,0.357,coefficient,2024-01-01,https://data.gov.my/data-catalogue/hies_district,fresh,2026-10-04T11:16:32Z
district,Sabah,Nabawan,incomeMean,5146.0,RM per household per month,2024-01-01,https://data.gov.my/data-catalogue/hies_district,fresh,2026-10-04T11:16:32Z
district,Sabah,Nabawan,incomeMedian,4361.0,RM per household per month,2024-01-01,https://data.gov.my/data-catalogue/hies_district,fresh,2026-10-04T11:16:32Z
district,Sabah,Nabawan,expenditureMean,3553.0,RM per household per month,2024-01-01,https://data.gov.my/data-catalogue/hies_district,fresh,2026-10-04T11:16:32Z
district,Sabah,Nabawan,incomeMinusExpenditure,808.0,RM per household per month,2024-01-01,https://data.gov.my/data-catalogue/hies_district,fresh,2026-10-04T11:16:32Z
district,Sabah,Nabawan,incomeToExpenditureRatio,1.227,ratio,2024-01-01,https://data.gov.my/data-catalogue/hies_district,fresh,2026-10-04T11:16:32Z
district,Sabah,Nabawan,poverty,25.4,%,2024-01-01,https://data.gov.my/data-catalogue/hies_district,fresh,2026-10-04T11:16:32Z
district,Sabah,Nabawan,gini,0.314,coefficient,2024-01-01,https://data.gov.my/data-catalogue/hies_district,fresh,2026-10-04T11:16:32Z
district,Sabah,Nabawan,unemploymentRate,10.7,%,2024-01-01,https://data.gov.my/data-catalogue/lfs_district,fresh,2026-10-04T11:16:32Z
district,Sabah,Nabawan,participationRate,71.1,%,2024-01-01,https://data.gov.my/data-catalogue/lfs_district,fresh,2026-10-04T11:16:32Z
district,Sabah,Nabawan,employmentPopulationRatio,63.2,%,2024-01-01,https://data.gov.my/data-catalogue/lfs_district,fresh,2026-10-04T11:16:32Z
district,Sabah,Nabawan,labourForce,14.3,thousand persons,2024-01-01,https://data.gov.my/data-catalogue/lfs_district,fresh,2026-10-04T11:16:32Z
district,Sabah,Nabawan,realGdp,0.268,RM billion (constant 2015 prices),2020-01-01,https://data.gov.my/data-catalogue/gdp_district_real_supply,fresh,2026-10-04T11:16:32Z
district,Sabah,Nabawan,largestSector,Agriculture,sector,2020-01-01,https://data.gov.my/data-catalogue/gdp_district_real_supply,fresh,2026-10-04T11:16:32Z
district,Sabah,Nabawan,largestSectorShare,60.29,%,2020-01-01,https://data.gov.my/data-catalogue/gdp_district_real_supply,fresh,2026-10-04T11:16:32Z
district,Sabah,Nabawan,sector.p1.value,0.161,RM billion (constant 2015 prices),2020-01-01,https://data.gov.my/data-catalogue/gdp_district_real_supply,fresh,2026-10-04T11:16:32Z
district,Sabah,Nabawan,sector.p1.share,60.29,%,2020-01-01,https://data.gov.my/data-catalogue/gdp_district_real_supply,fresh,2026-10-04T11:16:32Z
district,Sabah,Nabawan,sector.p5.value,0.105,RM billion (constant 2015 prices),2020-01-01,https://data.gov.my/data-catalogue/gdp_district_real_supply,fresh,2026-10-04T11:16:32Z
district,Sabah,Nabawan,sector.p5.share,39.11,%,2020-01-01,https://data.gov.my/data-catalogue/gdp_district_real_supply,fresh,2026-10-04T11:16:32Z
district,Sabah,Nabawan,sector.p2.value,0.0,RM billion (constant 2015 prices),2020-01-01,https://data.gov.my/data-catalogue/gdp_district_real_supply,fresh,2026-10-04T11:16:32Z
district,Sabah,Nabawan,sector.p2.share,0.0,%,2020-01-01,https://data.gov.my/data-catalogue/gdp_district_real_supply,fresh,2026-10-04T11:16:32Z
district,Sabah,Papar,incomeMean,6038.0,RM per household per month,2024-01-01,https://data.gov.my/data-catalogue/hies_district,fresh,2026-10-04T11:16:32Z
district,Sabah,Papar,incomeMedian,5177.0,RM per household per month,2024-01-01,https://data.gov.my/data-catalogue/hies_district,fresh,2026-10-04T11:16:32Z
district,Sabah,Papar,expenditureMean,3613.0,RM per household per month,2024-01-01,https://data.gov.my/data-catalogue/hies_district,fresh,2026-10-04T11:16:32Z
district,Sabah,Papar,incomeMinusExpenditure,1564.0,RM per household per month,2024-01-01,https://data.gov.my/data-catalogue/hies_district,fresh,2026-10-04T11:16:32Z
district,Sabah,Papar,incomeToExpenditureRatio,1.433,ratio,2024-01-01,https://data.gov.my/data-catalogue/hies_district,fresh,2026-10-04T11:16:32Z
district,Sabah,Papar,poverty,12.0,%,2024-01-01,https://data.gov.my/data-catalogue/hies_district,fresh,2026-10-04T11:16:32Z
district,Sabah,Papar,gini,0.313,coefficient,2024-01-01,https://data.gov.my/data-catalogue/hies_district,fresh,2026-10-04T11:16:32Z
district,Sabah,Papar,unemploymentRate,8.3,%,2024-01-01,https://data.gov.my/data-catalogue/lfs_district,fresh,2026-10-04T11:16:32Z
district,Sabah,Papar,participationRate,72.5,%,2024-01-01,https://data.gov.my/data-catalogue/lfs_district,fresh,2026-10-04T11:16:32Z
district,Sabah,Papar,employmentPopulationRatio,66.5,%,2024-01-01,https://data.gov.my/data-catalogue/lfs_district,fresh,2026-10-04T11:16:32Z
district,Sabah,Papar,labourForce,74.2,thousand persons,2024-01-01,https://data.gov.my/data-catalogue/lfs_district,fresh,2026-10-04T11:16:32Z
district,Sabah,Papar,realGdp,1.397,RM billion (constant 2015 prices),2020-01-01,https://data.gov.my/data-catalogue/gdp_district_real_supply,fresh,2026-10-04T11:16:32Z
district,Sabah,Papar,largestSector,Services,sector,2020-01-01,https://data.gov.my/data-catalogue/gdp_district_real_supply,fresh,2026-10-04T11:16:32Z
district,Sabah,Papar,largestSectorShare,76.52,%,2020-01-01,https://data.gov.my/data-catalogue/gdp_district_real_supply,fresh,2026-10-04T11:16:32Z
district,Sabah,Papar,sector.p5.value,1.069,RM billion (constant 2015 prices),2020-01-01,https://data.gov.my/data-catalogue/gdp_district_real_supply,fresh,2026-10-04T11:16:32Z
district,Sabah,Papar,sector.p5.share,76.52,%,2020-01-01,https://data.gov.my/data-catalogue/gdp_district_real_supply,fresh,2026-10-04T11:16:32Z
district,Sabah,Papar,sector.p1.value,0.214,RM billion (constant 2015 prices),2020-01-01,https://data.gov.my/data-catalogue/gdp_district_real_supply,fresh,2026-10-04T11:16:32Z
district,Sabah,Papar,sector.p1.share,15.29,%,2020-01-01,https://data.gov.my/data-catalogue/gdp_district_real_supply,fresh,2026-10-04T11:16:32Z
district,Sabah,Papar,sector.p4.value,0.057,RM billion (constant 2015 prices),2020-01-01,https://data.gov.my/data-catalogue/gdp_district_real_supply,fresh,2026-10-04T11:16:32Z
district,Sabah,Papar,sector.p4.share,4.05,%,2020-01-01,https://data.gov.my/data-catalogue/gdp_district_real_supply,fresh,2026-10-04T11:16:32Z
district,Sabah,Papar,sector.p3.value,0.052,RM billion (constant 2015 prices),2020-01-01,https://data.gov.my/data-catalogue/gdp_district_real_supply,fresh,2026-10-04T11:16:32Z
district,Sabah,Papar,sector.p3.share,3.73,%,2020-01-01,https://data.gov.my/data-catalogue/gdp_district_real_supply,fresh,2026-10-04T11:16:32Z
district,Sabah,Penampang,incomeMean,7550.0,RM per household per month,2024-01-01,https://data.gov.my/data-catalogue/hies_district,fresh,2026-10-04T11:16:32Z
district,Sabah,Penampang,incomeMedian,6090.0,RM per household per month,2024-01-01,https://data.gov.my/data-catalogue/hies_district,fresh,2026-10-04T11:16:32Z
district,Sabah,Penampang,expenditureMean,4234.0,RM per household per month,2024-01-01,https://data.gov.my/data-catalogue/hies_district,fresh,2026-10-04T11:16:32Z
district,Sabah,Penampang,incomeMinusExpenditure,1856.0,RM per household per month,2024-01-01,https://data.gov.my/data-catalogue/hies_district,fresh,2026-10-04T11:16:32Z
district,Sabah,Penampang,incomeToExpenditureRatio,1.438,ratio,2024-01-01,https://data.gov.my/data-catalogue/hies_district,fresh,2026-10-04T11:16:32Z
district,Sabah,Penampang,poverty,5.7,%,2024-01-01,https://data.gov.my/data-catalogue/hies_district,fresh,2026-10-04T11:16:32Z
district,Sabah,Penampang,gini,0.348,coefficient,2024-01-01,https://data.gov.my/data-catalogue/hies_district,fresh,2026-10-04T11:16:32Z
district,Sabah,Penampang,unemploymentRate,5.8,%,2024-01-01,https://data.gov.my/data-catalogue/lfs_district,fresh,2026-10-04T11:16:32Z
district,Sabah,Penampang,participationRate,74.4,%,2024-01-01,https://data.gov.my/data-catalogue/lfs_district,fresh,2026-10-04T11:16:32Z
district,Sabah,Penampang,employmentPopulationRatio,70.1,%,2024-01-01,https://data.gov.my/data-catalogue/lfs_district,fresh,2026-10-04T11:16:32Z
district,Sabah,Penampang,labourForce,87.6,thousand persons,2024-01-01,https://data.gov.my/data-catalogue/lfs_district,fresh,2026-10-04T11:16:32Z
district,Sabah,Penampang,realGdp,1.925,RM billion (constant 2015 prices),2020-01-01,https://data.gov.my/data-catalogue/gdp_district_real_supply,fresh,2026-10-04T11:16:32Z
district,Sabah,Penampang,largestSector,Services,sector,2020-01-01,https://data.gov.my/data-catalogue/gdp_district_real_supply,fresh,2026-10-04T11:16:32Z
district,Sabah,Penampang,largestSectorShare,83.92,%,2020-01-01,https://data.gov.my/data-catalogue/gdp_district_real_supply,fresh,2026-10-04T11:16:32Z
district,Sabah,Penampang,sector.p5.value,1.616,RM billion (constant 2015 prices),2020-01-01,https://data.gov.my/data-catalogue/gdp_district_real_supply,fresh,2026-10-04T11:16:32Z
district,Sabah,Penampang,sector.p5.share,83.92,%,2020-01-01,https://data.gov.my/data-catalogue/gdp_district_real_supply,fresh,2026-10-04T11:16:32Z
district,Sabah,Penampang,sector.p4.value,0.229,RM billion (constant 2015 prices),2020-01-01,https://data.gov.my/data-catalogue/gdp_district_real_supply,fresh,2026-10-04T11:16:32Z
district,Sabah,Penampang,sector.p4.share,11.89,%,2020-01-01,https://data.gov.my/data-catalogue/gdp_district_real_supply,fresh,2026-10-04T11:16:32Z
district,Sabah,Penampang,sector.p3.value,0.044,RM billion (constant 2015 prices),2020-01-01,https://data.gov.my/data-catalogue/gdp_district_real_supply,fresh,2026-10-04T11:16:32Z
district,Sabah,Penampang,sector.p3.share,2.3,%,2020-01-01,https://data.gov.my/data-catalogue/gdp_district_real_supply,fresh,2026-10-04T11:16:32Z
district,Sabah,Penampang,sector.p1.value,0.019,RM billion (constant 2015 prices),2020-01-01,https://data.gov.my/data-catalogue/gdp_district_real_supply,fresh,2026-10-04T11:16:32Z
district,Sabah,Penampang,sector.p1.share,1.01,%,2020-01-01,https://data.gov.my/data-catalogue/gdp_district_real_supply,fresh,2026-10-04T11:16:32Z
district,Sabah,Penampang,sector.p2.value,0.009,RM billion (constant 2015 prices),2020-01-01,https://data.gov.my/data-catalogue/gdp_district_real_supply,fresh,2026-10-04T11:16:32Z
district,Sabah,Penampang,sector.p2.share,0.49,%,2020-01-01,https://data.gov.my/data-catalogue/gdp_district_real_supply,fresh,2026-10-04T11:16:32Z
district,Sabah,Pitas,incomeMean,4121.0,RM per household per month,2024-01-01,https://data.gov.my/data-catalogue/hies_district,fresh,2026-10-04T11:16:32Z
district,Sabah,Pitas,incomeMedian,2785.0,RM per household per month,2024-01-01,https://data.gov.my/data-catalogue/hies_district,fresh,2026-10-04T11:16:32Z
district,Sabah,Pitas,expenditureMean,3472.0,RM per household per month,2024-01-01,https://data.gov.my/data-catalogue/hies_district,fresh,2026-10-04T11:16:32Z
district,Sabah,Pitas,incomeMinusExpenditure,-687.0,RM per household per month,2024-01-01,https://data.gov.my/data-catalogue/hies_district,fresh,2026-10-04T11:16:32Z
district,Sabah,Pitas,incomeToExpenditureRatio,0.802,ratio,2024-01-01,https://data.gov.my/data-catalogue/hies_district,fresh,2026-10-04T11:16:32Z
district,Sabah,Pitas,poverty,50.0,%,2024-01-01,https://data.gov.my/data-catalogue/hies_district,fresh,2026-10-04T11:16:32Z
district,Sabah,Pitas,gini,0.411,coefficient,2024-01-01,https://data.gov.my/data-catalogue/hies_district,fresh,2026-10-04T11:16:32Z
district,Sabah,Pitas,unemploymentRate,9.6,%,2024-01-01,https://data.gov.my/data-catalogue/lfs_district,fresh,2026-10-04T11:16:32Z
district,Sabah,Pitas,participationRate,53.5,%,2024-01-01,https://data.gov.my/data-catalogue/lfs_district,fresh,2026-10-04T11:16:32Z
district,Sabah,Pitas,employmentPopulationRatio,48.4,%,2024-01-01,https://data.gov.my/data-catalogue/lfs_district,fresh,2026-10-04T11:16:32Z
district,Sabah,Pitas,labourForce,13.8,thousand persons,2024-01-01,https://data.gov.my/data-catalogue/lfs_district,fresh,2026-10-04T11:16:32Z
district,Sabah,Pitas,realGdp,0.287,RM billion (constant 2015 prices),2020-01-01,https://data.gov.my/data-catalogue/gdp_district_real_supply,fresh,2026-10-04T11:16:32Z
district,Sabah,Pitas,largestSector,Agriculture,sector,2020-01-01,https://data.gov.my/data-catalogue/gdp_district_real_supply,fresh,2026-10-04T11:16:32Z
district,Sabah,Pitas,largestSectorShare,46.73,%,2020-01-01,https://data.gov.my/data-catalogue/gdp_district_real_supply,fresh,2026-10-04T11:16:32Z
district,Sabah,Pitas,sector.p1.value,0.134,RM billion (constant 2015 prices),2020-01-01,https://data.gov.my/data-catalogue/gdp_district_real_supply,fresh,2026-10-04T11:16:32Z
district,Sabah,Pitas,sector.p1.share,46.73,%,2020-01-01,https://data.gov.my/data-catalogue/gdp_district_real_supply,fresh,2026-10-04T11:16:32Z
district,Sabah,Pitas,sector.p5.value,0.123,RM billion (constant 2015 prices),2020-01-01,https://data.gov.my/data-catalogue/gdp_district_real_supply,fresh,2026-10-04T11:16:32Z
district,Sabah,Pitas,sector.p5.share,42.76,%,2020-01-01,https://data.gov.my/data-catalogue/gdp_district_real_supply,fresh,2026-10-04T11:16:32Z
district,Sabah,Pitas,sector.p2.value,0.015,RM billion (constant 2015 prices),2020-01-01,https://data.gov.my/data-catalogue/gdp_district_real_supply,fresh,2026-10-04T11:16:32Z
district,Sabah,Pitas,sector.p2.share,5.34,%,2020-01-01,https://data.gov.my/data-catalogue/gdp_district_real_supply,fresh,2026-10-04T11:16:32Z
district,Sabah,Pitas,sector.p3.value,0.013,RM billion (constant 2015 prices),2020-01-01,https://data.gov.my/data-catalogue/gdp_district_real_supply,fresh,2026-10-04T11:16:32Z
district,Sabah,Pitas,sector.p3.share,4.41,%,2020-01-01,https://data.gov.my/data-catalogue/gdp_district_real_supply,fresh,2026-10-04T11:16:32Z
district,Sabah,Putatan,incomeMean,7377.0,RM per household per month,2024-01-01,https://data.gov.my/data-catalogue/hies_district,fresh,2026-10-04T11:16:32Z
district,Sabah,Putatan,incomeMedian,6563.0,RM per household per month,2024-01-01,https://data.gov.my/data-catalogue/hies_district,fresh,2026-10-04T11:16:32Z
district,Sabah,Putatan,expenditureMean,4188.0,RM per household per month,2024-01-01,https://data.gov.my/data-catalogue/hies_district,fresh,2026-10-04T11:16:32Z
district,Sabah,Putatan,incomeMinusExpenditure,2375.0,RM per household per month,2024-01-01,https://data.gov.my/data-catalogue/hies_district,fresh,2026-10-04T11:16:32Z
district,Sabah,Putatan,incomeToExpenditureRatio,1.567,ratio,2024-01-01,https://data.gov.my/data-catalogue/hies_district,fresh,2026-10-04T11:16:32Z
district,Sabah,Putatan,poverty,6.9,%,2024-01-01,https://data.gov.my/data-catalogue/hies_district,fresh,2026-10-04T11:16:32Z
district,Sabah,Putatan,gini,0.289,coefficient,2024-01-01,https://data.gov.my/data-catalogue/hies_district,fresh,2026-10-04T11:16:32Z
district,Sabah,Putatan,unemploymentRate,6.1,%,2024-01-01,https://data.gov.my/data-catalogue/lfs_district,fresh,2026-10-04T11:16:32Z
district,Sabah,Putatan,participationRate,73.7,%,2024-01-01,https://data.gov.my/data-catalogue/lfs_district,fresh,2026-10-04T11:16:32Z
district,Sabah,Putatan,employmentPopulationRatio,69.1,%,2024-01-01,https://data.gov.my/data-catalogue/lfs_district,fresh,2026-10-04T11:16:32Z
district,Sabah,Putatan,labourForce,34.6,thousand persons,2024-01-01,https://data.gov.my/data-catalogue/lfs_district,fresh,2026-10-04T11:16:32Z
district,Sabah,Putatan,realGdp,0.521,RM billion (constant 2015 prices),2020-01-01,https://data.gov.my/data-catalogue/gdp_district_real_supply,fresh,2026-10-04T11:16:32Z
district,Sabah,Putatan,largestSector,Services,sector,2020-01-01,https://data.gov.my/data-catalogue/gdp_district_real_supply,fresh,2026-10-04T11:16:32Z
district,Sabah,Putatan,largestSectorShare,91.61,%,2020-01-01,https://data.gov.my/data-catalogue/gdp_district_real_supply,fresh,2026-10-04T11:16:32Z
district,Sabah,Putatan,sector.p5.value,0.477,RM billion (constant 2015 prices),2020-01-01,https://data.gov.my/data-catalogue/gdp_district_real_supply,fresh,2026-10-04T11:16:32Z
district,Sabah,Putatan,sector.p5.share,91.61,%,2020-01-01,https://data.gov.my/data-catalogue/gdp_district_real_supply,fresh,2026-10-04T11:16:32Z
district,Sabah,Putatan,sector.p3.value,0.02,RM billion (constant 2015 prices),2020-01-01,https://data.gov.my/data-catalogue/gdp_district_real_supply,fresh,2026-10-04T11:16:32Z
district,Sabah,Putatan,sector.p3.share,3.87,%,2020-01-01,https://data.gov.my/data-catalogue/gdp_district_real_supply,fresh,2026-10-04T11:16:32Z
district,Sabah,Putatan,sector.p4.value,0.019,RM billion (constant 2015 prices),2020-01-01,https://data.gov.my/data-catalogue/gdp_district_real_supply,fresh,2026-10-04T11:16:32Z
district,Sabah,Putatan,sector.p4.share,3.67,%,2020-01-01,https://data.gov.my/data-catalogue/gdp_district_real_supply,fresh,2026-10-04T11:16:32Z
district,Sabah,Putatan,sector.p2.value,0.0,RM billion (constant 2015 prices),2020-01-01,https://data.gov.my/data-catalogue/gdp_district_real_supply,fresh,2026-10-04T11:16:32Z
district,Sabah,Putatan,sector.p2.share,0.0,%,2020-01-01,https://data.gov.my/data-catalogue/gdp_district_real_supply,fresh,2026-10-04T11:16:32Z
district,Sabah,Ranau,incomeMean,5330.0,RM per household per month,2024-01-01,https://data.gov.my/data-catalogue/hies_district,fresh,2026-10-04T11:16:32Z
district,Sabah,Ranau,incomeMedian,3470.0,RM per household per month,2024-01-01,https://data.gov.my/data-catalogue/hies_district,fresh,2026-10-04T11:16:32Z
district,Sabah,Ranau,expenditureMean,2905.0,RM per household per month,2024-01-01,https://data.gov.my/data-catalogue/hies_district,fresh,2026-10-04T11:16:32Z
district,Sabah,Ranau,incomeMinusExpenditure,565.0,RM per household per month,2024-01-01,https://data.gov.my/data-catalogue/hies_district,fresh,2026-10-04T11:16:32Z
district,Sabah,Ranau,incomeToExpenditureRatio,1.194,ratio,2024-01-01,https://data.gov.my/data-catalogue/hies_district,fresh,2026-10-04T11:16:32Z
district,Sabah,Ranau,poverty,23.5,%,2024-01-01,https://data.gov.my/data-catalogue/hies_district,fresh,2026-10-04T11:16:32Z
district,Sabah,Ranau,gini,0.441,coefficient,2024-01-01,https://data.gov.my/data-catalogue/hies_district,fresh,2026-10-04T11:16:32Z
district,Sabah,Ranau,unemploymentRate,9.3,%,2024-01-01,https://data.gov.my/data-catalogue/lfs_district,fresh,2026-10-04T11:16:32Z
district,Sabah,Ranau,participationRate,70.2,%,2024-01-01,https://data.gov.my/data-catalogue/lfs_district,fresh,2026-10-04T11:16:32Z
district,Sabah,Ranau,employmentPopulationRatio,63.8,%,2024-01-01,https://data.gov.my/data-catalogue/lfs_district,fresh,2026-10-04T11:16:32Z
district,Sabah,Ranau,labourForce,40.3,thousand persons,2024-01-01,https://data.gov.my/data-catalogue/lfs_district,fresh,2026-10-04T11:16:32Z
district,Sabah,Ranau,realGdp,0.7,RM billion (constant 2015 prices),2020-01-01,https://data.gov.my/data-catalogue/gdp_district_real_supply,fresh,2026-10-04T11:16:32Z
district,Sabah,Ranau,largestSector,Services,sector,2020-01-01,https://data.gov.my/data-catalogue/gdp_district_real_supply,fresh,2026-10-04T11:16:32Z
district,Sabah,Ranau,largestSectorShare,59.98,%,2020-01-01,https://data.gov.my/data-catalogue/gdp_district_real_supply,fresh,2026-10-04T11:16:32Z
district,Sabah,Ranau,sector.p5.value,0.42,RM billion (constant 2015 prices),2020-01-01,https://data.gov.my/data-catalogue/gdp_district_real_supply,fresh,2026-10-04T11:16:32Z
district,Sabah,Ranau,sector.p5.share,59.98,%,2020-01-01,https://data.gov.my/data-catalogue/gdp_district_real_supply,fresh,2026-10-04T11:16:32Z
district,Sabah,Ranau,sector.p1.value,0.242,RM billion (constant 2015 prices),2020-01-01,https://data.gov.my/data-catalogue/gdp_district_real_supply,fresh,2026-10-04T11:16:32Z
district,Sabah,Ranau,sector.p1.share,34.59,%,2020-01-01,https://data.gov.my/data-catalogue/gdp_district_real_supply,fresh,2026-10-04T11:16:32Z
district,Sabah,Ranau,sector.p4.value,0.034,RM billion (constant 2015 prices),2020-01-01,https://data.gov.my/data-catalogue/gdp_district_real_supply,fresh,2026-10-04T11:16:32Z
district,Sabah,Ranau,sector.p4.share,4.79,%,2020-01-01,https://data.gov.my/data-catalogue/gdp_district_real_supply,fresh,2026-10-04T11:16:32Z
district,Sabah,Sandakan,incomeMean,6648.0,RM per household per month,2024-01-01,https://data.gov.my/data-catalogue/hies_district,fresh,2026-10-04T11:16:32Z
district,Sabah,Sandakan,incomeMedian,5314.0,RM per household per month,2024-01-01,https://data.gov.my/data-catalogue/hies_district,fresh,2026-10-04T11:16:32Z
district,Sabah,Sandakan,expenditureMean,3677.0,RM per household per month,2024-01-01,https://data.gov.my/data-catalogue/hies_district,fresh,2026-10-04T11:16:32Z
district,Sabah,Sandakan,incomeMinusExpenditure,1637.0,RM per household per month,2024-01-01,https://data.gov.my/data-catalogue/hies_district,fresh,2026-10-04T11:16:32Z
district,Sabah,Sandakan,incomeToExpenditureRatio,1.445,ratio,2024-01-01,https://data.gov.my/data-catalogue/hies_district,fresh,2026-10-04T11:16:32Z
district,Sabah,Sandakan,poverty,15.2,%,2024-01-01,https://data.gov.my/data-catalogue/hies_district,fresh,2026-10-04T11:16:32Z
district,Sabah,Sandakan,gini,0.355,coefficient,2024-01-01,https://data.gov.my/data-catalogue/hies_district,fresh,2026-10-04T11:16:32Z
district,Sabah,Sandakan,unemploymentRate,6.8,%,2024-01-01,https://data.gov.my/data-catalogue/lfs_district,fresh,2026-10-04T11:16:32Z
district,Sabah,Sandakan,participationRate,73.0,%,2024-01-01,https://data.gov.my/data-catalogue/lfs_district,fresh,2026-10-04T11:16:32Z
district,Sabah,Sandakan,employmentPopulationRatio,68.1,%,2024-01-01,https://data.gov.my/data-catalogue/lfs_district,fresh,2026-10-04T11:16:32Z
district,Sabah,Sandakan,labourForce,261.5,thousand persons,2024-01-01,https://data.gov.my/data-catalogue/lfs_district,fresh,2026-10-04T11:16:32Z
district,Sabah,Sandakan,realGdp,7.911,RM billion (constant 2015 prices),2020-01-01,https://data.gov.my/data-catalogue/gdp_district_real_supply,fresh,2026-10-04T11:16:32Z
district,Sabah,Sandakan,largestSector,Services,sector,2020-01-01,https://data.gov.my/data-catalogue/gdp_district_real_supply,fresh,2026-10-04T11:16:32Z
district,Sabah,Sandakan,largestSectorShare,55.5,%,2020-01-01,https://data.gov.my/data-catalogue/gdp_district_real_supply,fresh,2026-10-04T11:16:32Z
district,Sabah,Sandakan,sector.p5.value,4.39,RM billion (constant 2015 prices),2020-01-01,https://data.gov.my/data-catalogue/gdp_district_real_supply,fresh,2026-10-04T11:16:32Z
district,Sabah,Sandakan,sector.p5.share,55.5,%,2020-01-01,https://data.gov.my/data-catalogue/gdp_district_real_supply,fresh,2026-10-04T11:16:32Z
district,Sabah,Sandakan,sector.p3.value,1.916,RM billion (constant 2015 prices),2020-01-01,https://data.gov.my/data-catalogue/gdp_district_real_supply,fresh,2026-10-04T11:16:32Z
district,Sabah,Sandakan,sector.p3.share,24.22,%,2020-01-01,https://data.gov.my/data-catalogue/gdp_district_real_supply,fresh,2026-10-04T11:16:32Z
district,Sabah,Sandakan,sector.p1.value,1.384,RM billion (constant 2015 prices),2020-01-01,https://data.gov.my/data-catalogue/gdp_district_real_supply,fresh,2026-10-04T11:16:32Z
district,Sabah,Sandakan,sector.p1.share,17.5,%,2020-01-01,https://data.gov.my/data-catalogue/gdp_district_real_supply,fresh,2026-10-04T11:16:32Z
district,Sabah,Sandakan,sector.p4.value,0.159,RM billion (constant 2015 prices),2020-01-01,https://data.gov.my/data-catalogue/gdp_district_real_supply,fresh,2026-10-04T11:16:32Z
district,Sabah,Sandakan,sector.p4.share,2.01,%,2020-01-01,https://data.gov.my/data-catalogue/gdp_district_real_supply,fresh,2026-10-04T11:16:32Z
district,Sabah,Sandakan,sector.p2.value,0.015,RM billion (constant 2015 prices),2020-01-01,https://data.gov.my/data-catalogue/gdp_district_real_supply,fresh,2026-10-04T11:16:32Z
district,Sabah,Sandakan,sector.p2.share,0.18,%,2020-01-01,https://data.gov.my/data-catalogue/gdp_district_real_supply,fresh,2026-10-04T11:16:32Z
district,Sabah,Semporna,incomeMean,5604.0,RM per household per month,2024-01-01,https://data.gov.my/data-catalogue/hies_district,fresh,2026-10-04T11:16:32Z
district,Sabah,Semporna,incomeMedian,4059.0,RM per household per month,2024-01-01,https://data.gov.my/data-catalogue/hies_district,fresh,2026-10-04T11:16:32Z
district,Sabah,Semporna,expenditureMean,2567.0,RM per household per month,2024-01-01,https://data.gov.my/data-catalogue/hies_district,fresh,2026-10-04T11:16:32Z
district,Sabah,Semporna,incomeMinusExpenditure,1492.0,RM per household per month,2024-01-01,https://data.gov.my/data-catalogue/hies_district,fresh,2026-10-04T11:16:32Z
district,Sabah,Semporna,incomeToExpenditureRatio,1.581,ratio,2024-01-01,https://data.gov.my/data-catalogue/hies_district,fresh,2026-10-04T11:16:32Z
district,Sabah,Semporna,poverty,30.4,%,2024-01-01,https://data.gov.my/data-catalogue/hies_district,fresh,2026-10-04T11:16:32Z
district,Sabah,Semporna,gini,0.411,coefficient,2024-01-01,https://data.gov.my/data-catalogue/hies_district,fresh,2026-10-04T11:16:32Z
district,Sabah,Semporna,unemploymentRate,8.4,%,2024-01-01,https://data.gov.my/data-catalogue/lfs_district,fresh,2026-10-04T11:16:32Z
district,Sabah,Semporna,participationRate,69.2,%,2024-01-01,https://data.gov.my/data-catalogue/lfs_district,fresh,2026-10-04T11:16:32Z
district,Sabah,Semporna,employmentPopulationRatio,63.4,%,2024-01-01,https://data.gov.my/data-catalogue/lfs_district,fresh,2026-10-04T11:16:32Z
district,Sabah,Semporna,labourForce,96.9,thousand persons,2024-01-01,https://data.gov.my/data-catalogue/lfs_district,fresh,2026-10-04T11:16:32Z
district,Sabah,Semporna,realGdp,1.647,RM billion (constant 2015 prices),2020-01-01,https://data.gov.my/data-catalogue/gdp_district_real_supply,fresh,2026-10-04T11:16:32Z
district,Sabah,Semporna,largestSector,Agriculture,sector,2020-01-01,https://data.gov.my/data-catalogue/gdp_district_real_supply,fresh,2026-10-04T11:16:32Z
district,Sabah,Semporna,largestSectorShare,59.91,%,2020-01-01,https://data.gov.my/data-catalogue/gdp_district_real_supply,fresh,2026-10-04T11:16:32Z
district,Sabah,Semporna,sector.p1.value,0.987,RM billion (constant 2015 prices),2020-01-01,https://data.gov.my/data-catalogue/gdp_district_real_supply,fresh,2026-10-04T11:16:32Z
district,Sabah,Semporna,sector.p1.share,59.91,%,2020-01-01,https://data.gov.my/data-catalogue/gdp_district_real_supply,fresh,2026-10-04T11:16:32Z
district,Sabah,Semporna,sector.p5.value,0.544,RM billion (constant 2015 prices),2020-01-01,https://data.gov.my/data-catalogue/gdp_district_real_supply,fresh,2026-10-04T11:16:32Z
district,Sabah,Semporna,sector.p5.share,33.03,%,2020-01-01,https://data.gov.my/data-catalogue/gdp_district_real_supply,fresh,2026-10-04T11:16:32Z
district,Sabah,Semporna,sector.p3.value,0.079,RM billion (constant 2015 prices),2020-01-01,https://data.gov.my/data-catalogue/gdp_district_real_supply,fresh,2026-10-04T11:16:32Z
district,Sabah,Semporna,sector.p3.share,4.82,%,2020-01-01,https://data.gov.my/data-catalogue/gdp_district_real_supply,fresh,2026-10-04T11:16:32Z
district,Sabah,Semporna,sector.p4.value,0.031,RM billion (constant 2015 prices),2020-01-01,https://data.gov.my/data-catalogue/gdp_district_real_supply,fresh,2026-10-04T11:16:32Z
district,Sabah,Semporna,sector.p4.share,1.9,%,2020-01-01,https://data.gov.my/data-catalogue/gdp_district_real_supply,fresh,2026-10-04T11:16:32Z
district,Sabah,Sipitang,incomeMean,5548.0,RM per household per month,2024-01-01,https://data.gov.my/data-catalogue/hies_district,fresh,2026-10-04T11:16:32Z
district,Sabah,Sipitang,incomeMedian,4606.0,RM per household per month,2024-01-01,https://data.gov.my/data-catalogue/hies_district,fresh,2026-10-04T11:16:32Z
district,Sabah,Sipitang,expenditureMean,3341.0,RM per household per month,2024-01-01,https://data.gov.my/data-catalogue/hies_district,fresh,2026-10-04T11:16:32Z
district,Sabah,Sipitang,incomeMinusExpenditure,1265.0,RM per household per month,2024-01-01,https://data.gov.my/data-catalogue/hies_district,fresh,2026-10-04T11:16:32Z
district,Sabah,Sipitang,incomeToExpenditureRatio,1.379,ratio,2024-01-01,https://data.gov.my/data-catalogue/hies_district,fresh,2026-10-04T11:16:32Z
district,Sabah,Sipitang,poverty,15.3,%,2024-01-01,https://data.gov.my/data-catalogue/hies_district,fresh,2026-10-04T11:16:32Z
district,Sabah,Sipitang,gini,0.306,coefficient,2024-01-01,https://data.gov.my/data-catalogue/hies_district,fresh,2026-10-04T11:16:32Z
district,Sabah,Sipitang,unemploymentRate,8.7,%,2024-01-01,https://data.gov.my/data-catalogue/lfs_district,fresh,2026-10-04T11:16:32Z
district,Sabah,Sipitang,participationRate,71.2,%,2024-01-01,https://data.gov.my/data-catalogue/lfs_district,fresh,2026-10-04T11:16:32Z
district,Sabah,Sipitang,employmentPopulationRatio,64.8,%,2024-01-01,https://data.gov.my/data-catalogue/lfs_district,fresh,2026-10-04T11:16:32Z
district,Sabah,Sipitang,labourForce,19.2,thousand persons,2024-01-01,https://data.gov.my/data-catalogue/lfs_district,fresh,2026-10-04T11:16:32Z
district,Sabah,Sipitang,realGdp,0.507,RM billion (constant 2015 prices),2020-01-01,https://data.gov.my/data-catalogue/gdp_district_real_supply,fresh,2026-10-04T11:16:32Z
district,Sabah,Sipitang,largestSector,Services,sector,2020-01-01,https://data.gov.my/data-catalogue/gdp_district_real_supply,fresh,2026-10-04T11:16:32Z
district,Sabah,Sipitang,largestSectorShare,46.96,%,2020-01-01,https://data.gov.my/data-catalogue/gdp_district_real_supply,fresh,2026-10-04T11:16:32Z
district,Sabah,Sipitang,sector.p5.value,0.238,RM billion (constant 2015 prices),2020-01-01,https://data.gov.my/data-catalogue/gdp_district_real_supply,fresh,2026-10-04T11:16:32Z
district,Sabah,Sipitang,sector.p5.share,46.96,%,2020-01-01,https://data.gov.my/data-catalogue/gdp_district_real_supply,fresh,2026-10-04T11:16:32Z
district,Sabah,Sipitang,sector.p4.value,0.125,RM billion (constant 2015 prices),2020-01-01,https://data.gov.my/data-catalogue/gdp_district_real_supply,fresh,2026-10-04T11:16:32Z
district,Sabah,Sipitang,sector.p4.share,24.68,%,2020-01-01,https://data.gov.my/data-catalogue/gdp_district_real_supply,fresh,2026-10-04T11:16:32Z
district,Sabah,Sipitang,sector.p1.value,0.086,RM billion (constant 2015 prices),2020-01-01,https://data.gov.my/data-catalogue/gdp_district_real_supply,fresh,2026-10-04T11:16:32Z
district,Sabah,Sipitang,sector.p1.share,17.04,%,2020-01-01,https://data.gov.my/data-catalogue/gdp_district_real_supply,fresh,2026-10-04T11:16:32Z
district,Sabah,Sipitang,sector.p3.value,0.053,RM billion (constant 2015 prices),2020-01-01,https://data.gov.my/data-catalogue/gdp_district_real_supply,fresh,2026-10-04T11:16:32Z
district,Sabah,Sipitang,sector.p3.share,10.43,%,2020-01-01,https://data.gov.my/data-catalogue/gdp_district_real_supply,fresh,2026-10-04T11:16:32Z
district_residual,Sabah,Supra,realGdp,19.1,RM billion (constant 2015 prices),2020-01-01,https://data.gov.my/data-catalogue/gdp_district_real_supply,fresh,2026-10-04T11:16:32Z
district_residual,Sabah,Supra,largestSector,Mining and quarrying,sector,2020-01-01,https://data.gov.my/data-catalogue/gdp_district_real_supply,fresh,2026-10-04T11:16:32Z
district_residual,Sabah,Supra,largestSectorShare,100.0,%,2020-01-01,https://data.gov.my/data-catalogue/gdp_district_real_supply,fresh,2026-10-04T11:16:32Z
district_residual,Sabah,Supra,sector.p2.value,19.1,RM billion (constant 2015 prices),2020-01-01,https://data.gov.my/data-catalogue/gdp_district_real_supply,fresh,2026-10-04T11:16:32Z
district_residual,Sabah,Supra,sector.p2.share,100.0,%,2020-01-01,https://data.gov.my/data-catalogue/gdp_district_real_supply,fresh,2026-10-04T11:16:32Z
district_residual,Sabah,Supra,sector.p1.value,0.0,RM billion (constant 2015 prices),2020-01-01,https://data.gov.my/data-catalogue/gdp_district_real_supply,fresh,2026-10-04T11:16:32Z
district_residual,Sabah,Supra,sector.p1.share,0.0,%,2020-01-01,https://data.gov.my/data-catalogue/gdp_district_real_supply,fresh,2026-10-04T11:16:32Z
district_residual,Sabah,Supra,sector.p3.value,0.0,RM billion (constant 2015 prices),2020-01-01,https://data.gov.my/data-catalogue/gdp_district_real_supply,fresh,2026-10-04T11:16:32Z
district_residual,Sabah,Supra,sector.p3.share,0.0,%,2020-01-01,https://data.gov.my/data-catalogue/gdp_district_real_supply,fresh,2026-10-04T11:16:32Z
district_residual,Sabah,Supra,sector.p4.value,0.0,RM billion (constant 2015 prices),2020-01-01,https://data.gov.my/data-catalogue/gdp_district_real_supply,fresh,2026-10-04T11:16:32Z
district_residual,Sabah,Supra,sector.p4.share,0.0,%,2020-01-01,https://data.gov.my/data-catalogue/gdp_district_real_supply,fresh,2026-10-04T11:16:32Z
district_residual,Sabah,Supra,sector.p5.value,0.0,RM billion (constant 2015 prices),2020-01-01,https://data.gov.my/data-catalogue/gdp_district_real_supply,fresh,2026-10-04T11:16:32Z
district_residual,Sabah,Supra,sector.p5.share,0.0,%,2020-01-01,https://data.gov.my/data-catalogue/gdp_district_real_supply,fresh,2026-10-04T11:16:32Z
district,Sabah,Tambunan,incomeMean,5361.0,RM per household per month,2024-01-01,https://data.gov.my/data-catalogue/hies_district,fresh,2026-10-04T11:16:32Z
district,Sabah,Tambunan,incomeMedian,4854.0,RM per household per month,2024-01-01,https://data.gov.my/data-catalogue/hies_district,fresh,2026-10-04T11:16:32Z
district,Sabah,Tambunan,expenditureMean,3508.0,RM per household per month,2024-01-01,https://data.gov.my/data-catalogue/hies_district,fresh,2026-10-04T11:16:32Z
district,Sabah,Tambunan,incomeMinusExpenditure,1346.0,RM per household per month,2024-01-01,https://data.gov.my/data-catalogue/hies_district,fresh,2026-10-04T11:16:32Z
district,Sabah,Tambunan,incomeToExpenditureRatio,1.384,ratio,2024-01-01,https://data.gov.my/data-catalogue/hies_district,fresh,2026-10-04T11:16:32Z
district,Sabah,Tambunan,poverty,8.3,%,2024-01-01,https://data.gov.my/data-catalogue/hies_district,fresh,2026-10-04T11:16:32Z
district,Sabah,Tambunan,gini,0.3,coefficient,2024-01-01,https://data.gov.my/data-catalogue/hies_district,fresh,2026-10-04T11:16:32Z
district,Sabah,Tambunan,unemploymentRate,9.0,%,2024-01-01,https://data.gov.my/data-catalogue/lfs_district,fresh,2026-10-04T11:16:32Z
district,Sabah,Tambunan,participationRate,70.0,%,2024-01-01,https://data.gov.my/data-catalogue/lfs_district,fresh,2026-10-04T11:16:32Z
district,Sabah,Tambunan,employmentPopulationRatio,64.0,%,2024-01-01,https://data.gov.my/data-catalogue/lfs_district,fresh,2026-10-04T11:16:32Z
district,Sabah,Tambunan,labourForce,15.0,thousand persons,2024-01-01,https://data.gov.my/data-catalogue/lfs_district,fresh,2026-10-04T11:16:32Z
district,Sabah,Tambunan,realGdp,0.151,RM billion (constant 2015 prices),2020-01-01,https://data.gov.my/data-catalogue/gdp_district_real_supply,fresh,2026-10-04T11:16:32Z
district,Sabah,Tambunan,largestSector,Services,sector,2020-01-01,https://data.gov.my/data-catalogue/gdp_district_real_supply,fresh,2026-10-04T11:16:32Z
district,Sabah,Tambunan,largestSectorShare,71.18,%,2020-01-01,https://data.gov.my/data-catalogue/gdp_district_real_supply,fresh,2026-10-04T11:16:32Z
district,Sabah,Tambunan,sector.p5.value,0.108,RM billion (constant 2015 prices),2020-01-01,https://data.gov.my/data-catalogue/gdp_district_real_supply,fresh,2026-10-04T11:16:32Z
district,Sabah,Tambunan,sector.p5.share,71.18,%,2020-01-01,https://data.gov.my/data-catalogue/gdp_district_real_supply,fresh,2026-10-04T11:16:32Z
district,Sabah,Tambunan,sector.p1.value,0.04,RM billion (constant 2015 prices),2020-01-01,https://data.gov.my/data-catalogue/gdp_district_real_supply,fresh,2026-10-04T11:16:32Z
district,Sabah,Tambunan,sector.p1.share,26.7,%,2020-01-01,https://data.gov.my/data-catalogue/gdp_district_real_supply,fresh,2026-10-04T11:16:32Z
district,Sabah,Tambunan,sector.p2.value,0.0,RM billion (constant 2015 prices),2020-01-01,https://data.gov.my/data-catalogue/gdp_district_real_supply,fresh,2026-10-04T11:16:32Z
district,Sabah,Tambunan,sector.p2.share,0.0,%,2020-01-01,https://data.gov.my/data-catalogue/gdp_district_real_supply,fresh,2026-10-04T11:16:32Z
district,Sabah,Tawau,incomeMean,6751.0,RM per household per month,2024-01-01,https://data.gov.my/data-catalogue/hies_district,fresh,2026-10-04T11:16:32Z
district,Sabah,Tawau,incomeMedian,4852.0,RM per household per month,2024-01-01,https://data.gov.my/data-catalogue/hies_district,fresh,2026-10-04T11:16:32Z
district,Sabah,Tawau,expenditureMean,3182.0,RM per household per month,2024-01-01,https://data.gov.my/data-catalogue/hies_district,fresh,2026-10-04T11:16:32Z
district,Sabah,Tawau,incomeMinusExpenditure,1670.0,RM per household per month,2024-01-01,https://data.gov.my/data-catalogue/hies_district,fresh,2026-10-04T11:16:32Z
district,Sabah,Tawau,incomeToExpenditureRatio,1.525,ratio,2024-01-01,https://data.gov.my/data-catalogue/hies_district,fresh,2026-10-04T11:16:32Z
district,Sabah,Tawau,poverty,13.2,%,2024-01-01,https://data.gov.my/data-catalogue/hies_district,fresh,2026-10-04T11:16:32Z
district,Sabah,Tawau,gini,0.389,coefficient,2024-01-01,https://data.gov.my/data-catalogue/hies_district,fresh,2026-10-04T11:16:32Z
district,Sabah,Tawau,unemploymentRate,7.1,%,2024-01-01,https://data.gov.my/data-catalogue/lfs_district,fresh,2026-10-04T11:16:32Z
district,Sabah,Tawau,participationRate,73.3,%,2024-01-01,https://data.gov.my/data-catalogue/lfs_district,fresh,2026-10-04T11:16:32Z
district,Sabah,Tawau,employmentPopulationRatio,68.2,%,2024-01-01,https://data.gov.my/data-catalogue/lfs_district,fresh,2026-10-04T11:16:32Z
district,Sabah,Tawau,labourForce,219.7,thousand persons,2024-01-01,https://data.gov.my/data-catalogue/lfs_district,fresh,2026-10-04T11:16:32Z
district,Sabah,Tawau,realGdp,6.535,RM billion (constant 2015 prices),2020-01-01,https://data.gov.my/data-catalogue/gdp_district_real_supply,fresh,2026-10-04T11:16:32Z
district,Sabah,Tawau,largestSector,Services,sector,2020-01-01,https://data.gov.my/data-catalogue/gdp_district_real_supply,fresh,2026-10-04T11:16:32Z
district,Sabah,Tawau,largestSectorShare,63.43,%,2020-01-01,https://data.gov.my/data-catalogue/gdp_district_real_supply,fresh,2026-10-04T11:16:32Z
district,Sabah,Tawau,sector.p5.value,4.145,RM billion (constant 2015 prices),2020-01-01,https://data.gov.my/data-catalogue/gdp_district_real_supply,fresh,2026-10-04T11:16:32Z
district,Sabah,Tawau,sector.p5.share,63.43,%,2020-01-01,https://data.gov.my/data-catalogue/gdp_district_real_supply,fresh,2026-10-04T11:16:32Z
district,Sabah,Tawau,sector.p1.value,1.46,RM billion (constant 2015 prices),2020-01-01,https://data.gov.my/data-catalogue/gdp_district_real_supply,fresh,2026-10-04T11:16:32Z
district,Sabah,Tawau,sector.p1.share,22.34,%,2020-01-01,https://data.gov.my/data-catalogue/gdp_district_real_supply,fresh,2026-10-04T11:16:32Z
district,Sabah,Tawau,sector.p3.value,0.747,RM billion (constant 2015 prices),2020-01-01,https://data.gov.my/data-catalogue/gdp_district_real_supply,fresh,2026-10-04T11:16:32Z
district,Sabah,Tawau,sector.p3.share,11.42,%,2020-01-01,https://data.gov.my/data-catalogue/gdp_district_real_supply,fresh,2026-10-04T11:16:32Z
district,Sabah,Tawau,sector.p4.value,0.111,RM billion (constant 2015 prices),2020-01-01,https://data.gov.my/data-catalogue/gdp_district_real_supply,fresh,2026-10-04T11:16:32Z
district,Sabah,Tawau,sector.p4.share,1.7,%,2020-01-01,https://data.gov.my/data-catalogue/gdp_district_real_supply,fresh,2026-10-04T11:16:32Z
district,Sabah,Tawau,sector.p2.value,0.045,RM billion (constant 2015 prices),2020-01-01,https://data.gov.my/data-catalogue/gdp_district_real_supply,fresh,2026-10-04T11:16:32Z
district,Sabah,Tawau,sector.p2.share,0.68,%,2020-01-01,https://data.gov.my/data-catalogue/gdp_district_real_supply,fresh,2026-10-04T11:16:32Z
district,Sabah,Telupid,incomeMean,4877.0,RM per household per month,2024-01-01,https://data.gov.my/data-catalogue/hies_district,fresh,2026-10-04T11:16:32Z
district,Sabah,Telupid,incomeMedian,4489.0,RM per household per month,2024-01-01,https://data.gov.my/data-catalogue/hies_district,fresh,2026-10-04T11:16:32Z
district,Sabah,Telupid,expenditureMean,2659.0,RM per household per month,2024-01-01,https://data.gov.my/data-catalogue/hies_district,fresh,2026-10-04T11:16:32Z
district,Sabah,Telupid,incomeMinusExpenditure,1830.0,RM per household per month,2024-01-01,https://data.gov.my/data-catalogue/hies_district,fresh,2026-10-04T11:16:32Z
district,Sabah,Telupid,incomeToExpenditureRatio,1.688,ratio,2024-01-01,https://data.gov.my/data-catalogue/hies_district,fresh,2026-10-04T11:16:32Z
district,Sabah,Telupid,poverty,22.0,%,2024-01-01,https://data.gov.my/data-catalogue/hies_district,fresh,2026-10-04T11:16:32Z
district,Sabah,Telupid,gini,0.267,coefficient,2024-01-01,https://data.gov.my/data-catalogue/hies_district,fresh,2026-10-04T11:16:32Z
district,Sabah,Telupid,unemploymentRate,9.3,%,2024-01-01,https://data.gov.my/data-catalogue/lfs_district,fresh,2026-10-04T11:16:32Z
district,Sabah,Telupid,participationRate,53.4,%,2024-01-01,https://data.gov.my/data-catalogue/lfs_district,fresh,2026-10-04T11:16:32Z
district,Sabah,Telupid,employmentPopulationRatio,48.2,%,2024-01-01,https://data.gov.my/data-catalogue/lfs_district,fresh,2026-10-04T11:16:32Z
district,Sabah,Telupid,labourForce,12.1,thousand persons,2024-01-01,https://data.gov.my/data-catalogue/lfs_district,fresh,2026-10-04T11:16:32Z
district,Sabah,Telupid,realGdp,0.606,RM billion (constant 2015 prices),2020-01-01,https://data.gov.my/data-catalogue/gdp_district_real_supply,fresh,2026-10-04T11:16:32Z
district,Sabah,Telupid,largestSector,Manufacturing,sector,2020-01-01,https://data.gov.my/data-catalogue/gdp_district_real_supply,fresh,2026-10-04T11:16:32Z
district,Sabah,Telupid,largestSectorShare,48.48,%,2020-01-01,https://data.gov.my/data-catalogue/gdp_district_real_supply,fresh,2026-10-04T11:16:32Z
district,Sabah,Telupid,sector.p3.value,0.294,RM billion (constant 2015 prices),2020-01-01,https://data.gov.my/data-catalogue/gdp_district_real_supply,fresh,2026-10-04T11:16:32Z
district,Sabah,Telupid,sector.p3.share,48.48,%,2020-01-01,https://data.gov.my/data-catalogue/gdp_district_real_supply,fresh,2026-10-04T11:16:32Z
district,Sabah,Telupid,sector.p1.value,0.175,RM billion (constant 2015 prices),2020-01-01,https://data.gov.my/data-catalogue/gdp_district_real_supply,fresh,2026-10-04T11:16:32Z
district,Sabah,Telupid,sector.p1.share,28.88,%,2020-01-01,https://data.gov.my/data-catalogue/gdp_district_real_supply,fresh,2026-10-04T11:16:32Z
district,Sabah,Telupid,sector.p5.value,0.13,RM billion (constant 2015 prices),2020-01-01,https://data.gov.my/data-catalogue/gdp_district_real_supply,fresh,2026-10-04T11:16:32Z
district,Sabah,Telupid,sector.p5.share,21.51,%,2020-01-01,https://data.gov.my/data-catalogue/gdp_district_real_supply,fresh,2026-10-04T11:16:32Z
district,Sabah,Telupid,sector.p2.value,0.0,RM billion (constant 2015 prices),2020-01-01,https://data.gov.my/data-catalogue/gdp_district_real_supply,fresh,2026-10-04T11:16:32Z
district,Sabah,Telupid,sector.p2.share,0.0,%,2020-01-01,https://data.gov.my/data-catalogue/gdp_district_real_supply,fresh,2026-10-04T11:16:32Z
district,Sabah,Tenom,incomeMean,5410.0,RM per household per month,2024-01-01,https://data.gov.my/data-catalogue/hies_district,fresh,2026-10-04T11:16:32Z
district,Sabah,Tenom,incomeMedian,4161.0,RM per household per month,2024-01-01,https://data.gov.my/data-catalogue/hies_district,fresh,2026-10-04T11:16:32Z
district,Sabah,Tenom,expenditureMean,3504.0,RM per household per month,2024-01-01,https://data.gov.my/data-catalogue/hies_district,fresh,2026-10-04T11:16:32Z
district,Sabah,Tenom,incomeMinusExpenditure,657.0,RM per household per month,2024-01-01,https://data.gov.my/data-catalogue/hies_district,fresh,2026-10-04T11:16:32Z
district,Sabah,Tenom,incomeToExpenditureRatio,1.188,ratio,2024-01-01,https://data.gov.my/data-catalogue/hies_district,fresh,2026-10-04T11:16:32Z
district,Sabah,Tenom,poverty,12.1,%,2024-01-01,https://data.gov.my/data-catalogue/hies_district,fresh,2026-10-04T11:16:32Z
district,Sabah,Tenom,gini,0.336,coefficient,2024-01-01,https://data.gov.my/data-catalogue/hies_district,fresh,2026-10-04T11:16:32Z
district,Sabah,Tenom,unemploymentRate,11.1,%,2024-01-01,https://data.gov.my/data-catalogue/lfs_district,fresh,2026-10-04T11:16:32Z
district,Sabah,Tenom,participationRate,69.5,%,2024-01-01,https://data.gov.my/data-catalogue/lfs_district,fresh,2026-10-04T11:16:32Z
district,Sabah,Tenom,employmentPopulationRatio,61.6,%,2024-01-01,https://data.gov.my/data-catalogue/lfs_district,fresh,2026-10-04T11:16:32Z
district,Sabah,Tenom,labourForce,24.8,thousand persons,2024-01-01,https://data.gov.my/data-catalogue/lfs_district,fresh,2026-10-04T11:16:32Z
district,Sabah,Tenom,realGdp,0.402,RM billion (constant 2015 prices),2020-01-01,https://data.gov.my/data-catalogue/gdp_district_real_supply,fresh,2026-10-04T11:16:32Z
district,Sabah,Tenom,largestSector,Services,sector,2020-01-01,https://data.gov.my/data-catalogue/gdp_district_real_supply,fresh,2026-10-04T11:16:32Z
district,Sabah,Tenom,largestSectorShare,73.14,%,2020-01-01,https://data.gov.my/data-catalogue/gdp_district_real_supply,fresh,2026-10-04T11:16:32Z
district,Sabah,Tenom,sector.p5.value,0.294,RM billion (constant 2015 prices),2020-01-01,https://data.gov.my/data-catalogue/gdp_district_real_supply,fresh,2026-10-04T11:16:32Z
district,Sabah,Tenom,sector.p5.share,73.14,%,2020-01-01,https://data.gov.my/data-catalogue/gdp_district_real_supply,fresh,2026-10-04T11:16:32Z
district,Sabah,Tenom,sector.p1.value,0.062,RM billion (constant 2015 prices),2020-01-01,https://data.gov.my/data-catalogue/gdp_district_real_supply,fresh,2026-10-04T11:16:32Z
district,Sabah,Tenom,sector.p1.share,15.31,%,2020-01-01,https://data.gov.my/data-catalogue/gdp_district_real_supply,fresh,2026-10-04T11:16:32Z
district,Sabah,Tenom,sector.p3.value,0.022,RM billion (constant 2015 prices),2020-01-01,https://data.gov.my/data-catalogue/gdp_district_real_supply,fresh,2026-10-04T11:16:32Z
district,Sabah,Tenom,sector.p3.share,5.47,%,2020-01-01,https://data.gov.my/data-catalogue/gdp_district_real_supply,fresh,2026-10-04T11:16:32Z
district,Sabah,Tenom,sector.p4.value,0.02,RM billion (constant 2015 prices),2020-01-01,https://data.gov.my/data-catalogue/gdp_district_real_supply,fresh,2026-10-04T11:16:32Z
district,Sabah,Tenom,sector.p4.share,5.05,%,2020-01-01,https://data.gov.my/data-catalogue/gdp_district_real_supply,fresh,2026-10-04T11:16:32Z
district,Sabah,Tongod,incomeMean,4090.0,RM per household per month,2024-01-01,https://data.gov.my/data-catalogue/hies_district,fresh,2026-10-04T11:16:32Z
district,Sabah,Tongod,incomeMedian,3470.0,RM per household per month,2024-01-01,https://data.gov.my/data-catalogue/hies_district,fresh,2026-10-04T11:16:32Z
district,Sabah,Tongod,expenditureMean,2465.0,RM per household per month,2024-01-01,https://data.gov.my/data-catalogue/hies_district,fresh,2026-10-04T11:16:32Z
district,Sabah,Tongod,incomeMinusExpenditure,1005.0,RM per household per month,2024-01-01,https://data.gov.my/data-catalogue/hies_district,fresh,2026-10-04T11:16:32Z
district,Sabah,Tongod,incomeToExpenditureRatio,1.408,ratio,2024-01-01,https://data.gov.my/data-catalogue/hies_district,fresh,2026-10-04T11:16:32Z
district,Sabah,Tongod,poverty,41.5,%,2024-01-01,https://data.gov.my/data-catalogue/hies_district,fresh,2026-10-04T11:16:32Z
district,Sabah,Tongod,gini,0.344,coefficient,2024-01-01,https://data.gov.my/data-catalogue/hies_district,fresh,2026-10-04T11:16:32Z
district,Sabah,Tongod,unemploymentRate,9.7,%,2024-01-01,https://data.gov.my/data-catalogue/lfs_district,fresh,2026-10-04T11:16:32Z
district,Sabah,Tongod,participationRate,52.8,%,2024-01-01,https://data.gov.my/data-catalogue/lfs_district,fresh,2026-10-04T11:16:32Z
district,Sabah,Tongod,employmentPopulationRatio,47.8,%,2024-01-01,https://data.gov.my/data-catalogue/lfs_district,fresh,2026-10-04T11:16:32Z
district,Sabah,Tongod,labourForce,16.8,thousand persons,2024-01-01,https://data.gov.my/data-catalogue/lfs_district,fresh,2026-10-04T11:16:32Z
district,Sabah,Tongod,realGdp,0.193,RM billion (constant 2015 prices),2020-01-01,https://data.gov.my/data-catalogue/gdp_district_real_supply,fresh,2026-10-04T11:16:32Z
district,Sabah,Tongod,largestSector,Services,sector,2020-01-01,https://data.gov.my/data-catalogue/gdp_district_real_supply,fresh,2026-10-04T11:16:32Z
district,Sabah,Tongod,largestSectorShare,46.94,%,2020-01-01,https://data.gov.my/data-catalogue/gdp_district_real_supply,fresh,2026-10-04T11:16:32Z
district,Sabah,Tongod,sector.p5.value,0.09,RM billion (constant 2015 prices),2020-01-01,https://data.gov.my/data-catalogue/gdp_district_real_supply,fresh,2026-10-04T11:16:32Z
district,Sabah,Tongod,sector.p5.share,46.94,%,2020-01-01,https://data.gov.my/data-catalogue/gdp_district_real_supply,fresh,2026-10-04T11:16:32Z
district,Sabah,Tongod,sector.p3.value,0.064,RM billion (constant 2015 prices),2020-01-01,https://data.gov.my/data-catalogue/gdp_district_real_supply,fresh,2026-10-04T11:16:32Z
district,Sabah,Tongod,sector.p3.share,33.45,%,2020-01-01,https://data.gov.my/data-catalogue/gdp_district_real_supply,fresh,2026-10-04T11:16:32Z
district,Sabah,Tongod,sector.p1.value,0.031,RM billion (constant 2015 prices),2020-01-01,https://data.gov.my/data-catalogue/gdp_district_real_supply,fresh,2026-10-04T11:16:32Z
district,Sabah,Tongod,sector.p1.share,16.23,%,2020-01-01,https://data.gov.my/data-catalogue/gdp_district_real_supply,fresh,2026-10-04T11:16:32Z
district,Sabah,Tongod,sector.p4.value,0.005,RM billion (constant 2015 prices),2020-01-01,https://data.gov.my/data-catalogue/gdp_district_real_supply,fresh,2026-10-04T11:16:32Z
district,Sabah,Tongod,sector.p4.share,2.73,%,2020-01-01,https://data.gov.my/data-catalogue/gdp_district_real_supply,fresh,2026-10-04T11:16:32Z
district,Sabah,Tongod,sector.p2.value,0.0,RM billion (constant 2015 prices),2020-01-01,https://data.gov.my/data-catalogue/gdp_district_real_supply,fresh,2026-10-04T11:16:32Z
district,Sabah,Tongod,sector.p2.share,0.0,%,2020-01-01,https://data.gov.my/data-catalogue/gdp_district_real_supply,fresh,2026-10-04T11:16:32Z
district,Sabah,Tuaran,incomeMean,5388.0,RM per household per month,2024-01-01,https://data.gov.my/data-catalogue/hies_district,fresh,2026-10-04T11:16:32Z
district,Sabah,Tuaran,incomeMedian,4277.0,RM per household per month,2024-01-01,https://data.gov.my/data-catalogue/hies_district,fresh,2026-10-04T11:16:32Z
district,Sabah,Tuaran,expenditureMean,3185.0,RM per household per month,2024-01-01,https://data.gov.my/data-catalogue/hies_district,fresh,2026-10-04T11:16:32Z
district,Sabah,Tuaran,incomeMinusExpenditure,1092.0,RM per household per month,2024-01-01,https://data.gov.my/data-catalogue/hies_district,fresh,2026-10-04T11:16:32Z
district,Sabah,Tuaran,incomeToExpenditureRatio,1.343,ratio,2024-01-01,https://data.gov.my/data-catalogue/hies_district,fresh,2026-10-04T11:16:32Z
district,Sabah,Tuaran,poverty,23.7,%,2024-01-01,https://data.gov.my/data-catalogue/hies_district,fresh,2026-10-04T11:16:32Z
district,Sabah,Tuaran,gini,0.342,coefficient,2024-01-01,https://data.gov.my/data-catalogue/hies_district,fresh,2026-10-04T11:16:32Z
district,Sabah,Tuaran,unemploymentRate,8.8,%,2024-01-01,https://data.gov.my/data-catalogue/lfs_district,fresh,2026-10-04T11:16:32Z
district,Sabah,Tuaran,participationRate,63.5,%,2024-01-01,https://data.gov.my/data-catalogue/lfs_district,fresh,2026-10-04T11:16:32Z
district,Sabah,Tuaran,employmentPopulationRatio,57.9,%,2024-01-01,https://data.gov.my/data-catalogue/lfs_district,fresh,2026-10-04T11:16:32Z
district,Sabah,Tuaran,labourForce,60.5,thousand persons,2024-01-01,https://data.gov.my/data-catalogue/lfs_district,fresh,2026-10-04T11:16:32Z
district,Sabah,Tuaran,realGdp,1.299,RM billion (constant 2015 prices),2020-01-01,https://data.gov.my/data-catalogue/gdp_district_real_supply,fresh,2026-10-04T11:16:32Z
district,Sabah,Tuaran,largestSector,Services,sector,2020-01-01,https://data.gov.my/data-catalogue/gdp_district_real_supply,fresh,2026-10-04T11:16:32Z
district,Sabah,Tuaran,largestSectorShare,53.78,%,2020-01-01,https://data.gov.my/data-catalogue/gdp_district_real_supply,fresh,2026-10-04T11:16:32Z
district,Sabah,Tuaran,sector.p5.value,0.699,RM billion (constant 2015 prices),2020-01-01,https://data.gov.my/data-catalogue/gdp_district_real_supply,fresh,2026-10-04T11:16:32Z
district,Sabah,Tuaran,sector.p5.share,53.78,%,2020-01-01,https://data.gov.my/data-catalogue/gdp_district_real_supply,fresh,2026-10-04T11:16:32Z
district,Sabah,Tuaran,sector.p1.value,0.366,RM billion (constant 2015 prices),2020-01-01,https://data.gov.my/data-catalogue/gdp_district_real_supply,fresh,2026-10-04T11:16:32Z
district,Sabah,Tuaran,sector.p1.share,28.18,%,2020-01-01,https://data.gov.my/data-catalogue/gdp_district_real_supply,fresh,2026-10-04T11:16:32Z
district,Sabah,Tuaran,sector.p3.value,0.152,RM billion (constant 2015 prices),2020-01-01,https://data.gov.my/data-catalogue/gdp_district_real_supply,fresh,2026-10-04T11:16:32Z
district,Sabah,Tuaran,sector.p3.share,11.68,%,2020-01-01,https://data.gov.my/data-catalogue/gdp_district_real_supply,fresh,2026-10-04T11:16:32Z
district,Sabah,Tuaran,sector.p4.value,0.048,RM billion (constant 2015 prices),2020-01-01,https://data.gov.my/data-catalogue/gdp_district_real_supply,fresh,2026-10-04T11:16:32Z
district,Sabah,Tuaran,sector.p4.share,3.66,%,2020-01-01,https://data.gov.my/data-catalogue/gdp_district_real_supply,fresh,2026-10-04T11:16:32Z
district,Sabah,Tuaran,sector.p2.value,0.03,RM billion (constant 2015 prices),2020-01-01,https://data.gov.my/data-catalogue/gdp_district_real_supply,fresh,2026-10-04T11:16:32Z
district,Sabah,Tuaran,sector.p2.share,2.28,%,2020-01-01,https://data.gov.my/data-catalogue/gdp_district_real_supply,fresh,2026-10-04T11:16:32Z
district,Sarawak,Asajaya,incomeMean,5165.0,RM per household per month,2024-01-01,https://data.gov.my/data-catalogue/hies_district,fresh,2026-10-04T11:16:32Z
district,Sarawak,Asajaya,incomeMedian,4447.0,RM per household per month,2024-01-01,https://data.gov.my/data-catalogue/hies_district,fresh,2026-10-04T11:16:32Z
district,Sarawak,Asajaya,expenditureMean,3598.0,RM per household per month,2024-01-01,https://data.gov.my/data-catalogue/hies_district,fresh,2026-10-04T11:16:32Z
district,Sarawak,Asajaya,incomeMinusExpenditure,849.0,RM per household per month,2024-01-01,https://data.gov.my/data-catalogue/hies_district,fresh,2026-10-04T11:16:32Z
district,Sarawak,Asajaya,incomeToExpenditureRatio,1.236,ratio,2024-01-01,https://data.gov.my/data-catalogue/hies_district,fresh,2026-10-04T11:16:32Z
district,Sarawak,Asajaya,poverty,14.0,%,2024-01-01,https://data.gov.my/data-catalogue/hies_district,fresh,2026-10-04T11:16:32Z
district,Sarawak,Asajaya,gini,0.326,coefficient,2024-01-01,https://data.gov.my/data-catalogue/hies_district,fresh,2026-10-04T11:16:32Z
district,Sarawak,Asajaya,unemploymentRate,2.2,%,2024-01-01,https://data.gov.my/data-catalogue/lfs_district,fresh,2026-10-04T11:16:32Z
district,Sarawak,Asajaya,participationRate,67.8,%,2024-01-01,https://data.gov.my/data-catalogue/lfs_district,fresh,2026-10-04T11:16:32Z
district,Sarawak,Asajaya,employmentPopulationRatio,66.5,%,2024-01-01,https://data.gov.my/data-catalogue/lfs_district,fresh,2026-10-04T11:16:32Z
district,Sarawak,Asajaya,labourForce,15.6,thousand persons,2024-01-01,https://data.gov.my/data-catalogue/lfs_district,fresh,2026-10-04T11:16:32Z
district,Sarawak,Asajaya,realGdp,0.335,RM billion (constant 2015 prices),2020-01-01,https://data.gov.my/data-catalogue/gdp_district_real_supply,fresh,2026-10-04T11:16:32Z
district,Sarawak,Asajaya,largestSector,Agriculture,sector,2020-01-01,https://data.gov.my/data-catalogue/gdp_district_real_supply,fresh,2026-10-04T11:16:32Z
district,Sarawak,Asajaya,largestSectorShare,63.31,%,2020-01-01,https://data.gov.my/data-catalogue/gdp_district_real_supply,fresh,2026-10-04T11:16:32Z
district,Sarawak,Asajaya,sector.p1.value,0.212,RM billion (constant 2015 prices),2020-01-01,https://data.gov.my/data-catalogue/gdp_district_real_supply,fresh,2026-10-04T11:16:32Z
district,Sarawak,Asajaya,sector.p1.share,63.31,%,2020-01-01,https://data.gov.my/data-catalogue/gdp_district_real_supply,fresh,2026-10-04T11:16:32Z
district,Sarawak,Asajaya,sector.p5.value,0.116,RM billion (constant 2015 prices),2020-01-01,https://data.gov.my/data-catalogue/gdp_district_real_supply,fresh,2026-10-04T11:16:32Z
district,Sarawak,Asajaya,sector.p5.share,34.57,%,2020-01-01,https://data.gov.my/data-catalogue/gdp_district_real_supply,fresh,2026-10-04T11:16:32Z
district,Sarawak,Asajaya,sector.p2.value,0.0,RM billion (constant 2015 prices),2020-01-01,https://data.gov.my/data-catalogue/gdp_district_real_supply,fresh,2026-10-04T11:16:32Z
district,Sarawak,Asajaya,sector.p2.share,0.0,%,2020-01-01,https://data.gov.my/data-catalogue/gdp_district_real_supply,fresh,2026-10-04T11:16:32Z
district,Sarawak,Bau,incomeMean,5843.0,RM per household per month,2024-01-01,https://data.gov.my/data-catalogue/hies_district,fresh,2026-10-04T11:16:32Z
district,Sarawak,Bau,incomeMedian,4885.0,RM per household per month,2024-01-01,https://data.gov.my/data-catalogue/hies_district,fresh,2026-10-04T11:16:32Z
district,Sarawak,Bau,expenditureMean,3965.0,RM per household per month,2024-01-01,https://data.gov.my/data-catalogue/hies_district,fresh,2026-10-04T11:16:32Z
district,Sarawak,Bau,incomeMinusExpenditure,920.0,RM per household per month,2024-01-01,https://data.gov.my/data-catalogue/hies_district,fresh,2026-10-04T11:16:32Z
district,Sarawak,Bau,incomeToExpenditureRatio,1.232,ratio,2024-01-01,https://data.gov.my/data-catalogue/hies_district,fresh,2026-10-04T11:16:32Z
district,Sarawak,Bau,poverty,6.2,%,2024-01-01,https://data.gov.my/data-catalogue/hies_district,fresh,2026-10-04T11:16:32Z
district,Sarawak,Bau,gini,0.327,coefficient,2024-01-01,https://data.gov.my/data-catalogue/hies_district,fresh,2026-10-04T11:16:32Z
district,Sarawak,Bau,unemploymentRate,2.9,%,2024-01-01,https://data.gov.my/data-catalogue/lfs_district,fresh,2026-10-04T11:16:32Z
district,Sarawak,Bau,participationRate,69.5,%,2024-01-01,https://data.gov.my/data-catalogue/lfs_district,fresh,2026-10-04T11:16:32Z
district,Sarawak,Bau,employmentPopulationRatio,67.4,%,2024-01-01,https://data.gov.my/data-catalogue/lfs_district,fresh,2026-10-04T11:16:32Z
district,Sarawak,Bau,labourForce,26.4,thousand persons,2024-01-01,https://data.gov.my/data-catalogue/lfs_district,fresh,2026-10-04T11:16:32Z
district,Sarawak,Bau,realGdp,0.499,RM billion (constant 2015 prices),2020-01-01,https://data.gov.my/data-catalogue/gdp_district_real_supply,fresh,2026-10-04T11:16:32Z
district,Sarawak,Bau,largestSector,Services,sector,2020-01-01,https://data.gov.my/data-catalogue/gdp_district_real_supply,fresh,2026-10-04T11:16:32Z
district,Sarawak,Bau,largestSectorShare,64.88,%,2020-01-01,https://data.gov.my/data-catalogue/gdp_district_real_supply,fresh,2026-10-04T11:16:32Z
district,Sarawak,Bau,sector.p5.value,0.323,RM billion (constant 2015 prices),2020-01-01,https://data.gov.my/data-catalogue/gdp_district_real_supply,fresh,2026-10-04T11:16:32Z
district,Sarawak,Bau,sector.p5.share,64.88,%,2020-01-01,https://data.gov.my/data-catalogue/gdp_district_real_supply,fresh,2026-10-04T11:16:32Z
district,Sarawak,Bau,sector.p1.value,0.125,RM billion (constant 2015 prices),2020-01-01,https://data.gov.my/data-catalogue/gdp_district_real_supply,fresh,2026-10-04T11:16:32Z
district,Sarawak,Bau,sector.p1.share,25.13,%,2020-01-01,https://data.gov.my/data-catalogue/gdp_district_real_supply,fresh,2026-10-04T11:16:32Z
district,Sarawak,Bau,sector.p2.value,0.022,RM billion (constant 2015 prices),2020-01-01,https://data.gov.my/data-catalogue/gdp_district_real_supply,fresh,2026-10-04T11:16:32Z
district,Sarawak,Bau,sector.p2.share,4.32,%,2020-01-01,https://data.gov.my/data-catalogue/gdp_district_real_supply,fresh,2026-10-04T11:16:32Z
district,Sarawak,Bau,sector.p4.value,0.019,RM billion (constant 2015 prices),2020-01-01,https://data.gov.my/data-catalogue/gdp_district_real_supply,fresh,2026-10-04T11:16:32Z
district,Sarawak,Bau,sector.p4.share,3.82,%,2020-01-01,https://data.gov.my/data-catalogue/gdp_district_real_supply,fresh,2026-10-04T11:16:32Z
district,Sarawak,Bau,sector.p3.value,0.009,RM billion (constant 2015 prices),2020-01-01,https://data.gov.my/data-catalogue/gdp_district_real_supply,fresh,2026-10-04T11:16:32Z
district,Sarawak,Bau,sector.p3.share,1.76,%,2020-01-01,https://data.gov.my/data-catalogue/gdp_district_real_supply,fresh,2026-10-04T11:16:32Z
district,Sarawak,Belaga,incomeMean,4903.0,RM per household per month,2024-01-01,https://data.gov.my/data-catalogue/hies_district,fresh,2026-10-04T11:16:32Z
district,Sarawak,Belaga,incomeMedian,3977.0,RM per household per month,2024-01-01,https://data.gov.my/data-catalogue/hies_district,fresh,2026-10-04T11:16:32Z
district,Sarawak,Belaga,expenditureMean,2757.0,RM per household per month,2024-01-01,https://data.gov.my/data-catalogue/hies_district,fresh,2026-10-04T11:16:32Z
district,Sarawak,Belaga,incomeMinusExpenditure,1220.0,RM per household per month,2024-01-01,https://data.gov.my/data-catalogue/hies_district,fresh,2026-10-04T11:16:32Z
district,Sarawak,Belaga,incomeToExpenditureRatio,1.443,ratio,2024-01-01,https://data.gov.my/data-catalogue/hies_district,fresh,2026-10-04T11:16:32Z
district,Sarawak,Belaga,poverty,13.6,%,2024-01-01,https://data.gov.my/data-catalogue/hies_district,fresh,2026-10-04T11:16:32Z
district,Sarawak,Belaga,gini,0.313,coefficient,2024-01-01,https://data.gov.my/data-catalogue/hies_district,fresh,2026-10-04T11:16:32Z
district,Sarawak,Belaga,unemploymentRate,5.9,%,2024-01-01,https://data.gov.my/data-catalogue/lfs_district,fresh,2026-10-04T11:16:32Z
district,Sarawak,Belaga,participationRate,66.7,%,2024-01-01,https://data.gov.my/data-catalogue/lfs_district,fresh,2026-10-04T11:16:32Z
district,Sarawak,Belaga,employmentPopulationRatio,62.7,%,2024-01-01,https://data.gov.my/data-catalogue/lfs_district,fresh,2026-10-04T11:16:32Z
district,Sarawak,Belaga,labourForce,11.8,thousand persons,2024-01-01,https://data.gov.my/data-catalogue/lfs_district,fresh,2026-10-04T11:16:32Z
district,Sarawak,Belaga,realGdp,1.823,RM billion (constant 2015 prices),2020-01-01,https://data.gov.my/data-catalogue/gdp_district_real_supply,fresh,2026-10-04T11:16:32Z
district,Sarawak,Belaga,largestSector,Services,sector,2020-01-01,https://data.gov.my/data-catalogue/gdp_district_real_supply,fresh,2026-10-04T11:16:32Z
district,Sarawak,Belaga,largestSectorShare,69.54,%,2020-01-01,https://data.gov.my/data-catalogue/gdp_district_real_supply,fresh,2026-10-04T11:16:32Z
district,Sarawak,Belaga,sector.p5.value,1.268,RM billion (constant 2015 prices),2020-01-01,https://data.gov.my/data-catalogue/gdp_district_real_supply,fresh,2026-10-04T11:16:32Z
district,Sarawak,Belaga,sector.p5.share,69.54,%,2020-01-01,https://data.gov.my/data-catalogue/gdp_district_real_supply,fresh,2026-10-04T11:16:32Z
district,Sarawak,Belaga,sector.p1.value,0.551,RM billion (constant 2015 prices),2020-01-01,https://data.gov.my/data-catalogue/gdp_district_real_supply,fresh,2026-10-04T11:16:32Z
district,Sarawak,Belaga,sector.p1.share,30.21,%,2020-01-01,https://data.gov.my/data-catalogue/gdp_district_real_supply,fresh,2026-10-04T11:16:32Z
district,Sarawak,Belaga,sector.p3.value,0.0,RM billion (constant 2015 prices),2020-01-01,https://data.gov.my/data-catalogue/gdp_district_real_supply,fresh,2026-10-04T11:16:32Z
district,Sarawak,Belaga,sector.p3.share,0.0,%,2020-01-01,https://data.gov.my/data-catalogue/gdp_district_real_supply,fresh,2026-10-04T11:16:32Z
district,Sarawak,Beluru,incomeMean,4927.0,RM per household per month,2024-01-01,https://data.gov.my/data-catalogue/hies_district,fresh,2026-10-04T11:16:32Z
district,Sarawak,Beluru,incomeMedian,4346.0,RM per household per month,2024-01-01,https://data.gov.my/data-catalogue/hies_district,fresh,2026-10-04T11:16:32Z
district,Sarawak,Beluru,expenditureMean,2844.0,RM per household per month,2024-01-01,https://data.gov.my/data-catalogue/hies_district,fresh,2026-10-04T11:16:32Z
district,Sarawak,Beluru,incomeMinusExpenditure,1502.0,RM per household per month,2024-01-01,https://data.gov.my/data-catalogue/hies_district,fresh,2026-10-04T11:16:32Z
district,Sarawak,Beluru,incomeToExpenditureRatio,1.528,ratio,2024-01-01,https://data.gov.my/data-catalogue/hies_district,fresh,2026-10-04T11:16:32Z
district,Sarawak,Beluru,poverty,10.1,%,2024-01-01,https://data.gov.my/data-catalogue/hies_district,fresh,2026-10-04T11:16:32Z
district,Sarawak,Beluru,gini,0.238,coefficient,2024-01-01,https://data.gov.my/data-catalogue/hies_district,fresh,2026-10-04T11:16:32Z
district,Sarawak,Beluru,unemploymentRate,1.6,%,2024-01-01,https://data.gov.my/data-catalogue/lfs_district,fresh,2026-10-04T11:16:32Z
district,Sarawak,Beluru,participationRate,68.0,%,2024-01-01,https://data.gov.my/data-catalogue/lfs_district,fresh,2026-10-04T11:16:32Z
district,Sarawak,Beluru,employmentPopulationRatio,66.7,%,2024-01-01,https://data.gov.my/data-catalogue/lfs_district,fresh,2026-10-04T11:16:32Z
district,Sarawak,Beluru,labourForce,13.3,thousand persons,2024-01-01,https://data.gov.my/data-catalogue/lfs_district,fresh,2026-10-04T11:16:32Z
district,Sarawak,Beluru,realGdp,0.425,RM billion (constant 2015 prices),2020-01-01,https://data.gov.my/data-catalogue/gdp_district_real_supply,fresh,2026-10-04T11:16:32Z
district,Sarawak,Beluru,largestSector,Agriculture,sector,2020-01-01,https://data.gov.my/data-catalogue/gdp_district_real_supply,fresh,2026-10-04T11:16:32Z
district,Sarawak,Beluru,largestSectorShare,82.08,%,2020-01-01,https://data.gov.my/data-catalogue/gdp_district_real_supply,fresh,2026-10-04T11:16:32Z
district,Sarawak,Beluru,sector.p1.value,0.349,RM billion (constant 2015 prices),2020-01-01,https://data.gov.my/data-catalogue/gdp_district_real_supply,fresh,2026-10-04T11:16:32Z
district,Sarawak,Beluru,sector.p1.share,82.08,%,2020-01-01,https://data.gov.my/data-catalogue/gdp_district_real_supply,fresh,2026-10-04T11:16:32Z
district,Sarawak,Beluru,sector.p5.value,0.076,RM billion (constant 2015 prices),2020-01-01,https://data.gov.my/data-catalogue/gdp_district_real_supply,fresh,2026-10-04T11:16:32Z
district,Sarawak,Beluru,sector.p5.share,17.86,%,2020-01-01,https://data.gov.my/data-catalogue/gdp_district_real_supply,fresh,2026-10-04T11:16:32Z
district,Sarawak,Beluru,sector.p2.value,0.0,RM billion (constant 2015 prices),2020-01-01,https://data.gov.my/data-catalogue/gdp_district_real_supply,fresh,2026-10-04T11:16:32Z
district,Sarawak,Beluru,sector.p2.share,0.0,%,2020-01-01,https://data.gov.my/data-catalogue/gdp_district_real_supply,fresh,2026-10-04T11:16:32Z
district,Sarawak,Beluru,sector.p3.value,0.0,RM billion (constant 2015 prices),2020-01-01,https://data.gov.my/data-catalogue/gdp_district_real_supply,fresh,2026-10-04T11:16:32Z
district,Sarawak,Beluru,sector.p3.share,0.0,%,2020-01-01,https://data.gov.my/data-catalogue/gdp_district_real_supply,fresh,2026-10-04T11:16:32Z
district,Sarawak,Betong,incomeMean,4572.0,RM per household per month,2024-01-01,https://data.gov.my/data-catalogue/hies_district,fresh,2026-10-04T11:16:32Z
district,Sarawak,Betong,incomeMedian,4074.0,RM per household per month,2024-01-01,https://data.gov.my/data-catalogue/hies_district,fresh,2026-10-04T11:16:32Z
district,Sarawak,Betong,expenditureMean,2877.0,RM per household per month,2024-01-01,https://data.gov.my/data-catalogue/hies_district,fresh,2026-10-04T11:16:32Z
district,Sarawak,Betong,incomeMinusExpenditure,1197.0,RM per household per month,2024-01-01,https://data.gov.my/data-catalogue/hies_district,fresh,2026-10-04T11:16:32Z
district,Sarawak,Betong,incomeToExpenditureRatio,1.416,ratio,2024-01-01,https://data.gov.my/data-catalogue/hies_district,fresh,2026-10-04T11:16:32Z
district,Sarawak,Betong,poverty,7.6,%,2024-01-01,https://data.gov.my/data-catalogue/hies_district,fresh,2026-10-04T11:16:32Z
district,Sarawak,Betong,gini,0.269,coefficient,2024-01-01,https://data.gov.my/data-catalogue/hies_district,fresh,2026-10-04T11:16:32Z
district,Sarawak,Betong,unemploymentRate,1.9,%,2024-01-01,https://data.gov.my/data-catalogue/lfs_district,fresh,2026-10-04T11:16:32Z
district,Sarawak,Betong,participationRate,64.8,%,2024-01-01,https://data.gov.my/data-catalogue/lfs_district,fresh,2026-10-04T11:16:32Z
district,Sarawak,Betong,employmentPopulationRatio,63.7,%,2024-01-01,https://data.gov.my/data-catalogue/lfs_district,fresh,2026-10-04T11:16:32Z
district,Sarawak,Betong,labourForce,16.6,thousand persons,2024-01-01,https://data.gov.my/data-catalogue/lfs_district,fresh,2026-10-04T11:16:32Z
district,Sarawak,Betong,realGdp,0.774,RM billion (constant 2015 prices),2020-01-01,https://data.gov.my/data-catalogue/gdp_district_real_supply,fresh,2026-10-04T11:16:32Z
district,Sarawak,Betong,largestSector,Agriculture,sector,2020-01-01,https://data.gov.my/data-catalogue/gdp_district_real_supply,fresh,2026-10-04T11:16:32Z
district,Sarawak,Betong,largestSectorShare,39.37,%,2020-01-01,https://data.gov.my/data-catalogue/gdp_district_real_supply,fresh,2026-10-04T11:16:32Z
district,Sarawak,Betong,sector.p1.value,0.305,RM billion (constant 2015 prices),2020-01-01,https://data.gov.my/data-catalogue/gdp_district_real_supply,fresh,2026-10-04T11:16:32Z
district,Sarawak,Betong,sector.p1.share,39.37,%,2020-01-01,https://data.gov.my/data-catalogue/gdp_district_real_supply,fresh,2026-10-04T11:16:32Z
district,Sarawak,Betong,sector.p4.value,0.27,RM billion (constant 2015 prices),2020-01-01,https://data.gov.my/data-catalogue/gdp_district_real_supply,fresh,2026-10-04T11:16:32Z
district,Sarawak,Betong,sector.p4.share,34.89,%,2020-01-01,https://data.gov.my/data-catalogue/gdp_district_real_supply,fresh,2026-10-04T11:16:32Z
district,Sarawak,Betong,sector.p5.value,0.192,RM billion (constant 2015 prices),2020-01-01,https://data.gov.my/data-catalogue/gdp_district_real_supply,fresh,2026-10-04T11:16:32Z
district,Sarawak,Betong,sector.p5.share,24.87,%,2020-01-01,https://data.gov.my/data-catalogue/gdp_district_real_supply,fresh,2026-10-04T11:16:32Z
district,Sarawak,Bintulu,incomeMean,10480.0,RM per household per month,2024-01-01,https://data.gov.my/data-catalogue/hies_district,fresh,2026-10-04T11:16:32Z
district,Sarawak,Bintulu,incomeMedian,8317.0,RM per household per month,2024-01-01,https://data.gov.my/data-catalogue/hies_district,fresh,2026-10-04T11:16:32Z
district,Sarawak,Bintulu,expenditureMean,5073.0,RM per household per month,2024-01-01,https://data.gov.my/data-catalogue/hies_district,fresh,2026-10-04T11:16:32Z
district,Sarawak,Bintulu,incomeMinusExpenditure,3244.0,RM per household per month,2024-01-01,https://data.gov.my/data-catalogue/hies_district,fresh,2026-10-04T11:16:32Z
district,Sarawak,Bintulu,incomeToExpenditureRatio,1.639,ratio,2024-01-01,https://data.gov.my/data-catalogue/hies_district,fresh,2026-10-04T11:16:32Z
district,Sarawak,Bintulu,poverty,3.7,%,2024-01-01,https://data.gov.my/data-catalogue/hies_district,fresh,2026-10-04T11:16:32Z
district,Sarawak,Bintulu,gini,0.369,coefficient,2024-01-01,https://data.gov.my/data-catalogue/hies_district,fresh,2026-10-04T11:16:32Z
district,Sarawak,Bintulu,unemploymentRate,2.2,%,2024-01-01,https://data.gov.my/data-catalogue/lfs_district,fresh,2026-10-04T11:16:32Z
district,Sarawak,Bintulu,participationRate,74.8,%,2024-01-01,https://data.gov.my/data-catalogue/lfs_district,fresh,2026-10-04T11:16:32Z
district,Sarawak,Bintulu,employmentPopulationRatio,73.1,%,2024-01-01,https://data.gov.my/data-catalogue/lfs_district,fresh,2026-10-04T11:16:32Z
district,Sarawak,Bintulu,labourForce,105.0,thousand persons,2024-01-01,https://data.gov.my/data-catalogue/lfs_district,fresh,2026-10-04T11:16:32Z
district,Sarawak,Bintulu,realGdp,35.248,RM billion (constant 2015 prices),2020-01-01,https://data.gov.my/data-catalogue/gdp_district_real_supply,fresh,2026-10-04T11:16:32Z
district,Sarawak,Bintulu,largestSector,Manufacturing,sector,2020-01-01,https://data.gov.my/data-catalogue/gdp_district_real_supply,fresh,2026-10-04T11:16:32Z
district,Sarawak,Bintulu,largestSectorShare,77.84,%,2020-01-01,https://data.gov.my/data-catalogue/gdp_district_real_supply,fresh,2026-10-04T11:16:32Z
district,Sarawak,Bintulu,sector.p3.value,27.439,RM billion (constant 2015 prices),2020-01-01,https://data.gov.my/data-catalogue/gdp_district_real_supply,fresh,2026-10-04T11:16:32Z
district,Sarawak,Bintulu,sector.p3.share,77.84,%,2020-01-01,https://data.gov.my/data-catalogue/gdp_district_real_supply,fresh,2026-10-04T11:16:32Z
district,Sarawak,Bintulu,sector.p5.value,4.895,RM billion (constant 2015 prices),2020-01-01,https://data.gov.my/data-catalogue/gdp_district_real_supply,fresh,2026-10-04T11:16:32Z
district,Sarawak,Bintulu,sector.p5.share,13.89,%,2020-01-01,https://data.gov.my/data-catalogue/gdp_district_real_supply,fresh,2026-10-04T11:16:32Z
district,Sarawak,Bintulu,sector.p1.value,1.722,RM billion (constant 2015 prices),2020-01-01,https://data.gov.my/data-catalogue/gdp_district_real_supply,fresh,2026-10-04T11:16:32Z
district,Sarawak,Bintulu,sector.p1.share,4.89,%,2020-01-01,https://data.gov.my/data-catalogue/gdp_district_real_supply,fresh,2026-10-04T11:16:32Z
district,Sarawak,Bintulu,sector.p4.value,0.866,RM billion (constant 2015 prices),2020-01-01,https://data.gov.my/data-catalogue/gdp_district_real_supply,fresh,2026-10-04T11:16:32Z
district,Sarawak,Bintulu,sector.p4.share,2.46,%,2020-01-01,https://data.gov.my/data-catalogue/gdp_district_real_supply,fresh,2026-10-04T11:16:32Z
district,Sarawak,Bintulu,sector.p2.value,0.074,RM billion (constant 2015 prices),2020-01-01,https://data.gov.my/data-catalogue/gdp_district_real_supply,fresh,2026-10-04T11:16:32Z
district,Sarawak,Bintulu,sector.p2.share,0.21,%,2020-01-01,https://data.gov.my/data-catalogue/gdp_district_real_supply,fresh,2026-10-04T11:16:32Z
district,Sarawak,Bukit Mabong,incomeMean,3783.0,RM per household per month,2024-01-01,https://data.gov.my/data-catalogue/hies_district,fresh,2026-10-04T11:16:32Z
district,Sarawak,Bukit Mabong,incomeMedian,2589.0,RM per household per month,2024-01-01,https://data.gov.my/data-catalogue/hies_district,fresh,2026-10-04T11:16:32Z
district,Sarawak,Bukit Mabong,expenditureMean,3363.0,RM per household per month,2024-01-01,https://data.gov.my/data-catalogue/hies_district,fresh,2026-10-04T11:16:32Z
district,Sarawak,Bukit Mabong,incomeMinusExpenditure,-774.0,RM per household per month,2024-01-01,https://data.gov.my/data-catalogue/hies_district,fresh,2026-10-04T11:16:32Z
district,Sarawak,Bukit Mabong,incomeToExpenditureRatio,0.77,ratio,2024-01-01,https://data.gov.my/data-catalogue/hies_district,fresh,2026-10-04T11:16:32Z
district,Sarawak,Bukit Mabong,poverty,6.3,%,2024-01-01,https://data.gov.my/data-catalogue/hies_district,fresh,2026-10-04T11:16:32Z
district,Sarawak,Bukit Mabong,gini,0.333,coefficient,2024-01-01,https://data.gov.my/data-catalogue/hies_district,fresh,2026-10-04T11:16:32Z
district,Sarawak,Bukit Mabong,unemploymentRate,2.8,%,2024-01-01,https://data.gov.my/data-catalogue/lfs_district,fresh,2026-10-04T11:16:32Z
district,Sarawak,Bukit Mabong,participationRate,64.4,%,2024-01-01,https://data.gov.my/data-catalogue/lfs_district,fresh,2026-10-04T11:16:32Z
district,Sarawak,Bukit Mabong,employmentPopulationRatio,62.9,%,2024-01-01,https://data.gov.my/data-catalogue/lfs_district,fresh,2026-10-04T11:16:32Z
district,Sarawak,Bukit Mabong,labourForce,4.5,thousand persons,2024-01-01,https://data.gov.my/data-catalogue/lfs_district,fresh,2026-10-04T11:16:32Z
district,Sarawak,Bukit Mabong,realGdp,0.072,RM billion (constant 2015 prices),2020-01-01,https://data.gov.my/data-catalogue/gdp_district_real_supply,fresh,2026-10-04T11:16:32Z
district,Sarawak,Bukit Mabong,largestSector,Services,sector,2020-01-01,https://data.gov.my/data-catalogue/gdp_district_real_supply,fresh,2026-10-04T11:16:32Z
district,Sarawak,Bukit Mabong,largestSectorShare,75.83,%,2020-01-01,https://data.gov.my/data-catalogue/gdp_district_real_supply,fresh,2026-10-04T11:16:32Z
district,Sarawak,Bukit Mabong,sector.p5.value,0.054,RM billion (constant 2015 prices),2020-01-01,https://data.gov.my/data-catalogue/gdp_district_real_supply,fresh,2026-10-04T11:16:32Z
district,Sarawak,Bukit Mabong,sector.p5.share,75.83,%,2020-01-01,https://data.gov.my/data-catalogue/gdp_district_real_supply,fresh,2026-10-04T11:16:32Z
district,Sarawak,Bukit Mabong,sector.p1.value,0.017,RM billion (constant 2015 prices),2020-01-01,https://data.gov.my/data-catalogue/gdp_district_real_supply,fresh,2026-10-04T11:16:32Z
district,Sarawak,Bukit Mabong,sector.p1.share,23.94,%,2020-01-01,https://data.gov.my/data-catalogue/gdp_district_real_supply,fresh,2026-10-04T11:16:32Z
district,Sarawak,Bukit Mabong,sector.p2.value,0.0,RM billion (constant 2015 prices),2020-01-01,https://data.gov.my/data-catalogue/gdp_district_real_supply,fresh,2026-10-04T11:16:32Z
district,Sarawak,Bukit Mabong,sector.p2.share,0.0,%,2020-01-01,https://data.gov.my/data-catalogue/gdp_district_real_supply,fresh,2026-10-04T11:16:32Z
district,Sarawak,Bukit Mabong,sector.p3.value,0.0,RM billion (constant 2015 prices),2020-01-01,https://data.gov.my/data-catalogue/gdp_district_real_supply,fresh,2026-10-04T11:16:32Z
district,Sarawak,Bukit Mabong,sector.p3.share,0.0,%,2020-01-01,https://data.gov.my/data-catalogue/gdp_district_real_supply,fresh,2026-10-04T11:16:32Z
district,Sarawak,Dalat,incomeMean,5416.0,RM per household per month,2024-01-01,https://data.gov.my/data-catalogue/hies_district,fresh,2026-10-04T11:16:32Z
district,Sarawak,Dalat,incomeMedian,4614.0,RM per household per month,2024-01-01,https://data.gov.my/data-catalogue/hies_district,fresh,2026-10-04T11:16:32Z
district,Sarawak,Dalat,expenditureMean,3079.0,RM per household per month,2024-01-01,https://data.gov.my/data-catalogue/hies_district,fresh,2026-10-04T11:16:32Z
district,Sarawak,Dalat,incomeMinusExpenditure,1535.0,RM per household per month,2024-01-01,https://data.gov.my/data-catalogue/hies_district,fresh,2026-10-04T11:16:32Z
district,Sarawak,Dalat,incomeToExpenditureRatio,1.499,ratio,2024-01-01,https://data.gov.my/data-catalogue/hies_district,fresh,2026-10-04T11:16:32Z
district,Sarawak,Dalat,poverty,10.1,%,2024-01-01,https://data.gov.my/data-catalogue/hies_district,fresh,2026-10-04T11:16:32Z
district,Sarawak,Dalat,gini,0.355,coefficient,2024-01-01,https://data.gov.my/data-catalogue/hies_district,fresh,2026-10-04T11:16:32Z
district,Sarawak,Dalat,unemploymentRate,2.3,%,2024-01-01,https://data.gov.my/data-catalogue/lfs_district,fresh,2026-10-04T11:16:32Z
district,Sarawak,Dalat,participationRate,65.9,%,2024-01-01,https://data.gov.my/data-catalogue/lfs_district,fresh,2026-10-04T11:16:32Z
district,Sarawak,Dalat,employmentPopulationRatio,64.4,%,2024-01-01,https://data.gov.my/data-catalogue/lfs_district,fresh,2026-10-04T11:16:32Z
district,Sarawak,Dalat,labourForce,9.8,thousand persons,2024-01-01,https://data.gov.my/data-catalogue/lfs_district,fresh,2026-10-04T11:16:32Z
district,Sarawak,Dalat,realGdp,0.37,RM billion (constant 2015 prices),2020-01-01,https://data.gov.my/data-catalogue/gdp_district_real_supply,fresh,2026-10-04T11:16:32Z
district,Sarawak,Dalat,largestSector,Agriculture,sector,2020-01-01,https://data.gov.my/data-catalogue/gdp_district_real_supply,fresh,2026-10-04T11:16:32Z
district,Sarawak,Dalat,largestSectorShare,79.71,%,2020-01-01,https://data.gov.my/data-catalogue/gdp_district_real_supply,fresh,2026-10-04T11:16:32Z
district,Sarawak,Dalat,sector.p1.value,0.295,RM billion (constant 2015 prices),2020-01-01,https://data.gov.my/data-catalogue/gdp_district_real_supply,fresh,2026-10-04T11:16:32Z
district,Sarawak,Dalat,sector.p1.share,79.71,%,2020-01-01,https://data.gov.my/data-catalogue/gdp_district_real_supply,fresh,2026-10-04T11:16:32Z
district,Sarawak,Dalat,sector.p5.value,0.072,RM billion (constant 2015 prices),2020-01-01,https://data.gov.my/data-catalogue/gdp_district_real_supply,fresh,2026-10-04T11:16:32Z
district,Sarawak,Dalat,sector.p5.share,19.39,%,2020-01-01,https://data.gov.my/data-catalogue/gdp_district_real_supply,fresh,2026-10-04T11:16:32Z
district,Sarawak,Dalat,sector.p2.value,0.0,RM billion (constant 2015 prices),2020-01-01,https://data.gov.my/data-catalogue/gdp_district_real_supply,fresh,2026-10-04T11:16:32Z
district,Sarawak,Dalat,sector.p2.share,0.0,%,2020-01-01,https://data.gov.my/data-catalogue/gdp_district_real_supply,fresh,2026-10-04T11:16:32Z
district,Sarawak,Daro,incomeMean,4913.0,RM per household per month,2024-01-01,https://data.gov.my/data-catalogue/hies_district,fresh,2026-10-04T11:16:32Z
district,Sarawak,Daro,incomeMedian,3806.0,RM per household per month,2024-01-01,https://data.gov.my/data-catalogue/hies_district,fresh,2026-10-04T11:16:32Z
district,Sarawak,Daro,expenditureMean,3076.0,RM per household per month,2024-01-01,https://data.gov.my/data-catalogue/hies_district,fresh,2026-10-04T11:16:32Z
district,Sarawak,Daro,incomeMinusExpenditure,730.0,RM per household per month,2024-01-01,https://data.gov.my/data-catalogue/hies_district,fresh,2026-10-04T11:16:32Z
district,Sarawak,Daro,incomeToExpenditureRatio,1.237,ratio,2024-01-01,https://data.gov.my/data-catalogue/hies_district,fresh,2026-10-04T11:16:32Z
district,Sarawak,Daro,poverty,26.8,%,2024-01-01,https://data.gov.my/data-catalogue/hies_district,fresh,2026-10-04T11:16:32Z
district,Sarawak,Daro,gini,0.326,coefficient,2024-01-01,https://data.gov.my/data-catalogue/hies_district,fresh,2026-10-04T11:16:32Z
district,Sarawak,Daro,unemploymentRate,3.8,%,2024-01-01,https://data.gov.my/data-catalogue/lfs_district,fresh,2026-10-04T11:16:32Z
district,Sarawak,Daro,participationRate,67.6,%,2024-01-01,https://data.gov.my/data-catalogue/lfs_district,fresh,2026-10-04T11:16:32Z
district,Sarawak,Daro,employmentPopulationRatio,65.4,%,2024-01-01,https://data.gov.my/data-catalogue/lfs_district,fresh,2026-10-04T11:16:32Z
district,Sarawak,Daro,labourForce,9.2,thousand persons,2024-01-01,https://data.gov.my/data-catalogue/lfs_district,fresh,2026-10-04T11:16:32Z
district,Sarawak,Daro,realGdp,0.47,RM billion (constant 2015 prices),2020-01-01,https://data.gov.my/data-catalogue/gdp_district_real_supply,fresh,2026-10-04T11:16:32Z
district,Sarawak,Daro,largestSector,Agriculture,sector,2020-01-01,https://data.gov.my/data-catalogue/gdp_district_real_supply,fresh,2026-10-04T11:16:32Z
district,Sarawak,Daro,largestSectorShare,67.8,%,2020-01-01,https://data.gov.my/data-catalogue/gdp_district_real_supply,fresh,2026-10-04T11:16:32Z
district,Sarawak,Daro,sector.p1.value,0.319,RM billion (constant 2015 prices),2020-01-01,https://data.gov.my/data-catalogue/gdp_district_real_supply,fresh,2026-10-04T11:16:32Z
district,Sarawak,Daro,sector.p1.share,67.8,%,2020-01-01,https://data.gov.my/data-catalogue/gdp_district_real_supply,fresh,2026-10-04T11:16:32Z
district,Sarawak,Daro,sector.p5.value,0.108,RM billion (constant 2015 prices),2020-01-01,https://data.gov.my/data-catalogue/gdp_district_real_supply,fresh,2026-10-04T11:16:32Z
district,Sarawak,Daro,sector.p5.share,22.98,%,2020-01-01,https://data.gov.my/data-catalogue/gdp_district_real_supply,fresh,2026-10-04T11:16:32Z
district,Sarawak,Daro,sector.p4.value,0.025,RM billion (constant 2015 prices),2020-01-01,https://data.gov.my/data-catalogue/gdp_district_real_supply,fresh,2026-10-04T11:16:32Z
district,Sarawak,Daro,sector.p4.share,5.29,%,2020-01-01,https://data.gov.my/data-catalogue/gdp_district_real_supply,fresh,2026-10-04T11:16:32Z
district,Sarawak,Daro,sector.p3.value,0.018,RM billion (constant 2015 prices),2020-01-01,https://data.gov.my/data-catalogue/gdp_district_real_supply,fresh,2026-10-04T11:16:32Z
district,Sarawak,Daro,sector.p3.share,3.84,%,2020-01-01,https://data.gov.my/data-catalogue/gdp_district_real_supply,fresh,2026-10-04T11:16:32Z
district,Sarawak,Daro,sector.p2.value,0.0,RM billion (constant 2015 prices),2020-01-01,https://data.gov.my/data-catalogue/gdp_district_real_supply,fresh,2026-10-04T11:16:32Z
district,Sarawak,Daro,sector.p2.share,0.0,%,2020-01-01,https://data.gov.my/data-catalogue/gdp_district_real_supply,fresh,2026-10-04T11:16:32Z
district,Sarawak,Gedong,incomeMean,5013.0,RM per household per month,2024-01-01,https://data.gov.my/data-catalogue/hies_district,fresh,2026-10-04T11:16:32Z
district,Sarawak,Gedong,incomeMedian,3329.0,RM per household per month,2024-01-01,https://data.gov.my/data-catalogue/hies_district,fresh,2026-10-04T11:16:32Z
district,Sarawak,Gedong,expenditureMean,2950.0,RM per household per month,2024-01-01,https://data.gov.my/data-catalogue/hies_district,fresh,2026-10-04T11:16:32Z
district,Sarawak,Gedong,incomeMinusExpenditure,379.0,RM per household per month,2024-01-01,https://data.gov.my/data-catalogue/hies_district,fresh,2026-10-04T11:16:32Z
district,Sarawak,Gedong,incomeToExpenditureRatio,1.128,ratio,2024-01-01,https://data.gov.my/data-catalogue/hies_district,fresh,2026-10-04T11:16:32Z
district,Sarawak,Gedong,poverty,16.7,%,2024-01-01,https://data.gov.my/data-catalogue/hies_district,fresh,2026-10-04T11:16:32Z
district,Sarawak,Gedong,gini,0.392,coefficient,2024-01-01,https://data.gov.my/data-catalogue/hies_district,fresh,2026-10-04T11:16:32Z
district,Sarawak,Julau,incomeMean,4363.0,RM per household per month,2024-01-01,https://data.gov.my/data-catalogue/hies_district,fresh,2026-10-04T11:16:32Z
district,Sarawak,Julau,incomeMedian,3264.0,RM per household per month,2024-01-01,https://data.gov.my/data-catalogue/hies_district,fresh,2026-10-04T11:16:32Z
district,Sarawak,Julau,expenditureMean,3401.0,RM per household per month,2024-01-01,https://data.gov.my/data-catalogue/hies_district,fresh,2026-10-04T11:16:32Z
district,Sarawak,Julau,incomeMinusExpenditure,-137.0,RM per household per month,2024-01-01,https://data.gov.my/data-catalogue/hies_district,fresh,2026-10-04T11:16:32Z
district,Sarawak,Julau,incomeToExpenditureRatio,0.96,ratio,2024-01-01,https://data.gov.my/data-catalogue/hies_district,fresh,2026-10-04T11:16:32Z
district,Sarawak,Julau,poverty,26.6,%,2024-01-01,https://data.gov.my/data-catalogue/hies_district,fresh,2026-10-04T11:16:32Z
district,Sarawak,Julau,gini,0.36,coefficient,2024-01-01,https://data.gov.my/data-catalogue/hies_district,fresh,2026-10-04T11:16:32Z
district,Sarawak,Julau,unemploymentRate,3.0,%,2024-01-01,https://data.gov.my/data-catalogue/lfs_district,fresh,2026-10-04T11:16:32Z
district,Sarawak,Julau,participationRate,63.3,%,2024-01-01,https://data.gov.my/data-catalogue/lfs_district,fresh,2026-10-04T11:16:32Z
district,Sarawak,Julau,employmentPopulationRatio,61.3,%,2024-01-01,https://data.gov.my/data-catalogue/lfs_district,fresh,2026-10-04T11:16:32Z
district,Sarawak,Julau,labourForce,6.7,thousand persons,2024-01-01,https://data.gov.my/data-catalogue/lfs_district,fresh,2026-10-04T11:16:32Z
district,Sarawak,Julau,realGdp,0.116,RM billion (constant 2015 prices),2020-01-01,https://data.gov.my/data-catalogue/gdp_district_real_supply,fresh,2026-10-04T11:16:32Z
district,Sarawak,Julau,largestSector,Agriculture,sector,2020-01-01,https://data.gov.my/data-catalogue/gdp_district_real_supply,fresh,2026-10-04T11:16:32Z
district,Sarawak,Julau,largestSectorShare,50.84,%,2020-01-01,https://data.gov.my/data-catalogue/gdp_district_real_supply,fresh,2026-10-04T11:16:32Z
district,Sarawak,Julau,sector.p1.value,0.059,RM billion (constant 2015 prices),2020-01-01,https://data.gov.my/data-catalogue/gdp_district_real_supply,fresh,2026-10-04T11:16:32Z
district,Sarawak,Julau,sector.p1.share,50.84,%,2020-01-01,https://data.gov.my/data-catalogue/gdp_district_real_supply,fresh,2026-10-04T11:16:32Z
district,Sarawak,Julau,sector.p5.value,0.055,RM billion (constant 2015 prices),2020-01-01,https://data.gov.my/data-catalogue/gdp_district_real_supply,fresh,2026-10-04T11:16:32Z
district,Sarawak,Julau,sector.p5.share,47.53,%,2020-01-01,https://data.gov.my/data-catalogue/gdp_district_real_supply,fresh,2026-10-04T11:16:32Z
district,Sarawak,Julau,sector.p2.value,0.0,RM billion (constant 2015 prices),2020-01-01,https://data.gov.my/data-catalogue/gdp_district_real_supply,fresh,2026-10-04T11:16:32Z
district,Sarawak,Julau,sector.p2.share,0.0,%,2020-01-01,https://data.gov.my/data-catalogue/gdp_district_real_supply,fresh,2026-10-04T11:16:32Z
district,Sarawak,Kabong,incomeMean,4136.0,RM per household per month,2024-01-01,https://data.gov.my/data-catalogue/hies_district,fresh,2026-10-04T11:16:32Z
district,Sarawak,Kabong,incomeMedian,3407.0,RM per household per month,2024-01-01,https://data.gov.my/data-catalogue/hies_district,fresh,2026-10-04T11:16:32Z
district,Sarawak,Kabong,expenditureMean,3225.0,RM per household per month,2024-01-01,https://data.gov.my/data-catalogue/hies_district,fresh,2026-10-04T11:16:32Z
district,Sarawak,Kabong,incomeMinusExpenditure,182.0,RM per household per month,2024-01-01,https://data.gov.my/data-catalogue/hies_district,fresh,2026-10-04T11:16:32Z
district,Sarawak,Kabong,incomeToExpenditureRatio,1.056,ratio,2024-01-01,https://data.gov.my/data-catalogue/hies_district,fresh,2026-10-04T11:16:32Z
district,Sarawak,Kabong,poverty,4.5,%,2024-01-01,https://data.gov.my/data-catalogue/hies_district,fresh,2026-10-04T11:16:32Z
district,Sarawak,Kabong,gini,0.289,coefficient,2024-01-01,https://data.gov.my/data-catalogue/hies_district,fresh,2026-10-04T11:16:32Z
district,Sarawak,Kabong,unemploymentRate,2.0,%,2024-01-01,https://data.gov.my/data-catalogue/lfs_district,fresh,2026-10-04T11:16:32Z
district,Sarawak,Kabong,participationRate,64.2,%,2024-01-01,https://data.gov.my/data-catalogue/lfs_district,fresh,2026-10-04T11:16:32Z
district,Sarawak,Kabong,employmentPopulationRatio,63.0,%,2024-01-01,https://data.gov.my/data-catalogue/lfs_district,fresh,2026-10-04T11:16:32Z
district,Sarawak,Kabong,labourForce,8.2,thousand persons,2024-01-01,https://data.gov.my/data-catalogue/lfs_district,fresh,2026-10-04T11:16:32Z
district,Sarawak,Kabong,realGdp,0.059,RM billion (constant 2015 prices),2020-01-01,https://data.gov.my/data-catalogue/gdp_district_real_supply,fresh,2026-10-04T11:16:32Z
district,Sarawak,Kabong,largestSector,Services,sector,2020-01-01,https://data.gov.my/data-catalogue/gdp_district_real_supply,fresh,2026-10-04T11:16:32Z
district,Sarawak,Kabong,largestSectorShare,84.94,%,2020-01-01,https://data.gov.my/data-catalogue/gdp_district_real_supply,fresh,2026-10-04T11:16:32Z
district,Sarawak,Kabong,sector.p5.value,0.051,RM billion (constant 2015 prices),2020-01-01,https://data.gov.my/data-catalogue/gdp_district_real_supply,fresh,2026-10-04T11:16:32Z
district,Sarawak,Kabong,sector.p5.share,84.94,%,2020-01-01,https://data.gov.my/data-catalogue/gdp_district_real_supply,fresh,2026-10-04T11:16:32Z
district,Sarawak,Kabong,sector.p1.value,0.008,RM billion (constant 2015 prices),2020-01-01,https://data.gov.my/data-catalogue/gdp_district_real_supply,fresh,2026-10-04T11:16:32Z
district,Sarawak,Kabong,sector.p1.share,13.77,%,2020-01-01,https://data.gov.my/data-catalogue/gdp_district_real_supply,fresh,2026-10-04T11:16:32Z
district,Sarawak,Kabong,sector.p2.value,0.0,RM billion (constant 2015 prices),2020-01-01,https://data.gov.my/data-catalogue/gdp_district_real_supply,fresh,2026-10-04T11:16:32Z
district,Sarawak,Kabong,sector.p2.share,0.0,%,2020-01-01,https://data.gov.my/data-catalogue/gdp_district_real_supply,fresh,2026-10-04T11:16:32Z
district,Sarawak,Kanowit,incomeMean,4549.0,RM per household per month,2024-01-01,https://data.gov.my/data-catalogue/hies_district,fresh,2026-10-04T11:16:32Z
district,Sarawak,Kanowit,incomeMedian,3511.0,RM per household per month,2024-01-01,https://data.gov.my/data-catalogue/hies_district,fresh,2026-10-04T11:16:32Z
district,Sarawak,Kanowit,expenditureMean,3240.0,RM per household per month,2024-01-01,https://data.gov.my/data-catalogue/hies_district,fresh,2026-10-04T11:16:32Z
district,Sarawak,Kanowit,incomeMinusExpenditure,271.0,RM per household per month,2024-01-01,https://data.gov.my/data-catalogue/hies_district,fresh,2026-10-04T11:16:32Z
district,Sarawak,Kanowit,incomeToExpenditureRatio,1.084,ratio,2024-01-01,https://data.gov.my/data-catalogue/hies_district,fresh,2026-10-04T11:16:32Z
district,Sarawak,Kanowit,poverty,21.8,%,2024-01-01,https://data.gov.my/data-catalogue/hies_district,fresh,2026-10-04T11:16:32Z
district,Sarawak,Kanowit,gini,0.343,coefficient,2024-01-01,https://data.gov.my/data-catalogue/hies_district,fresh,2026-10-04T11:16:32Z
district,Sarawak,Kanowit,unemploymentRate,5.3,%,2024-01-01,https://data.gov.my/data-catalogue/lfs_district,fresh,2026-10-04T11:16:32Z
district,Sarawak,Kanowit,participationRate,64.3,%,2024-01-01,https://data.gov.my/data-catalogue/lfs_district,fresh,2026-10-04T11:16:32Z
district,Sarawak,Kanowit,employmentPopulationRatio,60.6,%,2024-01-01,https://data.gov.my/data-catalogue/lfs_district,fresh,2026-10-04T11:16:32Z
district,Sarawak,Kanowit,labourForce,10.6,thousand persons,2024-01-01,https://data.gov.my/data-catalogue/lfs_district,fresh,2026-10-04T11:16:32Z
district,Sarawak,Kanowit,realGdp,0.388,RM billion (constant 2015 prices),2020-01-01,https://data.gov.my/data-catalogue/gdp_district_real_supply,fresh,2026-10-04T11:16:32Z
district,Sarawak,Kanowit,largestSector,Agriculture,sector,2020-01-01,https://data.gov.my/data-catalogue/gdp_district_real_supply,fresh,2026-10-04T11:16:32Z
district,Sarawak,Kanowit,largestSectorShare,56.6,%,2020-01-01,https://data.gov.my/data-catalogue/gdp_district_real_supply,fresh,2026-10-04T11:16:32Z
district,Sarawak,Kanowit,sector.p1.value,0.219,RM billion (constant 2015 prices),2020-01-01,https://data.gov.my/data-catalogue/gdp_district_real_supply,fresh,2026-10-04T11:16:32Z
district,Sarawak,Kanowit,sector.p1.share,56.6,%,2020-01-01,https://data.gov.my/data-catalogue/gdp_district_real_supply,fresh,2026-10-04T11:16:32Z
district,Sarawak,Kanowit,sector.p5.value,0.106,RM billion (constant 2015 prices),2020-01-01,https://data.gov.my/data-catalogue/gdp_district_real_supply,fresh,2026-10-04T11:16:32Z
district,Sarawak,Kanowit,sector.p5.share,27.24,%,2020-01-01,https://data.gov.my/data-catalogue/gdp_district_real_supply,fresh,2026-10-04T11:16:32Z
district,Sarawak,Kanowit,sector.p4.value,0.054,RM billion (constant 2015 prices),2020-01-01,https://data.gov.my/data-catalogue/gdp_district_real_supply,fresh,2026-10-04T11:16:32Z
district,Sarawak,Kanowit,sector.p4.share,14.02,%,2020-01-01,https://data.gov.my/data-catalogue/gdp_district_real_supply,fresh,2026-10-04T11:16:32Z
district,Sarawak,Kanowit,sector.p3.value,0.008,RM billion (constant 2015 prices),2020-01-01,https://data.gov.my/data-catalogue/gdp_district_real_supply,fresh,2026-10-04T11:16:32Z
district,Sarawak,Kanowit,sector.p3.share,2.1,%,2020-01-01,https://data.gov.my/data-catalogue/gdp_district_real_supply,fresh,2026-10-04T11:16:32Z
district,Sarawak,Kanowit,sector.p2.value,0.0,RM billion (constant 2015 prices),2020-01-01,https://data.gov.my/data-catalogue/gdp_district_real_supply,fresh,2026-10-04T11:16:32Z
district,Sarawak,Kanowit,sector.p2.share,0.0,%,2020-01-01,https://data.gov.my/data-catalogue/gdp_district_real_supply,fresh,2026-10-04T11:16:32Z
district,Sarawak,Kapit,incomeMean,4326.0,RM per household per month,2024-01-01,https://data.gov.my/data-catalogue/hies_district,fresh,2026-10-04T11:16:32Z
district,Sarawak,Kapit,incomeMedian,3259.0,RM per household per month,2024-01-01,https://data.gov.my/data-catalogue/hies_district,fresh,2026-10-04T11:16:32Z
district,Sarawak,Kapit,expenditureMean,3683.0,RM per household per month,2024-01-01,https://data.gov.my/data-catalogue/hies_district,fresh,2026-10-04T11:16:32Z
district,Sarawak,Kapit,incomeMinusExpenditure,-424.0,RM per household per month,2024-01-01,https://data.gov.my/data-catalogue/hies_district,fresh,2026-10-04T11:16:32Z
district,Sarawak,Kapit,incomeToExpenditureRatio,0.885,ratio,2024-01-01,https://data.gov.my/data-catalogue/hies_district,fresh,2026-10-04T11:16:32Z
district,Sarawak,Kapit,poverty,15.5,%,2024-01-01,https://data.gov.my/data-catalogue/hies_district,fresh,2026-10-04T11:16:32Z
district,Sarawak,Kapit,gini,0.346,coefficient,2024-01-01,https://data.gov.my/data-catalogue/hies_district,fresh,2026-10-04T11:16:32Z
district,Sarawak,Kapit,unemploymentRate,4.2,%,2024-01-01,https://data.gov.my/data-catalogue/lfs_district,fresh,2026-10-04T11:16:32Z
district,Sarawak,Kapit,participationRate,65.8,%,2024-01-01,https://data.gov.my/data-catalogue/lfs_district,fresh,2026-10-04T11:16:32Z
district,Sarawak,Kapit,employmentPopulationRatio,63.2,%,2024-01-01,https://data.gov.my/data-catalogue/lfs_district,fresh,2026-10-04T11:16:32Z
district,Sarawak,Kapit,labourForce,16.7,thousand persons,2024-01-01,https://data.gov.my/data-catalogue/lfs_district,fresh,2026-10-04T11:16:32Z
district,Sarawak,Kapit,realGdp,1.596,RM billion (constant 2015 prices),2020-01-01,https://data.gov.my/data-catalogue/gdp_district_real_supply,fresh,2026-10-04T11:16:32Z
district,Sarawak,Kapit,largestSector,Agriculture,sector,2020-01-01,https://data.gov.my/data-catalogue/gdp_district_real_supply,fresh,2026-10-04T11:16:32Z
district,Sarawak,Kapit,largestSectorShare,76.27,%,2020-01-01,https://data.gov.my/data-catalogue/gdp_district_real_supply,fresh,2026-10-04T11:16:32Z
district,Sarawak,Kapit,sector.p1.value,1.217,RM billion (constant 2015 prices),2020-01-01,https://data.gov.my/data-catalogue/gdp_district_real_supply,fresh,2026-10-04T11:16:32Z
district,Sarawak,Kapit,sector.p1.share,76.27,%,2020-01-01,https://data.gov.my/data-catalogue/gdp_district_real_supply,fresh,2026-10-04T11:16:32Z
district,Sarawak,Kapit,sector.p5.value,0.183,RM billion (constant 2015 prices),2020-01-01,https://data.gov.my/data-catalogue/gdp_district_real_supply,fresh,2026-10-04T11:16:32Z
district,Sarawak,Kapit,sector.p5.share,11.48,%,2020-01-01,https://data.gov.my/data-catalogue/gdp_district_real_supply,fresh,2026-10-04T11:16:32Z
district,Sarawak,Kapit,sector.p4.value,0.131,RM billion (constant 2015 prices),2020-01-01,https://data.gov.my/data-catalogue/gdp_district_real_supply,fresh,2026-10-04T11:16:32Z
district,Sarawak,Kapit,sector.p4.share,8.19,%,2020-01-01,https://data.gov.my/data-catalogue/gdp_district_real_supply,fresh,2026-10-04T11:16:32Z
district,Sarawak,Kapit,sector.p3.value,0.034,RM billion (constant 2015 prices),2020-01-01,https://data.gov.my/data-catalogue/gdp_district_real_supply,fresh,2026-10-04T11:16:32Z
district,Sarawak,Kapit,sector.p3.share,2.12,%,2020-01-01,https://data.gov.my/data-catalogue/gdp_district_real_supply,fresh,2026-10-04T11:16:32Z
district,Sarawak,Kapit,sector.p2.value,0.03,RM billion (constant 2015 prices),2020-01-01,https://data.gov.my/data-catalogue/gdp_district_real_supply,fresh,2026-10-04T11:16:32Z
district,Sarawak,Kapit,sector.p2.share,1.9,%,2020-01-01,https://data.gov.my/data-catalogue/gdp_district_real_supply,fresh,2026-10-04T11:16:32Z
district,Sarawak,Kuching,incomeMean,8237.0,RM per household per month,2024-01-01,https://data.gov.my/data-catalogue/hies_district,fresh,2026-10-04T11:16:32Z
district,Sarawak,Kuching,incomeMedian,6741.0,RM per household per month,2024-01-01,https://data.gov.my/data-catalogue/hies_district,fresh,2026-10-04T11:16:32Z
district,Sarawak,Kuching,expenditureMean,5184.0,RM per household per month,2024-01-01,https://data.gov.my/data-catalogue/hies_district,fresh,2026-10-04T11:16:32Z
district,Sarawak,Kuching,incomeMinusExpenditure,1557.0,RM per household per month,2024-01-01,https://data.gov.my/data-catalogue/hies_district,fresh,2026-10-04T11:16:32Z
district,Sarawak,Kuching,incomeToExpenditureRatio,1.3,ratio,2024-01-01,https://data.gov.my/data-catalogue/hies_district,fresh,2026-10-04T11:16:32Z
district,Sarawak,Kuching,poverty,7.7,%,2024-01-01,https://data.gov.my/data-catalogue/hies_district,fresh,2026-10-04T11:16:32Z
district,Sarawak,Kuching,gini,0.349,coefficient,2024-01-01,https://data.gov.my/data-catalogue/hies_district,fresh,2026-10-04T11:16:32Z
district,Sarawak,Kuching,unemploymentRate,2.8,%,2024-01-01,https://data.gov.my/data-catalogue/lfs_district,fresh,2026-10-04T11:16:32Z
district,Sarawak,Kuching,participationRate,72.3,%,2024-01-01,https://data.gov.my/data-catalogue/lfs_district,fresh,2026-10-04T11:16:32Z
district,Sarawak,Kuching,employmentPopulationRatio,70.2,%,2024-01-01,https://data.gov.my/data-catalogue/lfs_district,fresh,2026-10-04T11:16:32Z
district,Sarawak,Kuching,labourForce,319.5,thousand persons,2024-01-01,https://data.gov.my/data-catalogue/lfs_district,fresh,2026-10-04T11:16:32Z
district,Sarawak,Kuching,realGdp,26.459,RM billion (constant 2015 prices),2020-01-01,https://data.gov.my/data-catalogue/gdp_district_real_supply,fresh,2026-10-04T11:16:32Z
district,Sarawak,Kuching,largestSector,Services,sector,2020-01-01,https://data.gov.my/data-catalogue/gdp_district_real_supply,fresh,2026-10-04T11:16:32Z
district,Sarawak,Kuching,largestSectorShare,77.21,%,2020-01-01,https://data.gov.my/data-catalogue/gdp_district_real_supply,fresh,2026-10-04T11:16:32Z
district,Sarawak,Kuching,sector.p5.value,20.429,RM billion (constant 2015 prices),2020-01-01,https://data.gov.my/data-catalogue/gdp_district_real_supply,fresh,2026-10-04T11:16:32Z
district,Sarawak,Kuching,sector.p5.share,77.21,%,2020-01-01,https://data.gov.my/data-catalogue/gdp_district_real_supply,fresh,2026-10-04T11:16:32Z
district,Sarawak,Kuching,sector.p3.value,3.25,RM billion (constant 2015 prices),2020-01-01,https://data.gov.my/data-catalogue/gdp_district_real_supply,fresh,2026-10-04T11:16:32Z
district,Sarawak,Kuching,sector.p3.share,12.28,%,2020-01-01,https://data.gov.my/data-catalogue/gdp_district_real_supply,fresh,2026-10-04T11:16:32Z
district,Sarawak,Kuching,sector.p4.value,1.175,RM billion (constant 2015 prices),2020-01-01,https://data.gov.my/data-catalogue/gdp_district_real_supply,fresh,2026-10-04T11:16:32Z
district,Sarawak,Kuching,sector.p4.share,4.44,%,2020-01-01,https://data.gov.my/data-catalogue/gdp_district_real_supply,fresh,2026-10-04T11:16:32Z
district,Sarawak,Kuching,sector.p1.value,1.028,RM billion (constant 2015 prices),2020-01-01,https://data.gov.my/data-catalogue/gdp_district_real_supply,fresh,2026-10-04T11:16:32Z
district,Sarawak,Kuching,sector.p1.share,3.89,%,2020-01-01,https://data.gov.my/data-catalogue/gdp_district_real_supply,fresh,2026-10-04T11:16:32Z
district,Sarawak,Kuching,sector.p2.value,0.5,RM billion (constant 2015 prices),2020-01-01,https://data.gov.my/data-catalogue/gdp_district_real_supply,fresh,2026-10-04T11:16:32Z
district,Sarawak,Kuching,sector.p2.share,1.89,%,2020-01-01,https://data.gov.my/data-catalogue/gdp_district_real_supply,fresh,2026-10-04T11:16:32Z
district,Sarawak,Lawas,incomeMean,5050.0,RM per household per month,2024-01-01,https://data.gov.my/data-catalogue/hies_district,fresh,2026-10-04T11:16:32Z
district,Sarawak,Lawas,incomeMedian,3929.0,RM per household per month,2024-01-01,https://data.gov.my/data-catalogue/hies_district,fresh,2026-10-04T11:16:32Z
district,Sarawak,Lawas,expenditureMean,3241.0,RM per household per month,2024-01-01,https://data.gov.my/data-catalogue/hies_district,fresh,2026-10-04T11:16:32Z
district,Sarawak,Lawas,incomeMinusExpenditure,688.0,RM per household per month,2024-01-01,https://data.gov.my/data-catalogue/hies_district,fresh,2026-10-04T11:16:32Z
district,Sarawak,Lawas,incomeToExpenditureRatio,1.212,ratio,2024-01-01,https://data.gov.my/data-catalogue/hies_district,fresh,2026-10-04T11:16:32Z
district,Sarawak,Lawas,poverty,14.6,%,2024-01-01,https://data.gov.my/data-catalogue/hies_district,fresh,2026-10-04T11:16:32Z
district,Sarawak,Lawas,gini,0.35,coefficient,2024-01-01,https://data.gov.my/data-catalogue/hies_district,fresh,2026-10-04T11:16:32Z
district,Sarawak,Lawas,unemploymentRate,4.6,%,2024-01-01,https://data.gov.my/data-catalogue/lfs_district,fresh,2026-10-04T11:16:32Z
district,Sarawak,Lawas,participationRate,64.6,%,2024-01-01,https://data.gov.my/data-catalogue/lfs_district,fresh,2026-10-04T11:16:32Z
district,Sarawak,Lawas,employmentPopulationRatio,61.9,%,2024-01-01,https://data.gov.my/data-catalogue/lfs_district,fresh,2026-10-04T11:16:32Z
district,Sarawak,Lawas,labourForce,16.3,thousand persons,2024-01-01,https://data.gov.my/data-catalogue/lfs_district,fresh,2026-10-04T11:16:32Z
district,Sarawak,Lawas,realGdp,0.369,RM billion (constant 2015 prices),2020-01-01,https://data.gov.my/data-catalogue/gdp_district_real_supply,fresh,2026-10-04T11:16:32Z
district,Sarawak,Lawas,largestSector,Services,sector,2020-01-01,https://data.gov.my/data-catalogue/gdp_district_real_supply,fresh,2026-10-04T11:16:32Z
district,Sarawak,Lawas,largestSectorShare,54.91,%,2020-01-01,https://data.gov.my/data-catalogue/gdp_district_real_supply,fresh,2026-10-04T11:16:32Z
district,Sarawak,Lawas,sector.p5.value,0.203,RM billion (constant 2015 prices),2020-01-01,https://data.gov.my/data-catalogue/gdp_district_real_supply,fresh,2026-10-04T11:16:32Z
district,Sarawak,Lawas,sector.p5.share,54.91,%,2020-01-01,https://data.gov.my/data-catalogue/gdp_district_real_supply,fresh,2026-10-04T11:16:32Z
district,Sarawak,Lawas,sector.p1.value,0.122,RM billion (constant 2015 prices),2020-01-01,https://data.gov.my/data-catalogue/gdp_district_real_supply,fresh,2026-10-04T11:16:32Z
district,Sarawak,Lawas,sector.p1.share,33.05,%,2020-01-01,https://data.gov.my/data-catalogue/gdp_district_real_supply,fresh,2026-10-04T11:16:32Z
district,Sarawak,Lawas,sector.p4.value,0.029,RM billion (constant 2015 prices),2020-01-01,https://data.gov.my/data-catalogue/gdp_district_real_supply,fresh,2026-10-04T11:16:32Z
district,Sarawak,Lawas,sector.p4.share,7.8,%,2020-01-01,https://data.gov.my/data-catalogue/gdp_district_real_supply,fresh,2026-10-04T11:16:32Z
district,Sarawak,Lawas,sector.p3.value,0.015,RM billion (constant 2015 prices),2020-01-01,https://data.gov.my/data-catalogue/gdp_district_real_supply,fresh,2026-10-04T11:16:32Z
district,Sarawak,Lawas,sector.p3.share,3.96,%,2020-01-01,https://data.gov.my/data-catalogue/gdp_district_real_supply,fresh,2026-10-04T11:16:32Z
district,Sarawak,Limbang,incomeMean,5202.0,RM per household per month,2024-01-01,https://data.gov.my/data-catalogue/hies_district,fresh,2026-10-04T11:16:32Z
district,Sarawak,Limbang,incomeMedian,4060.0,RM per household per month,2024-01-01,https://data.gov.my/data-catalogue/hies_district,fresh,2026-10-04T11:16:32Z
district,Sarawak,Limbang,expenditureMean,3457.0,RM per household per month,2024-01-01,https://data.gov.my/data-catalogue/hies_district,fresh,2026-10-04T11:16:32Z
district,Sarawak,Limbang,incomeMinusExpenditure,603.0,RM per household per month,2024-01-01,https://data.gov.my/data-catalogue/hies_district,fresh,2026-10-04T11:16:32Z
district,Sarawak,Limbang,incomeToExpenditureRatio,1.174,ratio,2024-01-01,https://data.gov.my/data-catalogue/hies_district,fresh,2026-10-04T11:16:32Z
district,Sarawak,Limbang,poverty,14.4,%,2024-01-01,https://data.gov.my/data-catalogue/hies_district,fresh,2026-10-04T11:16:32Z
district,Sarawak,Limbang,gini,0.385,coefficient,2024-01-01,https://data.gov.my/data-catalogue/hies_district,fresh,2026-10-04T11:16:32Z
district,Sarawak,Limbang,unemploymentRate,2.7,%,2024-01-01,https://data.gov.my/data-catalogue/lfs_district,fresh,2026-10-04T11:16:32Z
district,Sarawak,Limbang,participationRate,68.7,%,2024-01-01,https://data.gov.my/data-catalogue/lfs_district,fresh,2026-10-04T11:16:32Z
district,Sarawak,Limbang,employmentPopulationRatio,66.9,%,2024-01-01,https://data.gov.my/data-catalogue/lfs_district,fresh,2026-10-04T11:16:32Z
district,Sarawak,Limbang,labourForce,22.0,thousand persons,2024-01-01,https://data.gov.my/data-catalogue/lfs_district,fresh,2026-10-04T11:16:32Z
district,Sarawak,Limbang,realGdp,0.46,RM billion (constant 2015 prices),2020-01-01,https://data.gov.my/data-catalogue/gdp_district_real_supply,fresh,2026-10-04T11:16:32Z
district,Sarawak,Limbang,largestSector,Services,sector,2020-01-01,https://data.gov.my/data-catalogue/gdp_district_real_supply,fresh,2026-10-04T11:16:32Z
district,Sarawak,Limbang,largestSectorShare,74.92,%,2020-01-01,https://data.gov.my/data-catalogue/gdp_district_real_supply,fresh,2026-10-04T11:16:32Z
district,Sarawak,Limbang,sector.p5.value,0.345,RM billion (constant 2015 prices),2020-01-01,https://data.gov.my/data-catalogue/gdp_district_real_supply,fresh,2026-10-04T11:16:32Z
district,Sarawak,Limbang,sector.p5.share,74.92,%,2020-01-01,https://data.gov.my/data-catalogue/gdp_district_real_supply,fresh,2026-10-04T11:16:32Z
district,Sarawak,Limbang,sector.p1.value,0.087,RM billion (constant 2015 prices),2020-01-01,https://data.gov.my/data-catalogue/gdp_district_real_supply,fresh,2026-10-04T11:16:32Z
district,Sarawak,Limbang,sector.p1.share,18.87,%,2020-01-01,https://data.gov.my/data-catalogue/gdp_district_real_supply,fresh,2026-10-04T11:16:32Z
district,Sarawak,Limbang,sector.p3.value,0.014,RM billion (constant 2015 prices),2020-01-01,https://data.gov.my/data-catalogue/gdp_district_real_supply,fresh,2026-10-04T11:16:32Z
district,Sarawak,Limbang,sector.p3.share,2.99,%,2020-01-01,https://data.gov.my/data-catalogue/gdp_district_real_supply,fresh,2026-10-04T11:16:32Z
district,Sarawak,Limbang,sector.p4.value,0.008,RM billion (constant 2015 prices),2020-01-01,https://data.gov.my/data-catalogue/gdp_district_real_supply,fresh,2026-10-04T11:16:32Z
district,Sarawak,Limbang,sector.p4.share,1.83,%,2020-01-01,https://data.gov.my/data-catalogue/gdp_district_real_supply,fresh,2026-10-04T11:16:32Z
district,Sarawak,Limbang,sector.p2.value,0.006,RM billion (constant 2015 prices),2020-01-01,https://data.gov.my/data-catalogue/gdp_district_real_supply,fresh,2026-10-04T11:16:32Z
district,Sarawak,Limbang,sector.p2.share,1.25,%,2020-01-01,https://data.gov.my/data-catalogue/gdp_district_real_supply,fresh,2026-10-04T11:16:32Z
district,Sarawak,Lingga,incomeMean,3663.0,RM per household per month,2024-01-01,https://data.gov.my/data-catalogue/hies_district,fresh,2026-10-04T11:16:32Z
district,Sarawak,Lingga,incomeMedian,2999.0,RM per household per month,2024-01-01,https://data.gov.my/data-catalogue/hies_district,fresh,2026-10-04T11:16:32Z
district,Sarawak,Lingga,expenditureMean,2412.0,RM per household per month,2024-01-01,https://data.gov.my/data-catalogue/hies_district,fresh,2026-10-04T11:16:32Z
district,Sarawak,Lingga,incomeMinusExpenditure,587.0,RM per household per month,2024-01-01,https://data.gov.my/data-catalogue/hies_district,fresh,2026-10-04T11:16:32Z
district,Sarawak,Lingga,incomeToExpenditureRatio,1.243,ratio,2024-01-01,https://data.gov.my/data-catalogue/hies_district,fresh,2026-10-04T11:16:32Z
district,Sarawak,Lingga,poverty,6.3,%,2024-01-01,https://data.gov.my/data-catalogue/hies_district,fresh,2026-10-04T11:16:32Z
district,Sarawak,Lingga,gini,0.27,coefficient,2024-01-01,https://data.gov.my/data-catalogue/hies_district,fresh,2026-10-04T11:16:32Z
district,Sarawak,Lubok Antu,incomeMean,4820.0,RM per household per month,2024-01-01,https://data.gov.my/data-catalogue/hies_district,fresh,2026-10-04T11:16:32Z
district,Sarawak,Lubok Antu,incomeMedian,4169.0,RM per household per month,2024-01-01,https://data.gov.my/data-catalogue/hies_district,fresh,2026-10-04T11:16:32Z
district,Sarawak,Lubok Antu,expenditureMean,3564.0,RM per household per month,2024-01-01,https://data.gov.my/data-catalogue/hies_district,fresh,2026-10-04T11:16:32Z
district,Sarawak,Lubok Antu,incomeMinusExpenditure,605.0,RM per household per month,2024-01-01,https://data.gov.my/data-catalogue/hies_district,fresh,2026-10-04T11:16:32Z
district,Sarawak,Lubok Antu,incomeToExpenditureRatio,1.17,ratio,2024-01-01,https://data.gov.my/data-catalogue/hies_district,fresh,2026-10-04T11:16:32Z
district,Sarawak,Lubok Antu,poverty,13.0,%,2024-01-01,https://data.gov.my/data-catalogue/hies_district,fresh,2026-10-04T11:16:32Z
district,Sarawak,Lubok Antu,gini,0.311,coefficient,2024-01-01,https://data.gov.my/data-catalogue/hies_district,fresh,2026-10-04T11:16:32Z
district,Sarawak,Lubok Antu,unemploymentRate,2.1,%,2024-01-01,https://data.gov.my/data-catalogue/lfs_district,fresh,2026-10-04T11:16:32Z
district,Sarawak,Lubok Antu,participationRate,66.3,%,2024-01-01,https://data.gov.my/data-catalogue/lfs_district,fresh,2026-10-04T11:16:32Z
district,Sarawak,Lubok Antu,employmentPopulationRatio,64.7,%,2024-01-01,https://data.gov.my/data-catalogue/lfs_district,fresh,2026-10-04T11:16:32Z
district,Sarawak,Lubok Antu,labourForce,11.1,thousand persons,2024-01-01,https://data.gov.my/data-catalogue/lfs_district,fresh,2026-10-04T11:16:32Z
district,Sarawak,Lubok Antu,realGdp,0.256,RM billion (constant 2015 prices),2020-01-01,https://data.gov.my/data-catalogue/gdp_district_real_supply,fresh,2026-10-04T11:16:32Z
district,Sarawak,Lubok Antu,largestSector,Services,sector,2020-01-01,https://data.gov.my/data-catalogue/gdp_district_real_supply,fresh,2026-10-04T11:16:32Z
district,Sarawak,Lubok Antu,largestSectorShare,52.66,%,2020-01-01,https://data.gov.my/data-catalogue/gdp_district_real_supply,fresh,2026-10-04T11:16:32Z
district,Sarawak,Lubok Antu,sector.p5.value,0.135,RM billion (constant 2015 prices),2020-01-01,https://data.gov.my/data-catalogue/gdp_district_real_supply,fresh,2026-10-04T11:16:32Z
district,Sarawak,Lubok Antu,sector.p5.share,52.66,%,2020-01-01,https://data.gov.my/data-catalogue/gdp_district_real_supply,fresh,2026-10-04T11:16:32Z
district,Sarawak,Lubok Antu,sector.p1.value,0.073,RM billion (constant 2015 prices),2020-01-01,https://data.gov.my/data-catalogue/gdp_district_real_supply,fresh,2026-10-04T11:16:32Z
district,Sarawak,Lubok Antu,sector.p1.share,28.66,%,2020-01-01,https://data.gov.my/data-catalogue/gdp_district_real_supply,fresh,2026-10-04T11:16:32Z
district,Sarawak,Lubok Antu,sector.p3.value,0.045,RM billion (constant 2015 prices),2020-01-01,https://data.gov.my/data-catalogue/gdp_district_real_supply,fresh,2026-10-04T11:16:32Z
district,Sarawak,Lubok Antu,sector.p3.share,17.49,%,2020-01-01,https://data.gov.my/data-catalogue/gdp_district_real_supply,fresh,2026-10-04T11:16:32Z
district,Sarawak,Lubok Antu,sector.p2.value,0.0,RM billion (constant 2015 prices),2020-01-01,https://data.gov.my/data-catalogue/gdp_district_real_supply,fresh,2026-10-04T11:16:32Z
district,Sarawak,Lubok Antu,sector.p2.share,0.0,%,2020-01-01,https://data.gov.my/data-catalogue/gdp_district_real_supply,fresh,2026-10-04T11:16:32Z
district,Sarawak,Lundu,incomeMean,5170.0,RM per household per month,2024-01-01,https://data.gov.my/data-catalogue/hies_district,fresh,2026-10-04T11:16:32Z
district,Sarawak,Lundu,incomeMedian,3918.0,RM per household per month,2024-01-01,https://data.gov.my/data-catalogue/hies_district,fresh,2026-10-04T11:16:32Z
district,Sarawak,Lundu,expenditureMean,3370.0,RM per household per month,2024-01-01,https://data.gov.my/data-catalogue/hies_district,fresh,2026-10-04T11:16:32Z
district,Sarawak,Lundu,incomeMinusExpenditure,548.0,RM per household per month,2024-01-01,https://data.gov.my/data-catalogue/hies_district,fresh,2026-10-04T11:16:32Z
district,Sarawak,Lundu,incomeToExpenditureRatio,1.163,ratio,2024-01-01,https://data.gov.my/data-catalogue/hies_district,fresh,2026-10-04T11:16:32Z
district,Sarawak,Lundu,poverty,12.9,%,2024-01-01,https://data.gov.my/data-catalogue/hies_district,fresh,2026-10-04T11:16:32Z
district,Sarawak,Lundu,gini,0.345,coefficient,2024-01-01,https://data.gov.my/data-catalogue/hies_district,fresh,2026-10-04T11:16:32Z
district,Sarawak,Lundu,unemploymentRate,2.7,%,2024-01-01,https://data.gov.my/data-catalogue/lfs_district,fresh,2026-10-04T11:16:32Z
district,Sarawak,Lundu,participationRate,67.9,%,2024-01-01,https://data.gov.my/data-catalogue/lfs_district,fresh,2026-10-04T11:16:32Z
district,Sarawak,Lundu,employmentPopulationRatio,66.2,%,2024-01-01,https://data.gov.my/data-catalogue/lfs_district,fresh,2026-10-04T11:16:32Z
district,Sarawak,Lundu,labourForce,16.1,thousand persons,2024-01-01,https://data.gov.my/data-catalogue/lfs_district,fresh,2026-10-04T11:16:32Z
district,Sarawak,Lundu,realGdp,0.529,RM billion (constant 2015 prices),2020-01-01,https://data.gov.my/data-catalogue/gdp_district_real_supply,fresh,2026-10-04T11:16:32Z
district,Sarawak,Lundu,largestSector,Agriculture,sector,2020-01-01,https://data.gov.my/data-catalogue/gdp_district_real_supply,fresh,2026-10-04T11:16:32Z
district,Sarawak,Lundu,largestSectorShare,50.59,%,2020-01-01,https://data.gov.my/data-catalogue/gdp_district_real_supply,fresh,2026-10-04T11:16:32Z
district,Sarawak,Lundu,sector.p1.value,0.268,RM billion (constant 2015 prices),2020-01-01,https://data.gov.my/data-catalogue/gdp_district_real_supply,fresh,2026-10-04T11:16:32Z
district,Sarawak,Lundu,sector.p1.share,50.59,%,2020-01-01,https://data.gov.my/data-catalogue/gdp_district_real_supply,fresh,2026-10-04T11:16:32Z
district,Sarawak,Lundu,sector.p5.value,0.211,RM billion (constant 2015 prices),2020-01-01,https://data.gov.my/data-catalogue/gdp_district_real_supply,fresh,2026-10-04T11:16:32Z
district,Sarawak,Lundu,sector.p5.share,39.84,%,2020-01-01,https://data.gov.my/data-catalogue/gdp_district_real_supply,fresh,2026-10-04T11:16:32Z
district,Sarawak,Lundu,sector.p3.value,0.024,RM billion (constant 2015 prices),2020-01-01,https://data.gov.my/data-catalogue/gdp_district_real_supply,fresh,2026-10-04T11:16:32Z
district,Sarawak,Lundu,sector.p3.share,4.52,%,2020-01-01,https://data.gov.my/data-catalogue/gdp_district_real_supply,fresh,2026-10-04T11:16:32Z
district,Sarawak,Lundu,sector.p4.value,0.024,RM billion (constant 2015 prices),2020-01-01,https://data.gov.my/data-catalogue/gdp_district_real_supply,fresh,2026-10-04T11:16:32Z
district,Sarawak,Lundu,sector.p4.share,4.48,%,2020-01-01,https://data.gov.my/data-catalogue/gdp_district_real_supply,fresh,2026-10-04T11:16:32Z
district,Sarawak,Maradong,incomeMean,4208.0,RM per household per month,2024-01-01,https://data.gov.my/data-catalogue/hies_district,fresh,2026-10-04T11:16:32Z
district,Sarawak,Maradong,incomeMedian,3472.0,RM per household per month,2024-01-01,https://data.gov.my/data-catalogue/hies_district,fresh,2026-10-04T11:16:32Z
district,Sarawak,Maradong,expenditureMean,2864.0,RM per household per month,2024-01-01,https://data.gov.my/data-catalogue/hies_district,fresh,2026-10-04T11:16:32Z
district,Sarawak,Maradong,incomeMinusExpenditure,608.0,RM per household per month,2024-01-01,https://data.gov.my/data-catalogue/hies_district,fresh,2026-10-04T11:16:32Z
district,Sarawak,Maradong,incomeToExpenditureRatio,1.212,ratio,2024-01-01,https://data.gov.my/data-catalogue/hies_district,fresh,2026-10-04T11:16:32Z
district,Sarawak,Maradong,poverty,16.9,%,2024-01-01,https://data.gov.my/data-catalogue/hies_district,fresh,2026-10-04T11:16:32Z
district,Sarawak,Maradong,gini,0.303,coefficient,2024-01-01,https://data.gov.my/data-catalogue/hies_district,fresh,2026-10-04T11:16:32Z
district,Sarawak,Maradong,unemploymentRate,5.1,%,2024-01-01,https://data.gov.my/data-catalogue/lfs_district,fresh,2026-10-04T11:16:32Z
district,Sarawak,Maradong,participationRate,65.4,%,2024-01-01,https://data.gov.my/data-catalogue/lfs_district,fresh,2026-10-04T11:16:32Z
district,Sarawak,Maradong,employmentPopulationRatio,62.0,%,2024-01-01,https://data.gov.my/data-catalogue/lfs_district,fresh,2026-10-04T11:16:32Z
district,Sarawak,Maradong,labourForce,9.3,thousand persons,2024-01-01,https://data.gov.my/data-catalogue/lfs_district,fresh,2026-10-04T11:16:32Z
district,Sarawak,Maradong,realGdp,0.172,RM billion (constant 2015 prices),2020-01-01,https://data.gov.my/data-catalogue/gdp_district_real_supply,fresh,2026-10-04T11:16:32Z
district,Sarawak,Maradong,largestSector,Services,sector,2020-01-01,https://data.gov.my/data-catalogue/gdp_district_real_supply,fresh,2026-10-04T11:16:32Z
district,Sarawak,Maradong,largestSectorShare,67.61,%,2020-01-01,https://data.gov.my/data-catalogue/gdp_district_real_supply,fresh,2026-10-04T11:16:32Z
district,Sarawak,Maradong,sector.p5.value,0.116,RM billion (constant 2015 prices),2020-01-01,https://data.gov.my/data-catalogue/gdp_district_real_supply,fresh,2026-10-04T11:16:32Z
district,Sarawak,Maradong,sector.p5.share,67.61,%,2020-01-01,https://data.gov.my/data-catalogue/gdp_district_real_supply,fresh,2026-10-04T11:16:32Z
district,Sarawak,Maradong,sector.p1.value,0.05,RM billion (constant 2015 prices),2020-01-01,https://data.gov.my/data-catalogue/gdp_district_real_supply,fresh,2026-10-04T11:16:32Z
district,Sarawak,Maradong,sector.p1.share,29.32,%,2020-01-01,https://data.gov.my/data-catalogue/gdp_district_real_supply,fresh,2026-10-04T11:16:32Z
district,Sarawak,Maradong,sector.p2.value,0.0,RM billion (constant 2015 prices),2020-01-01,https://data.gov.my/data-catalogue/gdp_district_real_supply,fresh,2026-10-04T11:16:32Z
district,Sarawak,Maradong,sector.p2.share,0.0,%,2020-01-01,https://data.gov.my/data-catalogue/gdp_district_real_supply,fresh,2026-10-04T11:16:32Z
district,Sarawak,Marudi,incomeMean,5430.0,RM per household per month,2024-01-01,https://data.gov.my/data-catalogue/hies_district,fresh,2026-10-04T11:16:32Z
district,Sarawak,Marudi,incomeMedian,4519.0,RM per household per month,2024-01-01,https://data.gov.my/data-catalogue/hies_district,fresh,2026-10-04T11:16:32Z
district,Sarawak,Marudi,expenditureMean,2705.0,RM per household per month,2024-01-01,https://data.gov.my/data-catalogue/hies_district,fresh,2026-10-04T11:16:32Z
district,Sarawak,Marudi,incomeMinusExpenditure,1814.0,RM per household per month,2024-01-01,https://data.gov.my/data-catalogue/hies_district,fresh,2026-10-04T11:16:32Z
district,Sarawak,Marudi,incomeToExpenditureRatio,1.671,ratio,2024-01-01,https://data.gov.my/data-catalogue/hies_district,fresh,2026-10-04T11:16:32Z
district,Sarawak,Marudi,poverty,4.4,%,2024-01-01,https://data.gov.my/data-catalogue/hies_district,fresh,2026-10-04T11:16:32Z
district,Sarawak,Marudi,gini,0.309,coefficient,2024-01-01,https://data.gov.my/data-catalogue/hies_district,fresh,2026-10-04T11:16:32Z
district,Sarawak,Marudi,unemploymentRate,2.1,%,2024-01-01,https://data.gov.my/data-catalogue/lfs_district,fresh,2026-10-04T11:16:32Z
district,Sarawak,Marudi,participationRate,68.1,%,2024-01-01,https://data.gov.my/data-catalogue/lfs_district,fresh,2026-10-04T11:16:32Z
district,Sarawak,Marudi,employmentPopulationRatio,66.7,%,2024-01-01,https://data.gov.my/data-catalogue/lfs_district,fresh,2026-10-04T11:16:32Z
district,Sarawak,Marudi,labourForce,9.0,thousand persons,2024-01-01,https://data.gov.my/data-catalogue/lfs_district,fresh,2026-10-04T11:16:32Z
district,Sarawak,Marudi,realGdp,0.463,RM billion (constant 2015 prices),2020-01-01,https://data.gov.my/data-catalogue/gdp_district_real_supply,fresh,2026-10-04T11:16:32Z
district,Sarawak,Marudi,largestSector,Agriculture,sector,2020-01-01,https://data.gov.my/data-catalogue/gdp_district_real_supply,fresh,2026-10-04T11:16:32Z
district,Sarawak,Marudi,largestSectorShare,40.51,%,2020-01-01,https://data.gov.my/data-catalogue/gdp_district_real_supply,fresh,2026-10-04T11:16:32Z
district,Sarawak,Marudi,sector.p1.value,0.188,RM billion (constant 2015 prices),2020-01-01,https://data.gov.my/data-catalogue/gdp_district_real_supply,fresh,2026-10-04T11:16:32Z
district,Sarawak,Marudi,sector.p1.share,40.51,%,2020-01-01,https://data.gov.my/data-catalogue/gdp_district_real_supply,fresh,2026-10-04T11:16:32Z
district,Sarawak,Marudi,sector.p5.value,0.154,RM billion (constant 2015 prices),2020-01-01,https://data.gov.my/data-catalogue/gdp_district_real_supply,fresh,2026-10-04T11:16:32Z
district,Sarawak,Marudi,sector.p5.share,33.28,%,2020-01-01,https://data.gov.my/data-catalogue/gdp_district_real_supply,fresh,2026-10-04T11:16:32Z
district,Sarawak,Marudi,sector.p4.value,0.12,RM billion (constant 2015 prices),2020-01-01,https://data.gov.my/data-catalogue/gdp_district_real_supply,fresh,2026-10-04T11:16:32Z
district,Sarawak,Marudi,sector.p4.share,26.02,%,2020-01-01,https://data.gov.my/data-catalogue/gdp_district_real_supply,fresh,2026-10-04T11:16:32Z
district,Sarawak,Marudi,sector.p2.value,0.0,RM billion (constant 2015 prices),2020-01-01,https://data.gov.my/data-catalogue/gdp_district_real_supply,fresh,2026-10-04T11:16:32Z
district,Sarawak,Marudi,sector.p2.share,0.0,%,2020-01-01,https://data.gov.my/data-catalogue/gdp_district_real_supply,fresh,2026-10-04T11:16:32Z
district,Sarawak,Matu,incomeMean,4417.0,RM per household per month,2024-01-01,https://data.gov.my/data-catalogue/hies_district,fresh,2026-10-04T11:16:32Z
district,Sarawak,Matu,incomeMedian,3891.0,RM per household per month,2024-01-01,https://data.gov.my/data-catalogue/hies_district,fresh,2026-10-04T11:16:32Z
district,Sarawak,Matu,expenditureMean,2992.0,RM per household per month,2024-01-01,https://data.gov.my/data-catalogue/hies_district,fresh,2026-10-04T11:16:32Z
district,Sarawak,Matu,incomeMinusExpenditure,899.0,RM per household per month,2024-01-01,https://data.gov.my/data-catalogue/hies_district,fresh,2026-10-04T11:16:32Z
district,Sarawak,Matu,incomeToExpenditureRatio,1.3,ratio,2024-01-01,https://data.gov.my/data-catalogue/hies_district,fresh,2026-10-04T11:16:32Z
district,Sarawak,Matu,poverty,9.1,%,2024-01-01,https://data.gov.my/data-catalogue/hies_district,fresh,2026-10-04T11:16:32Z
district,Sarawak,Matu,gini,0.308,coefficient,2024-01-01,https://data.gov.my/data-catalogue/hies_district,fresh,2026-10-04T11:16:32Z
district,Sarawak,Matu,unemploymentRate,2.5,%,2024-01-01,https://data.gov.my/data-catalogue/lfs_district,fresh,2026-10-04T11:16:32Z
district,Sarawak,Matu,participationRate,66.1,%,2024-01-01,https://data.gov.my/data-catalogue/lfs_district,fresh,2026-10-04T11:16:32Z
district,Sarawak,Matu,employmentPopulationRatio,64.0,%,2024-01-01,https://data.gov.my/data-catalogue/lfs_district,fresh,2026-10-04T11:16:32Z
district,Sarawak,Matu,labourForce,7.5,thousand persons,2024-01-01,https://data.gov.my/data-catalogue/lfs_district,fresh,2026-10-04T11:16:32Z
district,Sarawak,Matu,realGdp,0.363,RM billion (constant 2015 prices),2020-01-01,https://data.gov.my/data-catalogue/gdp_district_real_supply,fresh,2026-10-04T11:16:32Z
district,Sarawak,Matu,largestSector,Agriculture,sector,2020-01-01,https://data.gov.my/data-catalogue/gdp_district_real_supply,fresh,2026-10-04T11:16:32Z
district,Sarawak,Matu,largestSectorShare,79.52,%,2020-01-01,https://data.gov.my/data-catalogue/gdp_district_real_supply,fresh,2026-10-04T11:16:32Z
district,Sarawak,Matu,sector.p1.value,0.289,RM billion (constant 2015 prices),2020-01-01,https://data.gov.my/data-catalogue/gdp_district_real_supply,fresh,2026-10-04T11:16:32Z
district,Sarawak,Matu,sector.p1.share,79.52,%,2020-01-01,https://data.gov.my/data-catalogue/gdp_district_real_supply,fresh,2026-10-04T11:16:32Z
district,Sarawak,Matu,sector.p5.value,0.07,RM billion (constant 2015 prices),2020-01-01,https://data.gov.my/data-catalogue/gdp_district_real_supply,fresh,2026-10-04T11:16:32Z
district,Sarawak,Matu,sector.p5.share,19.19,%,2020-01-01,https://data.gov.my/data-catalogue/gdp_district_real_supply,fresh,2026-10-04T11:16:32Z
district,Sarawak,Matu,sector.p2.value,0.0,RM billion (constant 2015 prices),2020-01-01,https://data.gov.my/data-catalogue/gdp_district_real_supply,fresh,2026-10-04T11:16:32Z
district,Sarawak,Matu,sector.p2.share,0.0,%,2020-01-01,https://data.gov.my/data-catalogue/gdp_district_real_supply,fresh,2026-10-04T11:16:32Z
district,Sarawak,Miri,incomeMean,8166.0,RM per household per month,2024-01-01,https://data.gov.my/data-catalogue/hies_district,fresh,2026-10-04T11:16:32Z
district,Sarawak,Miri,incomeMedian,6600.0,RM per household per month,2024-01-01,https://data.gov.my/data-catalogue/hies_district,fresh,2026-10-04T11:16:32Z
district,Sarawak,Miri,expenditureMean,4609.0,RM per household per month,2024-01-01,https://data.gov.my/data-catalogue/hies_district,fresh,2026-10-04T11:16:32Z
district,Sarawak,Miri,incomeMinusExpenditure,1991.0,RM per household per month,2024-01-01,https://data.gov.my/data-catalogue/hies_district,fresh,2026-10-04T11:16:32Z
district,Sarawak,Miri,incomeToExpenditureRatio,1.432,ratio,2024-01-01,https://data.gov.my/data-catalogue/hies_district,fresh,2026-10-04T11:16:32Z
district,Sarawak,Miri,poverty,3.8,%,2024-01-01,https://data.gov.my/data-catalogue/hies_district,fresh,2026-10-04T11:16:32Z
district,Sarawak,Miri,gini,0.307,coefficient,2024-01-01,https://data.gov.my/data-catalogue/hies_district,fresh,2026-10-04T11:16:32Z
district,Sarawak,Miri,unemploymentRate,2.7,%,2024-01-01,https://data.gov.my/data-catalogue/lfs_district,fresh,2026-10-04T11:16:32Z
district,Sarawak,Miri,participationRate,72.9,%,2024-01-01,https://data.gov.my/data-catalogue/lfs_district,fresh,2026-10-04T11:16:32Z
district,Sarawak,Miri,employmentPopulationRatio,71.0,%,2024-01-01,https://data.gov.my/data-catalogue/lfs_district,fresh,2026-10-04T11:16:32Z
district,Sarawak,Miri,labourForce,138.5,thousand persons,2024-01-01,https://data.gov.my/data-catalogue/lfs_district,fresh,2026-10-04T11:16:32Z
district,Sarawak,Miri,realGdp,10.104,RM billion (constant 2015 prices),2020-01-01,https://data.gov.my/data-catalogue/gdp_district_real_supply,fresh,2026-10-04T11:16:32Z
district,Sarawak,Miri,largestSector,Services,sector,2020-01-01,https://data.gov.my/data-catalogue/gdp_district_real_supply,fresh,2026-10-04T11:16:32Z
district,Sarawak,Miri,largestSectorShare,65.41,%,2020-01-01,https://data.gov.my/data-catalogue/gdp_district_real_supply,fresh,2026-10-04T11:16:32Z
district,Sarawak,Miri,sector.p5.value,6.609,RM billion (constant 2015 prices),2020-01-01,https://data.gov.my/data-catalogue/gdp_district_real_supply,fresh,2026-10-04T11:16:32Z
district,Sarawak,Miri,sector.p5.share,65.41,%,2020-01-01,https://data.gov.my/data-catalogue/gdp_district_real_supply,fresh,2026-10-04T11:16:32Z
district,Sarawak,Miri,sector.p1.value,1.465,RM billion (constant 2015 prices),2020-01-01,https://data.gov.my/data-catalogue/gdp_district_real_supply,fresh,2026-10-04T11:16:32Z
district,Sarawak,Miri,sector.p1.share,14.5,%,2020-01-01,https://data.gov.my/data-catalogue/gdp_district_real_supply,fresh,2026-10-04T11:16:32Z
district,Sarawak,Miri,sector.p3.value,1.364,RM billion (constant 2015 prices),2020-01-01,https://data.gov.my/data-catalogue/gdp_district_real_supply,fresh,2026-10-04T11:16:32Z
district,Sarawak,Miri,sector.p3.share,13.5,%,2020-01-01,https://data.gov.my/data-catalogue/gdp_district_real_supply,fresh,2026-10-04T11:16:32Z
district,Sarawak,Miri,sector.p2.value,0.336,RM billion (constant 2015 prices),2020-01-01,https://data.gov.my/data-catalogue/gdp_district_real_supply,fresh,2026-10-04T11:16:32Z
district,Sarawak,Miri,sector.p2.share,3.33,%,2020-01-01,https://data.gov.my/data-catalogue/gdp_district_real_supply,fresh,2026-10-04T11:16:32Z
district,Sarawak,Miri,sector.p4.value,0.308,RM billion (constant 2015 prices),2020-01-01,https://data.gov.my/data-catalogue/gdp_district_real_supply,fresh,2026-10-04T11:16:32Z
district,Sarawak,Miri,sector.p4.share,3.05,%,2020-01-01,https://data.gov.my/data-catalogue/gdp_district_real_supply,fresh,2026-10-04T11:16:32Z
district,Sarawak,Mukah,incomeMean,6373.0,RM per household per month,2024-01-01,https://data.gov.my/data-catalogue/hies_district,fresh,2026-10-04T11:16:32Z
district,Sarawak,Mukah,incomeMedian,5169.0,RM per household per month,2024-01-01,https://data.gov.my/data-catalogue/hies_district,fresh,2026-10-04T11:16:32Z
district,Sarawak,Mukah,expenditureMean,3650.0,RM per household per month,2024-01-01,https://data.gov.my/data-catalogue/hies_district,fresh,2026-10-04T11:16:32Z
district,Sarawak,Mukah,incomeMinusExpenditure,1519.0,RM per household per month,2024-01-01,https://data.gov.my/data-catalogue/hies_district,fresh,2026-10-04T11:16:32Z
district,Sarawak,Mukah,incomeToExpenditureRatio,1.416,ratio,2024-01-01,https://data.gov.my/data-catalogue/hies_district,fresh,2026-10-04T11:16:32Z
district,Sarawak,Mukah,poverty,11.9,%,2024-01-01,https://data.gov.my/data-catalogue/hies_district,fresh,2026-10-04T11:16:32Z
district,Sarawak,Mukah,gini,0.34,coefficient,2024-01-01,https://data.gov.my/data-catalogue/hies_district,fresh,2026-10-04T11:16:32Z
district,Sarawak,Mukah,unemploymentRate,2.6,%,2024-01-01,https://data.gov.my/data-catalogue/lfs_district,fresh,2026-10-04T11:16:32Z
district,Sarawak,Mukah,participationRate,70.9,%,2024-01-01,https://data.gov.my/data-catalogue/lfs_district,fresh,2026-10-04T11:16:32Z
district,Sarawak,Mukah,employmentPopulationRatio,69.2,%,2024-01-01,https://data.gov.my/data-catalogue/lfs_district,fresh,2026-10-04T11:16:32Z
district,Sarawak,Mukah,labourForce,21.4,thousand persons,2024-01-01,https://data.gov.my/data-catalogue/lfs_district,fresh,2026-10-04T11:16:32Z
district,Sarawak,Mukah,realGdp,2.412,RM billion (constant 2015 prices),2020-01-01,https://data.gov.my/data-catalogue/gdp_district_real_supply,fresh,2026-10-04T11:16:32Z
district,Sarawak,Mukah,largestSector,Agriculture,sector,2020-01-01,https://data.gov.my/data-catalogue/gdp_district_real_supply,fresh,2026-10-04T11:16:32Z
district,Sarawak,Mukah,largestSectorShare,44.12,%,2020-01-01,https://data.gov.my/data-catalogue/gdp_district_real_supply,fresh,2026-10-04T11:16:32Z
district,Sarawak,Mukah,sector.p1.value,1.064,RM billion (constant 2015 prices),2020-01-01,https://data.gov.my/data-catalogue/gdp_district_real_supply,fresh,2026-10-04T11:16:32Z
district,Sarawak,Mukah,sector.p1.share,44.12,%,2020-01-01,https://data.gov.my/data-catalogue/gdp_district_real_supply,fresh,2026-10-04T11:16:32Z
district,Sarawak,Mukah,sector.p4.value,0.513,RM billion (constant 2015 prices),2020-01-01,https://data.gov.my/data-catalogue/gdp_district_real_supply,fresh,2026-10-04T11:16:32Z
district,Sarawak,Mukah,sector.p4.share,21.27,%,2020-01-01,https://data.gov.my/data-catalogue/gdp_district_real_supply,fresh,2026-10-04T11:16:32Z
district,Sarawak,Mukah,sector.p5.value,0.467,RM billion (constant 2015 prices),2020-01-01,https://data.gov.my/data-catalogue/gdp_district_real_supply,fresh,2026-10-04T11:16:32Z
district,Sarawak,Mukah,sector.p5.share,19.36,%,2020-01-01,https://data.gov.my/data-catalogue/gdp_district_real_supply,fresh,2026-10-04T11:16:32Z
district,Sarawak,Mukah,sector.p3.value,0.239,RM billion (constant 2015 prices),2020-01-01,https://data.gov.my/data-catalogue/gdp_district_real_supply,fresh,2026-10-04T11:16:32Z
district,Sarawak,Mukah,sector.p3.share,9.92,%,2020-01-01,https://data.gov.my/data-catalogue/gdp_district_real_supply,fresh,2026-10-04T11:16:32Z
district,Sarawak,Mukah,sector.p2.value,0.126,RM billion (constant 2015 prices),2020-01-01,https://data.gov.my/data-catalogue/gdp_district_real_supply,fresh,2026-10-04T11:16:32Z
district,Sarawak,Mukah,sector.p2.share,5.23,%,2020-01-01,https://data.gov.my/data-catalogue/gdp_district_real_supply,fresh,2026-10-04T11:16:32Z
district,Sarawak,Pakan,incomeMean,4473.0,RM per household per month,2024-01-01,https://data.gov.my/data-catalogue/hies_district,fresh,2026-10-04T11:16:32Z
district,Sarawak,Pakan,incomeMedian,3742.0,RM per household per month,2024-01-01,https://data.gov.my/data-catalogue/hies_district,fresh,2026-10-04T11:16:32Z
district,Sarawak,Pakan,expenditureMean,3444.0,RM per household per month,2024-01-01,https://data.gov.my/data-catalogue/hies_district,fresh,2026-10-04T11:16:32Z
district,Sarawak,Pakan,incomeMinusExpenditure,298.0,RM per household per month,2024-01-01,https://data.gov.my/data-catalogue/hies_district,fresh,2026-10-04T11:16:32Z
district,Sarawak,Pakan,incomeToExpenditureRatio,1.087,ratio,2024-01-01,https://data.gov.my/data-catalogue/hies_district,fresh,2026-10-04T11:16:32Z
district,Sarawak,Pakan,poverty,14.5,%,2024-01-01,https://data.gov.my/data-catalogue/hies_district,fresh,2026-10-04T11:16:32Z
district,Sarawak,Pakan,gini,0.306,coefficient,2024-01-01,https://data.gov.my/data-catalogue/hies_district,fresh,2026-10-04T11:16:32Z
district,Sarawak,Pakan,unemploymentRate,1.6,%,2024-01-01,https://data.gov.my/data-catalogue/lfs_district,fresh,2026-10-04T11:16:32Z
district,Sarawak,Pakan,participationRate,64.1,%,2024-01-01,https://data.gov.my/data-catalogue/lfs_district,fresh,2026-10-04T11:16:32Z
district,Sarawak,Pakan,employmentPopulationRatio,63.3,%,2024-01-01,https://data.gov.my/data-catalogue/lfs_district,fresh,2026-10-04T11:16:32Z
district,Sarawak,Pakan,labourForce,7.0,thousand persons,2024-01-01,https://data.gov.my/data-catalogue/lfs_district,fresh,2026-10-04T11:16:32Z
district,Sarawak,Pakan,realGdp,0.063,RM billion (constant 2015 prices),2020-01-01,https://data.gov.my/data-catalogue/gdp_district_real_supply,fresh,2026-10-04T11:16:32Z
district,Sarawak,Pakan,largestSector,Services,sector,2020-01-01,https://data.gov.my/data-catalogue/gdp_district_real_supply,fresh,2026-10-04T11:16:32Z
district,Sarawak,Pakan,largestSectorShare,74.74,%,2020-01-01,https://data.gov.my/data-catalogue/gdp_district_real_supply,fresh,2026-10-04T11:16:32Z
district,Sarawak,Pakan,sector.p5.value,0.047,RM billion (constant 2015 prices),2020-01-01,https://data.gov.my/data-catalogue/gdp_district_real_supply,fresh,2026-10-04T11:16:32Z
district,Sarawak,Pakan,sector.p5.share,74.74,%,2020-01-01,https://data.gov.my/data-catalogue/gdp_district_real_supply,fresh,2026-10-04T11:16:32Z
district,Sarawak,Pakan,sector.p1.value,0.009,RM billion (constant 2015 prices),2020-01-01,https://data.gov.my/data-catalogue/gdp_district_real_supply,fresh,2026-10-04T11:16:32Z
district,Sarawak,Pakan,sector.p1.share,14.22,%,2020-01-01,https://data.gov.my/data-catalogue/gdp_district_real_supply,fresh,2026-10-04T11:16:32Z
district,Sarawak,Pakan,sector.p4.value,0.007,RM billion (constant 2015 prices),2020-01-01,https://data.gov.my/data-catalogue/gdp_district_real_supply,fresh,2026-10-04T11:16:32Z
district,Sarawak,Pakan,sector.p4.share,10.86,%,2020-01-01,https://data.gov.my/data-catalogue/gdp_district_real_supply,fresh,2026-10-04T11:16:32Z
district,Sarawak,Pakan,sector.p2.value,0.0,RM billion (constant 2015 prices),2020-01-01,https://data.gov.my/data-catalogue/gdp_district_real_supply,fresh,2026-10-04T11:16:32Z
district,Sarawak,Pakan,sector.p2.share,0.0,%,2020-01-01,https://data.gov.my/data-catalogue/gdp_district_real_supply,fresh,2026-10-04T11:16:32Z
district,Sarawak,Pakan,sector.p3.value,0.0,RM billion (constant 2015 prices),2020-01-01,https://data.gov.my/data-catalogue/gdp_district_real_supply,fresh,2026-10-04T11:16:32Z
district,Sarawak,Pakan,sector.p3.share,0.0,%,2020-01-01,https://data.gov.my/data-catalogue/gdp_district_real_supply,fresh,2026-10-04T11:16:32Z
district,Sarawak,Pantu,incomeMean,2988.0,RM per household per month,2024-01-01,https://data.gov.my/data-catalogue/hies_district,fresh,2026-10-04T11:16:32Z
district,Sarawak,Pantu,incomeMedian,2525.0,RM per household per month,2024-01-01,https://data.gov.my/data-catalogue/hies_district,fresh,2026-10-04T11:16:32Z
district,Sarawak,Pantu,expenditureMean,2371.0,RM per household per month,2024-01-01,https://data.gov.my/data-catalogue/hies_district,fresh,2026-10-04T11:16:32Z
district,Sarawak,Pantu,incomeMinusExpenditure,154.0,RM per household per month,2024-01-01,https://data.gov.my/data-catalogue/hies_district,fresh,2026-10-04T11:16:32Z
district,Sarawak,Pantu,incomeToExpenditureRatio,1.065,ratio,2024-01-01,https://data.gov.my/data-catalogue/hies_district,fresh,2026-10-04T11:16:32Z
district,Sarawak,Pantu,poverty,10.9,%,2024-01-01,https://data.gov.my/data-catalogue/hies_district,fresh,2026-10-04T11:16:32Z
district,Sarawak,Pantu,gini,0.222,coefficient,2024-01-01,https://data.gov.my/data-catalogue/hies_district,fresh,2026-10-04T11:16:32Z
district,Sarawak,Pusa,incomeMean,4155.0,RM per household per month,2024-01-01,https://data.gov.my/data-catalogue/hies_district,fresh,2026-10-04T11:16:32Z
district,Sarawak,Pusa,incomeMedian,3276.0,RM per household per month,2024-01-01,https://data.gov.my/data-catalogue/hies_district,fresh,2026-10-04T11:16:32Z
district,Sarawak,Pusa,expenditureMean,2736.0,RM per household per month,2024-01-01,https://data.gov.my/data-catalogue/hies_district,fresh,2026-10-04T11:16:32Z
district,Sarawak,Pusa,incomeMinusExpenditure,540.0,RM per household per month,2024-01-01,https://data.gov.my/data-catalogue/hies_district,fresh,2026-10-04T11:16:32Z
district,Sarawak,Pusa,incomeToExpenditureRatio,1.197,ratio,2024-01-01,https://data.gov.my/data-catalogue/hies_district,fresh,2026-10-04T11:16:32Z
district,Sarawak,Pusa,poverty,14.6,%,2024-01-01,https://data.gov.my/data-catalogue/hies_district,fresh,2026-10-04T11:16:32Z
district,Sarawak,Pusa,gini,0.339,coefficient,2024-01-01,https://data.gov.my/data-catalogue/hies_district,fresh,2026-10-04T11:16:32Z
district,Sarawak,Pusa,unemploymentRate,1.7,%,2024-01-01,https://data.gov.my/data-catalogue/lfs_district,fresh,2026-10-04T11:16:32Z
district,Sarawak,Pusa,participationRate,54.2,%,2024-01-01,https://data.gov.my/data-catalogue/lfs_district,fresh,2026-10-04T11:16:32Z
district,Sarawak,Pusa,employmentPopulationRatio,53.5,%,2024-01-01,https://data.gov.my/data-catalogue/lfs_district,fresh,2026-10-04T11:16:32Z
district,Sarawak,Pusa,labourForce,6.9,thousand persons,2024-01-01,https://data.gov.my/data-catalogue/lfs_district,fresh,2026-10-04T11:16:32Z
district,Sarawak,Pusa,realGdp,0.072,RM billion (constant 2015 prices),2020-01-01,https://data.gov.my/data-catalogue/gdp_district_real_supply,fresh,2026-10-04T11:16:32Z
district,Sarawak,Pusa,largestSector,Services,sector,2020-01-01,https://data.gov.my/data-catalogue/gdp_district_real_supply,fresh,2026-10-04T11:16:32Z
district,Sarawak,Pusa,largestSectorShare,77.23,%,2020-01-01,https://data.gov.my/data-catalogue/gdp_district_real_supply,fresh,2026-10-04T11:16:32Z
district,Sarawak,Pusa,sector.p5.value,0.056,RM billion (constant 2015 prices),2020-01-01,https://data.gov.my/data-catalogue/gdp_district_real_supply,fresh,2026-10-04T11:16:32Z
district,Sarawak,Pusa,sector.p5.share,77.23,%,2020-01-01,https://data.gov.my/data-catalogue/gdp_district_real_supply,fresh,2026-10-04T11:16:32Z
district,Sarawak,Pusa,sector.p1.value,0.016,RM billion (constant 2015 prices),2020-01-01,https://data.gov.my/data-catalogue/gdp_district_real_supply,fresh,2026-10-04T11:16:32Z
district,Sarawak,Pusa,sector.p1.share,22.15,%,2020-01-01,https://data.gov.my/data-catalogue/gdp_district_real_supply,fresh,2026-10-04T11:16:32Z
district,Sarawak,Pusa,sector.p2.value,0.0,RM billion (constant 2015 prices),2020-01-01,https://data.gov.my/data-catalogue/gdp_district_real_supply,fresh,2026-10-04T11:16:32Z
district,Sarawak,Pusa,sector.p2.share,0.0,%,2020-01-01,https://data.gov.my/data-catalogue/gdp_district_real_supply,fresh,2026-10-04T11:16:32Z
district,Sarawak,Samarahan,incomeMean,7965.0,RM per household per month,2024-01-01,https://data.gov.my/data-catalogue/hies_district,fresh,2026-10-04T11:16:32Z
district,Sarawak,Samarahan,incomeMedian,6785.0,RM per household per month,2024-01-01,https://data.gov.my/data-catalogue/hies_district,fresh,2026-10-04T11:16:32Z
district,Sarawak,Samarahan,expenditureMean,4973.0,RM per household per month,2024-01-01,https://data.gov.my/data-catalogue/hies_district,fresh,2026-10-04T11:16:32Z
district,Sarawak,Samarahan,incomeMinusExpenditure,1812.0,RM per household per month,2024-01-01,https://data.gov.my/data-catalogue/hies_district,fresh,2026-10-04T11:16:32Z
district,Sarawak,Samarahan,incomeToExpenditureRatio,1.364,ratio,2024-01-01,https://data.gov.my/data-catalogue/hies_district,fresh,2026-10-04T11:16:32Z
district,Sarawak,Samarahan,poverty,6.3,%,2024-01-01,https://data.gov.my/data-catalogue/hies_district,fresh,2026-10-04T11:16:32Z
district,Sarawak,Samarahan,gini,0.322,coefficient,2024-01-01,https://data.gov.my/data-catalogue/hies_district,fresh,2026-10-04T11:16:32Z
district,Sarawak,Samarahan,unemploymentRate,5.7,%,2024-01-01,https://data.gov.my/data-catalogue/lfs_district,fresh,2026-10-04T11:16:32Z
district,Sarawak,Samarahan,participationRate,70.9,%,2024-01-01,https://data.gov.my/data-catalogue/lfs_district,fresh,2026-10-04T11:16:32Z
district,Sarawak,Samarahan,employmentPopulationRatio,66.8,%,2024-01-01,https://data.gov.my/data-catalogue/lfs_district,fresh,2026-10-04T11:16:32Z
district,Sarawak,Samarahan,labourForce,72.0,thousand persons,2024-01-01,https://data.gov.my/data-catalogue/lfs_district,fresh,2026-10-04T11:16:32Z
district,Sarawak,Samarahan,realGdp,1.8,RM billion (constant 2015 prices),2020-01-01,https://data.gov.my/data-catalogue/gdp_district_real_supply,fresh,2026-10-04T11:16:32Z
district,Sarawak,Samarahan,largestSector,Services,sector,2020-01-01,https://data.gov.my/data-catalogue/gdp_district_real_supply,fresh,2026-10-04T11:16:32Z
district,Sarawak,Samarahan,largestSectorShare,67.53,%,2020-01-01,https://data.gov.my/data-catalogue/gdp_district_real_supply,fresh,2026-10-04T11:16:32Z
district,Sarawak,Samarahan,sector.p5.value,1.215,RM billion (constant 2015 prices),2020-01-01,https://data.gov.my/data-catalogue/gdp_district_real_supply,fresh,2026-10-04T11:16:32Z
district,Sarawak,Samarahan,sector.p5.share,67.53,%,2020-01-01,https://data.gov.my/data-catalogue/gdp_district_real_supply,fresh,2026-10-04T11:16:32Z
district,Sarawak,Samarahan,sector.p1.value,0.318,RM billion (constant 2015 prices),2020-01-01,https://data.gov.my/data-catalogue/gdp_district_real_supply,fresh,2026-10-04T11:16:32Z
district,Sarawak,Samarahan,sector.p1.share,17.66,%,2020-01-01,https://data.gov.my/data-catalogue/gdp_district_real_supply,fresh,2026-10-04T11:16:32Z
district,Sarawak,Samarahan,sector.p4.value,0.19,RM billion (constant 2015 prices),2020-01-01,https://data.gov.my/data-catalogue/gdp_district_real_supply,fresh,2026-10-04T11:16:32Z
district,Sarawak,Samarahan,sector.p4.share,10.56,%,2020-01-01,https://data.gov.my/data-catalogue/gdp_district_real_supply,fresh,2026-10-04T11:16:32Z
district,Sarawak,Samarahan,sector.p3.value,0.045,RM billion (constant 2015 prices),2020-01-01,https://data.gov.my/data-catalogue/gdp_district_real_supply,fresh,2026-10-04T11:16:32Z
district,Sarawak,Samarahan,sector.p3.share,2.49,%,2020-01-01,https://data.gov.my/data-catalogue/gdp_district_real_supply,fresh,2026-10-04T11:16:32Z
district,Sarawak,Samarahan,sector.p2.value,0.03,RM billion (constant 2015 prices),2020-01-01,https://data.gov.my/data-catalogue/gdp_district_real_supply,fresh,2026-10-04T11:16:32Z
district,Sarawak,Samarahan,sector.p2.share,1.66,%,2020-01-01,https://data.gov.my/data-catalogue/gdp_district_real_supply,fresh,2026-10-04T11:16:32Z
district,Sarawak,Saratok,incomeMean,4796.0,RM per household per month,2024-01-01,https://data.gov.my/data-catalogue/hies_district,fresh,2026-10-04T11:16:32Z
district,Sarawak,Saratok,incomeMedian,3418.0,RM per household per month,2024-01-01,https://data.gov.my/data-catalogue/hies_district,fresh,2026-10-04T11:16:32Z
district,Sarawak,Saratok,expenditureMean,3127.0,RM per household per month,2024-01-01,https://data.gov.my/data-catalogue/hies_district,fresh,2026-10-04T11:16:32Z
district,Sarawak,Saratok,incomeMinusExpenditure,291.0,RM per household per month,2024-01-01,https://data.gov.my/data-catalogue/hies_district,fresh,2026-10-04T11:16:32Z
district,Sarawak,Saratok,incomeToExpenditureRatio,1.093,ratio,2024-01-01,https://data.gov.my/data-catalogue/hies_district,fresh,2026-10-04T11:16:32Z
district,Sarawak,Saratok,poverty,5.0,%,2024-01-01,https://data.gov.my/data-catalogue/hies_district,fresh,2026-10-04T11:16:32Z
district,Sarawak,Saratok,gini,0.352,coefficient,2024-01-01,https://data.gov.my/data-catalogue/hies_district,fresh,2026-10-04T11:16:32Z
district,Sarawak,Saratok,unemploymentRate,3.1,%,2024-01-01,https://data.gov.my/data-catalogue/lfs_district,fresh,2026-10-04T11:16:32Z
district,Sarawak,Saratok,participationRate,65.9,%,2024-01-01,https://data.gov.my/data-catalogue/lfs_district,fresh,2026-10-04T11:16:32Z
district,Sarawak,Saratok,employmentPopulationRatio,63.5,%,2024-01-01,https://data.gov.my/data-catalogue/lfs_district,fresh,2026-10-04T11:16:32Z
district,Sarawak,Saratok,labourForce,11.0,thousand persons,2024-01-01,https://data.gov.my/data-catalogue/lfs_district,fresh,2026-10-04T11:16:32Z
district,Sarawak,Saratok,realGdp,0.395,RM billion (constant 2015 prices),2020-01-01,https://data.gov.my/data-catalogue/gdp_district_real_supply,fresh,2026-10-04T11:16:32Z
district,Sarawak,Saratok,largestSector,Agriculture,sector,2020-01-01,https://data.gov.my/data-catalogue/gdp_district_real_supply,fresh,2026-10-04T11:16:32Z
district,Sarawak,Saratok,largestSectorShare,51.4,%,2020-01-01,https://data.gov.my/data-catalogue/gdp_district_real_supply,fresh,2026-10-04T11:16:32Z
district,Sarawak,Saratok,sector.p1.value,0.203,RM billion (constant 2015 prices),2020-01-01,https://data.gov.my/data-catalogue/gdp_district_real_supply,fresh,2026-10-04T11:16:32Z
district,Sarawak,Saratok,sector.p1.share,51.4,%,2020-01-01,https://data.gov.my/data-catalogue/gdp_district_real_supply,fresh,2026-10-04T11:16:32Z
district,Sarawak,Saratok,sector.p5.value,0.18,RM billion (constant 2015 prices),2020-01-01,https://data.gov.my/data-catalogue/gdp_district_real_supply,fresh,2026-10-04T11:16:32Z
district,Sarawak,Saratok,sector.p5.share,45.54,%,2020-01-01,https://data.gov.my/data-catalogue/gdp_district_real_supply,fresh,2026-10-04T11:16:32Z
district,Sarawak,Saratok,sector.p3.value,0.01,RM billion (constant 2015 prices),2020-01-01,https://data.gov.my/data-catalogue/gdp_district_real_supply,fresh,2026-10-04T11:16:32Z
district,Sarawak,Saratok,sector.p3.share,2.59,%,2020-01-01,https://data.gov.my/data-catalogue/gdp_district_real_supply,fresh,2026-10-04T11:16:32Z
district,Sarawak,Saratok,sector.p2.value,0.0,RM billion (constant 2015 prices),2020-01-01,https://data.gov.my/data-catalogue/gdp_district_real_supply,fresh,2026-10-04T11:16:32Z
district,Sarawak,Saratok,sector.p2.share,0.0,%,2020-01-01,https://data.gov.my/data-catalogue/gdp_district_real_supply,fresh,2026-10-04T11:16:32Z
district,Sarawak,Sarikei,incomeMean,5792.0,RM per household per month,2024-01-01,https://data.gov.my/data-catalogue/hies_district,fresh,2026-10-04T11:16:32Z
district,Sarawak,Sarikei,incomeMedian,4675.0,RM per household per month,2024-01-01,https://data.gov.my/data-catalogue/hies_district,fresh,2026-10-04T11:16:32Z
district,Sarawak,Sarikei,expenditureMean,3849.0,RM per household per month,2024-01-01,https://data.gov.my/data-catalogue/hies_district,fresh,2026-10-04T11:16:32Z
district,Sarawak,Sarikei,incomeMinusExpenditure,826.0,RM per household per month,2024-01-01,https://data.gov.my/data-catalogue/hies_district,fresh,2026-10-04T11:16:32Z
district,Sarawak,Sarikei,incomeToExpenditureRatio,1.215,ratio,2024-01-01,https://data.gov.my/data-catalogue/hies_district,fresh,2026-10-04T11:16:32Z
district,Sarawak,Sarikei,poverty,17.8,%,2024-01-01,https://data.gov.my/data-catalogue/hies_district,fresh,2026-10-04T11:16:32Z
district,Sarawak,Sarikei,gini,0.355,coefficient,2024-01-01,https://data.gov.my/data-catalogue/hies_district,fresh,2026-10-04T11:16:32Z
district,Sarawak,Sarikei,unemploymentRate,4.3,%,2024-01-01,https://data.gov.my/data-catalogue/lfs_district,fresh,2026-10-04T11:16:32Z
district,Sarawak,Sarikei,participationRate,69.0,%,2024-01-01,https://data.gov.my/data-catalogue/lfs_district,fresh,2026-10-04T11:16:32Z
district,Sarawak,Sarikei,employmentPopulationRatio,66.1,%,2024-01-01,https://data.gov.my/data-catalogue/lfs_district,fresh,2026-10-04T11:16:32Z
district,Sarawak,Sarikei,labourForce,21.6,thousand persons,2024-01-01,https://data.gov.my/data-catalogue/lfs_district,fresh,2026-10-04T11:16:32Z
district,Sarawak,Sarikei,realGdp,0.996,RM billion (constant 2015 prices),2020-01-01,https://data.gov.my/data-catalogue/gdp_district_real_supply,fresh,2026-10-04T11:16:32Z
district,Sarawak,Sarikei,largestSector,Services,sector,2020-01-01,https://data.gov.my/data-catalogue/gdp_district_real_supply,fresh,2026-10-04T11:16:32Z
district,Sarawak,Sarikei,largestSectorShare,51.86,%,2020-01-01,https://data.gov.my/data-catalogue/gdp_district_real_supply,fresh,2026-10-04T11:16:32Z
district,Sarawak,Sarikei,sector.p5.value,0.517,RM billion (constant 2015 prices),2020-01-01,https://data.gov.my/data-catalogue/gdp_district_real_supply,fresh,2026-10-04T11:16:32Z
district,Sarawak,Sarikei,sector.p5.share,51.86,%,2020-01-01,https://data.gov.my/data-catalogue/gdp_district_real_supply,fresh,2026-10-04T11:16:32Z
district,Sarawak,Sarikei,sector.p1.value,0.368,RM billion (constant 2015 prices),2020-01-01,https://data.gov.my/data-catalogue/gdp_district_real_supply,fresh,2026-10-04T11:16:32Z
district,Sarawak,Sarikei,sector.p1.share,36.92,%,2020-01-01,https://data.gov.my/data-catalogue/gdp_district_real_supply,fresh,2026-10-04T11:16:32Z
district,Sarawak,Sarikei,sector.p4.value,0.063,RM billion (constant 2015 prices),2020-01-01,https://data.gov.my/data-catalogue/gdp_district_real_supply,fresh,2026-10-04T11:16:32Z
district,Sarawak,Sarikei,sector.p4.share,6.3,%,2020-01-01,https://data.gov.my/data-catalogue/gdp_district_real_supply,fresh,2026-10-04T11:16:32Z
district,Sarawak,Sarikei,sector.p3.value,0.048,RM billion (constant 2015 prices),2020-01-01,https://data.gov.my/data-catalogue/gdp_district_real_supply,fresh,2026-10-04T11:16:32Z
district,Sarawak,Sarikei,sector.p3.share,4.79,%,2020-01-01,https://data.gov.my/data-catalogue/gdp_district_real_supply,fresh,2026-10-04T11:16:32Z
district,Sarawak,Sarikei,sector.p2.value,0.0,RM billion (constant 2015 prices),2020-01-01,https://data.gov.my/data-catalogue/gdp_district_real_supply,fresh,2026-10-04T11:16:32Z
district,Sarawak,Sarikei,sector.p2.share,0.0,%,2020-01-01,https://data.gov.my/data-catalogue/gdp_district_real_supply,fresh,2026-10-04T11:16:32Z
district,Sarawak,Sebauh,incomeMean,5726.0,RM per household per month,2024-01-01,https://data.gov.my/data-catalogue/hies_district,fresh,2026-10-04T11:16:32Z
district,Sarawak,Sebauh,incomeMedian,4636.0,RM per household per month,2024-01-01,https://data.gov.my/data-catalogue/hies_district,fresh,2026-10-04T11:16:32Z
district,Sarawak,Sebauh,expenditureMean,3311.0,RM per household per month,2024-01-01,https://data.gov.my/data-catalogue/hies_district,fresh,2026-10-04T11:16:32Z
district,Sarawak,Sebauh,incomeMinusExpenditure,1325.0,RM per household per month,2024-01-01,https://data.gov.my/data-catalogue/hies_district,fresh,2026-10-04T11:16:32Z
district,Sarawak,Sebauh,incomeToExpenditureRatio,1.4,ratio,2024-01-01,https://data.gov.my/data-catalogue/hies_district,fresh,2026-10-04T11:16:32Z
district,Sarawak,Sebauh,poverty,2.9,%,2024-01-01,https://data.gov.my/data-catalogue/hies_district,fresh,2026-10-04T11:16:32Z
district,Sarawak,Sebauh,gini,0.295,coefficient,2024-01-01,https://data.gov.my/data-catalogue/hies_district,fresh,2026-10-04T11:16:32Z
district,Sarawak,Sebauh,unemploymentRate,1.4,%,2024-01-01,https://data.gov.my/data-catalogue/lfs_district,fresh,2026-10-04T11:16:32Z
district,Sarawak,Sebauh,participationRate,68.7,%,2024-01-01,https://data.gov.my/data-catalogue/lfs_district,fresh,2026-10-04T11:16:32Z
district,Sarawak,Sebauh,employmentPopulationRatio,67.7,%,2024-01-01,https://data.gov.my/data-catalogue/lfs_district,fresh,2026-10-04T11:16:32Z
district,Sarawak,Sebauh,labourForce,17.2,thousand persons,2024-01-01,https://data.gov.my/data-catalogue/lfs_district,fresh,2026-10-04T11:16:32Z
district,Sarawak,Sebauh,realGdp,0.424,RM billion (constant 2015 prices),2020-01-01,https://data.gov.my/data-catalogue/gdp_district_real_supply,fresh,2026-10-04T11:16:32Z
district,Sarawak,Sebauh,largestSector,Agriculture,sector,2020-01-01,https://data.gov.my/data-catalogue/gdp_district_real_supply,fresh,2026-10-04T11:16:32Z
district,Sarawak,Sebauh,largestSectorShare,65.38,%,2020-01-01,https://data.gov.my/data-catalogue/gdp_district_real_supply,fresh,2026-10-04T11:16:32Z
district,Sarawak,Sebauh,sector.p1.value,0.277,RM billion (constant 2015 prices),2020-01-01,https://data.gov.my/data-catalogue/gdp_district_real_supply,fresh,2026-10-04T11:16:32Z
district,Sarawak,Sebauh,sector.p1.share,65.38,%,2020-01-01,https://data.gov.my/data-catalogue/gdp_district_real_supply,fresh,2026-10-04T11:16:32Z
district,Sarawak,Sebauh,sector.p5.value,0.146,RM billion (constant 2015 prices),2020-01-01,https://data.gov.my/data-catalogue/gdp_district_real_supply,fresh,2026-10-04T11:16:32Z
district,Sarawak,Sebauh,sector.p5.share,34.47,%,2020-01-01,https://data.gov.my/data-catalogue/gdp_district_real_supply,fresh,2026-10-04T11:16:32Z
district,Sarawak,Sebauh,sector.p2.value,0.0,RM billion (constant 2015 prices),2020-01-01,https://data.gov.my/data-catalogue/gdp_district_real_supply,fresh,2026-10-04T11:16:32Z
district,Sarawak,Sebauh,sector.p2.share,0.0,%,2020-01-01,https://data.gov.my/data-catalogue/gdp_district_real_supply,fresh,2026-10-04T11:16:32Z
district,Sarawak,Sebauh,sector.p3.value,0.0,RM billion (constant 2015 prices),2020-01-01,https://data.gov.my/data-catalogue/gdp_district_real_supply,fresh,2026-10-04T11:16:32Z
district,Sarawak,Sebauh,sector.p3.share,0.0,%,2020-01-01,https://data.gov.my/data-catalogue/gdp_district_real_supply,fresh,2026-10-04T11:16:32Z
district,Sarawak,Sebuyau,incomeMean,3603.0,RM per household per month,2024-01-01,https://data.gov.my/data-catalogue/hies_district,fresh,2026-10-04T11:16:32Z
district,Sarawak,Sebuyau,incomeMedian,2717.0,RM per household per month,2024-01-01,https://data.gov.my/data-catalogue/hies_district,fresh,2026-10-04T11:16:32Z
district,Sarawak,Sebuyau,expenditureMean,2462.0,RM per household per month,2024-01-01,https://data.gov.my/data-catalogue/hies_district,fresh,2026-10-04T11:16:32Z
district,Sarawak,Sebuyau,incomeMinusExpenditure,255.0,RM per household per month,2024-01-01,https://data.gov.my/data-catalogue/hies_district,fresh,2026-10-04T11:16:32Z
district,Sarawak,Sebuyau,incomeToExpenditureRatio,1.104,ratio,2024-01-01,https://data.gov.my/data-catalogue/hies_district,fresh,2026-10-04T11:16:32Z
district,Sarawak,Sebuyau,poverty,21.4,%,2024-01-01,https://data.gov.my/data-catalogue/hies_district,fresh,2026-10-04T11:16:32Z
district,Sarawak,Sebuyau,gini,0.31,coefficient,2024-01-01,https://data.gov.my/data-catalogue/hies_district,fresh,2026-10-04T11:16:32Z
district,Sarawak,Selangau,incomeMean,4688.0,RM per household per month,2024-01-01,https://data.gov.my/data-catalogue/hies_district,fresh,2026-10-04T11:16:32Z
district,Sarawak,Selangau,incomeMedian,4170.0,RM per household per month,2024-01-01,https://data.gov.my/data-catalogue/hies_district,fresh,2026-10-04T11:16:32Z
district,Sarawak,Selangau,expenditureMean,2947.0,RM per household per month,2024-01-01,https://data.gov.my/data-catalogue/hies_district,fresh,2026-10-04T11:16:32Z
district,Sarawak,Selangau,incomeMinusExpenditure,1223.0,RM per household per month,2024-01-01,https://data.gov.my/data-catalogue/hies_district,fresh,2026-10-04T11:16:32Z
district,Sarawak,Selangau,incomeToExpenditureRatio,1.415,ratio,2024-01-01,https://data.gov.my/data-catalogue/hies_district,fresh,2026-10-04T11:16:32Z
district,Sarawak,Selangau,poverty,17.2,%,2024-01-01,https://data.gov.my/data-catalogue/hies_district,fresh,2026-10-04T11:16:32Z
district,Sarawak,Selangau,gini,0.291,coefficient,2024-01-01,https://data.gov.my/data-catalogue/hies_district,fresh,2026-10-04T11:16:32Z
district,Sarawak,Selangau,unemploymentRate,2.3,%,2024-01-01,https://data.gov.my/data-catalogue/lfs_district,fresh,2026-10-04T11:16:32Z
district,Sarawak,Selangau,participationRate,66.2,%,2024-01-01,https://data.gov.my/data-catalogue/lfs_district,fresh,2026-10-04T11:16:32Z
district,Sarawak,Selangau,employmentPopulationRatio,64.8,%,2024-01-01,https://data.gov.my/data-catalogue/lfs_district,fresh,2026-10-04T11:16:32Z
district,Sarawak,Selangau,labourForce,9.6,thousand persons,2024-01-01,https://data.gov.my/data-catalogue/lfs_district,fresh,2026-10-04T11:16:32Z
district,Sarawak,Selangau,realGdp,0.209,RM billion (constant 2015 prices),2020-01-01,https://data.gov.my/data-catalogue/gdp_district_real_supply,fresh,2026-10-04T11:16:32Z
district,Sarawak,Selangau,largestSector,Agriculture,sector,2020-01-01,https://data.gov.my/data-catalogue/gdp_district_real_supply,fresh,2026-10-04T11:16:32Z
district,Sarawak,Selangau,largestSectorShare,54.22,%,2020-01-01,https://data.gov.my/data-catalogue/gdp_district_real_supply,fresh,2026-10-04T11:16:32Z
district,Sarawak,Selangau,sector.p1.value,0.114,RM billion (constant 2015 prices),2020-01-01,https://data.gov.my/data-catalogue/gdp_district_real_supply,fresh,2026-10-04T11:16:32Z
district,Sarawak,Selangau,sector.p1.share,54.22,%,2020-01-01,https://data.gov.my/data-catalogue/gdp_district_real_supply,fresh,2026-10-04T11:16:32Z
district,Sarawak,Selangau,sector.p5.value,0.092,RM billion (constant 2015 prices),2020-01-01,https://data.gov.my/data-catalogue/gdp_district_real_supply,fresh,2026-10-04T11:16:32Z
district,Sarawak,Selangau,sector.p5.share,44.15,%,2020-01-01,https://data.gov.my/data-catalogue/gdp_district_real_supply,fresh,2026-10-04T11:16:32Z
district,Sarawak,Selangau,sector.p2.value,0.0,RM billion (constant 2015 prices),2020-01-01,https://data.gov.my/data-catalogue/gdp_district_real_supply,fresh,2026-10-04T11:16:32Z
district,Sarawak,Selangau,sector.p2.share,0.0,%,2020-01-01,https://data.gov.my/data-catalogue/gdp_district_real_supply,fresh,2026-10-04T11:16:32Z
district,Sarawak,Serian,incomeMean,5113.0,RM per household per month,2024-01-01,https://data.gov.my/data-catalogue/hies_district,fresh,2026-10-04T11:16:32Z
district,Sarawak,Serian,incomeMedian,4082.0,RM per household per month,2024-01-01,https://data.gov.my/data-catalogue/hies_district,fresh,2026-10-04T11:16:32Z
district,Sarawak,Serian,expenditureMean,3594.0,RM per household per month,2024-01-01,https://data.gov.my/data-catalogue/hies_district,fresh,2026-10-04T11:16:32Z
district,Sarawak,Serian,incomeMinusExpenditure,488.0,RM per household per month,2024-01-01,https://data.gov.my/data-catalogue/hies_district,fresh,2026-10-04T11:16:32Z
district,Sarawak,Serian,incomeToExpenditureRatio,1.136,ratio,2024-01-01,https://data.gov.my/data-catalogue/hies_district,fresh,2026-10-04T11:16:32Z
district,Sarawak,Serian,poverty,11.8,%,2024-01-01,https://data.gov.my/data-catalogue/hies_district,fresh,2026-10-04T11:16:32Z
district,Sarawak,Serian,gini,0.326,coefficient,2024-01-01,https://data.gov.my/data-catalogue/hies_district,fresh,2026-10-04T11:16:32Z
district,Sarawak,Serian,unemploymentRate,6.7,%,2024-01-01,https://data.gov.my/data-catalogue/lfs_district,fresh,2026-10-04T11:16:32Z
district,Sarawak,Serian,participationRate,57.7,%,2024-01-01,https://data.gov.my/data-catalogue/lfs_district,fresh,2026-10-04T11:16:32Z
district,Sarawak,Serian,employmentPopulationRatio,53.8,%,2024-01-01,https://data.gov.my/data-catalogue/lfs_district,fresh,2026-10-04T11:16:32Z
district,Sarawak,Serian,labourForce,34.5,thousand persons,2024-01-01,https://data.gov.my/data-catalogue/lfs_district,fresh,2026-10-04T11:16:32Z
district,Sarawak,Serian,realGdp,0.933,RM billion (constant 2015 prices),2020-01-01,https://data.gov.my/data-catalogue/gdp_district_real_supply,fresh,2026-10-04T11:16:32Z
district,Sarawak,Serian,largestSector,Services,sector,2020-01-01,https://data.gov.my/data-catalogue/gdp_district_real_supply,fresh,2026-10-04T11:16:32Z
district,Sarawak,Serian,largestSectorShare,56.37,%,2020-01-01,https://data.gov.my/data-catalogue/gdp_district_real_supply,fresh,2026-10-04T11:16:32Z
district,Sarawak,Serian,sector.p5.value,0.526,RM billion (constant 2015 prices),2020-01-01,https://data.gov.my/data-catalogue/gdp_district_real_supply,fresh,2026-10-04T11:16:32Z
district,Sarawak,Serian,sector.p5.share,56.37,%,2020-01-01,https://data.gov.my/data-catalogue/gdp_district_real_supply,fresh,2026-10-04T11:16:32Z
district,Sarawak,Serian,sector.p1.value,0.381,RM billion (constant 2015 prices),2020-01-01,https://data.gov.my/data-catalogue/gdp_district_real_supply,fresh,2026-10-04T11:16:32Z
district,Sarawak,Serian,sector.p1.share,40.84,%,2020-01-01,https://data.gov.my/data-catalogue/gdp_district_real_supply,fresh,2026-10-04T11:16:32Z
district,Sarawak,Serian,sector.p3.value,0.009,RM billion (constant 2015 prices),2020-01-01,https://data.gov.my/data-catalogue/gdp_district_real_supply,fresh,2026-10-04T11:16:32Z
district,Sarawak,Serian,sector.p3.share,1.01,%,2020-01-01,https://data.gov.my/data-catalogue/gdp_district_real_supply,fresh,2026-10-04T11:16:32Z
district,Sarawak,Serian,sector.p2.value,0.008,RM billion (constant 2015 prices),2020-01-01,https://data.gov.my/data-catalogue/gdp_district_real_supply,fresh,2026-10-04T11:16:32Z
district,Sarawak,Serian,sector.p2.share,0.89,%,2020-01-01,https://data.gov.my/data-catalogue/gdp_district_real_supply,fresh,2026-10-04T11:16:32Z
district,Sarawak,Serian,sector.p4.value,0.007,RM billion (constant 2015 prices),2020-01-01,https://data.gov.my/data-catalogue/gdp_district_real_supply,fresh,2026-10-04T11:16:32Z
district,Sarawak,Serian,sector.p4.share,0.78,%,2020-01-01,https://data.gov.my/data-catalogue/gdp_district_real_supply,fresh,2026-10-04T11:16:32Z
district,Sarawak,Sibu,incomeMean,6842.0,RM per household per month,2024-01-01,https://data.gov.my/data-catalogue/hies_district,fresh,2026-10-04T11:16:32Z
district,Sarawak,Sibu,incomeMedian,5737.0,RM per household per month,2024-01-01,https://data.gov.my/data-catalogue/hies_district,fresh,2026-10-04T11:16:32Z
district,Sarawak,Sibu,expenditureMean,4490.0,RM per household per month,2024-01-01,https://data.gov.my/data-catalogue/hies_district,fresh,2026-10-04T11:16:32Z
district,Sarawak,Sibu,incomeMinusExpenditure,1247.0,RM per household per month,2024-01-01,https://data.gov.my/data-catalogue/hies_district,fresh,2026-10-04T11:16:32Z
district,Sarawak,Sibu,incomeToExpenditureRatio,1.278,ratio,2024-01-01,https://data.gov.my/data-catalogue/hies_district,fresh,2026-10-04T11:16:32Z
district,Sarawak,Sibu,poverty,6.3,%,2024-01-01,https://data.gov.my/data-catalogue/hies_district,fresh,2026-10-04T11:16:32Z
district,Sarawak,Sibu,gini,0.32,coefficient,2024-01-01,https://data.gov.my/data-catalogue/hies_district,fresh,2026-10-04T11:16:32Z
district,Sarawak,Sibu,unemploymentRate,5.7,%,2024-01-01,https://data.gov.my/data-catalogue/lfs_district,fresh,2026-10-04T11:16:32Z
district,Sarawak,Sibu,participationRate,71.1,%,2024-01-01,https://data.gov.my/data-catalogue/lfs_district,fresh,2026-10-04T11:16:32Z
district,Sarawak,Sibu,employmentPopulationRatio,67.0,%,2024-01-01,https://data.gov.my/data-catalogue/lfs_district,fresh,2026-10-04T11:16:32Z
district,Sarawak,Sibu,labourForce,130.7,thousand persons,2024-01-01,https://data.gov.my/data-catalogue/lfs_district,fresh,2026-10-04T11:16:32Z
district,Sarawak,Sibu,realGdp,8.279,RM billion (constant 2015 prices),2020-01-01,https://data.gov.my/data-catalogue/gdp_district_real_supply,fresh,2026-10-04T11:16:32Z
district,Sarawak,Sibu,largestSector,Services,sector,2020-01-01,https://data.gov.my/data-catalogue/gdp_district_real_supply,fresh,2026-10-04T11:16:32Z
district,Sarawak,Sibu,largestSectorShare,72.68,%,2020-01-01,https://data.gov.my/data-catalogue/gdp_district_real_supply,fresh,2026-10-04T11:16:32Z
district,Sarawak,Sibu,sector.p5.value,6.017,RM billion (constant 2015 prices),2020-01-01,https://data.gov.my/data-catalogue/gdp_district_real_supply,fresh,2026-10-04T11:16:32Z
district,Sarawak,Sibu,sector.p5.share,72.68,%,2020-01-01,https://data.gov.my/data-catalogue/gdp_district_real_supply,fresh,2026-10-04T11:16:32Z
district,Sarawak,Sibu,sector.p1.value,1.201,RM billion (constant 2015 prices),2020-01-01,https://data.gov.my/data-catalogue/gdp_district_real_supply,fresh,2026-10-04T11:16:32Z
district,Sarawak,Sibu,sector.p1.share,14.5,%,2020-01-01,https://data.gov.my/data-catalogue/gdp_district_real_supply,fresh,2026-10-04T11:16:32Z
district,Sarawak,Sibu,sector.p3.value,0.809,RM billion (constant 2015 prices),2020-01-01,https://data.gov.my/data-catalogue/gdp_district_real_supply,fresh,2026-10-04T11:16:32Z
district,Sarawak,Sibu,sector.p3.share,9.77,%,2020-01-01,https://data.gov.my/data-catalogue/gdp_district_real_supply,fresh,2026-10-04T11:16:32Z
district,Sarawak,Sibu,sector.p4.value,0.197,RM billion (constant 2015 prices),2020-01-01,https://data.gov.my/data-catalogue/gdp_district_real_supply,fresh,2026-10-04T11:16:32Z
district,Sarawak,Sibu,sector.p4.share,2.39,%,2020-01-01,https://data.gov.my/data-catalogue/gdp_district_real_supply,fresh,2026-10-04T11:16:32Z
district,Sarawak,Sibu,sector.p2.value,0.034,RM billion (constant 2015 prices),2020-01-01,https://data.gov.my/data-catalogue/gdp_district_real_supply,fresh,2026-10-04T11:16:32Z
district,Sarawak,Sibu,sector.p2.share,0.41,%,2020-01-01,https://data.gov.my/data-catalogue/gdp_district_real_supply,fresh,2026-10-04T11:16:32Z
district,Sarawak,Siburan,incomeMean,6368.0,RM per household per month,2024-01-01,https://data.gov.my/data-catalogue/hies_district,fresh,2026-10-04T11:16:32Z
district,Sarawak,Siburan,incomeMedian,5217.0,RM per household per month,2024-01-01,https://data.gov.my/data-catalogue/hies_district,fresh,2026-10-04T11:16:32Z
district,Sarawak,Siburan,expenditureMean,4088.0,RM per household per month,2024-01-01,https://data.gov.my/data-catalogue/hies_district,fresh,2026-10-04T11:16:32Z
district,Sarawak,Siburan,incomeMinusExpenditure,1129.0,RM per household per month,2024-01-01,https://data.gov.my/data-catalogue/hies_district,fresh,2026-10-04T11:16:32Z
district,Sarawak,Siburan,incomeToExpenditureRatio,1.276,ratio,2024-01-01,https://data.gov.my/data-catalogue/hies_district,fresh,2026-10-04T11:16:32Z
district,Sarawak,Siburan,poverty,4.2,%,2024-01-01,https://data.gov.my/data-catalogue/hies_district,fresh,2026-10-04T11:16:32Z
district,Sarawak,Siburan,gini,0.335,coefficient,2024-01-01,https://data.gov.my/data-catalogue/hies_district,fresh,2026-10-04T11:16:32Z
district,Sarawak,Simunjan,incomeMean,4246.0,RM per household per month,2024-01-01,https://data.gov.my/data-catalogue/hies_district,fresh,2026-10-04T11:16:32Z
district,Sarawak,Simunjan,incomeMedian,3365.0,RM per household per month,2024-01-01,https://data.gov.my/data-catalogue/hies_district,fresh,2026-10-04T11:16:32Z
district,Sarawak,Simunjan,expenditureMean,3130.0,RM per household per month,2024-01-01,https://data.gov.my/data-catalogue/hies_district,fresh,2026-10-04T11:16:32Z
district,Sarawak,Simunjan,incomeMinusExpenditure,235.0,RM per household per month,2024-01-01,https://data.gov.my/data-catalogue/hies_district,fresh,2026-10-04T11:16:32Z
district,Sarawak,Simunjan,incomeToExpenditureRatio,1.075,ratio,2024-01-01,https://data.gov.my/data-catalogue/hies_district,fresh,2026-10-04T11:16:32Z
district,Sarawak,Simunjan,poverty,14.9,%,2024-01-01,https://data.gov.my/data-catalogue/hies_district,fresh,2026-10-04T11:16:32Z
district,Sarawak,Simunjan,gini,0.311,coefficient,2024-01-01,https://data.gov.my/data-catalogue/hies_district,fresh,2026-10-04T11:16:32Z
district,Sarawak,Simunjan,unemploymentRate,4.2,%,2024-01-01,https://data.gov.my/data-catalogue/lfs_district,fresh,2026-10-04T11:16:32Z
district,Sarawak,Simunjan,participationRate,63.6,%,2024-01-01,https://data.gov.my/data-catalogue/lfs_district,fresh,2026-10-04T11:16:32Z
district,Sarawak,Simunjan,employmentPopulationRatio,61.1,%,2024-01-01,https://data.gov.my/data-catalogue/lfs_district,fresh,2026-10-04T11:16:32Z
district,Sarawak,Simunjan,labourForce,15.7,thousand persons,2024-01-01,https://data.gov.my/data-catalogue/lfs_district,fresh,2026-10-04T11:16:32Z
district,Sarawak,Simunjan,realGdp,0.525,RM billion (constant 2015 prices),2020-01-01,https://data.gov.my/data-catalogue/gdp_district_real_supply,fresh,2026-10-04T11:16:32Z
district,Sarawak,Simunjan,largestSector,Agriculture,sector,2020-01-01,https://data.gov.my/data-catalogue/gdp_district_real_supply,fresh,2026-10-04T11:16:32Z
district,Sarawak,Simunjan,largestSectorShare,63.14,%,2020-01-01,https://data.gov.my/data-catalogue/gdp_district_real_supply,fresh,2026-10-04T11:16:32Z
district,Sarawak,Simunjan,sector.p1.value,0.331,RM billion (constant 2015 prices),2020-01-01,https://data.gov.my/data-catalogue/gdp_district_real_supply,fresh,2026-10-04T11:16:32Z
district,Sarawak,Simunjan,sector.p1.share,63.14,%,2020-01-01,https://data.gov.my/data-catalogue/gdp_district_real_supply,fresh,2026-10-04T11:16:32Z
district,Sarawak,Simunjan,sector.p5.value,0.182,RM billion (constant 2015 prices),2020-01-01,https://data.gov.my/data-catalogue/gdp_district_real_supply,fresh,2026-10-04T11:16:32Z
district,Sarawak,Simunjan,sector.p5.share,34.77,%,2020-01-01,https://data.gov.my/data-catalogue/gdp_district_real_supply,fresh,2026-10-04T11:16:32Z
district,Sarawak,Simunjan,sector.p3.value,0.006,RM billion (constant 2015 prices),2020-01-01,https://data.gov.my/data-catalogue/gdp_district_real_supply,fresh,2026-10-04T11:16:32Z
district,Sarawak,Simunjan,sector.p3.share,1.13,%,2020-01-01,https://data.gov.my/data-catalogue/gdp_district_real_supply,fresh,2026-10-04T11:16:32Z
district,Sarawak,Simunjan,sector.p2.value,0.0,RM billion (constant 2015 prices),2020-01-01,https://data.gov.my/data-catalogue/gdp_district_real_supply,fresh,2026-10-04T11:16:32Z
district,Sarawak,Simunjan,sector.p2.share,0.0,%,2020-01-01,https://data.gov.my/data-catalogue/gdp_district_real_supply,fresh,2026-10-04T11:16:32Z
district,Sarawak,Song,incomeMean,4077.0,RM per household per month,2024-01-01,https://data.gov.my/data-catalogue/hies_district,fresh,2026-10-04T11:16:32Z
district,Sarawak,Song,incomeMedian,3052.0,RM per household per month,2024-01-01,https://data.gov.my/data-catalogue/hies_district,fresh,2026-10-04T11:16:32Z
district,Sarawak,Song,expenditureMean,2939.0,RM per household per month,2024-01-01,https://data.gov.my/data-catalogue/hies_district,fresh,2026-10-04T11:16:32Z
district,Sarawak,Song,incomeMinusExpenditure,113.0,RM per household per month,2024-01-01,https://data.gov.my/data-catalogue/hies_district,fresh,2026-10-04T11:16:32Z
district,Sarawak,Song,incomeToExpenditureRatio,1.038,ratio,2024-01-01,https://data.gov.my/data-catalogue/hies_district,fresh,2026-10-04T11:16:32Z
district,Sarawak,Song,poverty,11.3,%,2024-01-01,https://data.gov.my/data-catalogue/hies_district,fresh,2026-10-04T11:16:32Z
district,Sarawak,Song,gini,0.344,coefficient,2024-01-01,https://data.gov.my/data-catalogue/hies_district,fresh,2026-10-04T11:16:32Z
district,Sarawak,Song,unemploymentRate,3.7,%,2024-01-01,https://data.gov.my/data-catalogue/lfs_district,fresh,2026-10-04T11:16:32Z
district,Sarawak,Song,participationRate,56.9,%,2024-01-01,https://data.gov.my/data-catalogue/lfs_district,fresh,2026-10-04T11:16:32Z
district,Sarawak,Song,employmentPopulationRatio,53.8,%,2024-01-01,https://data.gov.my/data-catalogue/lfs_district,fresh,2026-10-04T11:16:32Z
district,Sarawak,Song,labourForce,3.7,thousand persons,2024-01-01,https://data.gov.my/data-catalogue/lfs_district,fresh,2026-10-04T11:16:32Z
district,Sarawak,Song,realGdp,0.312,RM billion (constant 2015 prices),2020-01-01,https://data.gov.my/data-catalogue/gdp_district_real_supply,fresh,2026-10-04T11:16:32Z
district,Sarawak,Song,largestSector,Agriculture,sector,2020-01-01,https://data.gov.my/data-catalogue/gdp_district_real_supply,fresh,2026-10-04T11:16:32Z
district,Sarawak,Song,largestSectorShare,81.56,%,2020-01-01,https://data.gov.my/data-catalogue/gdp_district_real_supply,fresh,2026-10-04T11:16:32Z
district,Sarawak,Song,sector.p1.value,0.255,RM billion (constant 2015 prices),2020-01-01,https://data.gov.my/data-catalogue/gdp_district_real_supply,fresh,2026-10-04T11:16:32Z
district,Sarawak,Song,sector.p1.share,81.56,%,2020-01-01,https://data.gov.my/data-catalogue/gdp_district_real_supply,fresh,2026-10-04T11:16:32Z
district,Sarawak,Song,sector.p5.value,0.057,RM billion (constant 2015 prices),2020-01-01,https://data.gov.my/data-catalogue/gdp_district_real_supply,fresh,2026-10-04T11:16:32Z
district,Sarawak,Song,sector.p5.share,18.3,%,2020-01-01,https://data.gov.my/data-catalogue/gdp_district_real_supply,fresh,2026-10-04T11:16:32Z
district,Sarawak,Song,sector.p2.value,0.0,RM billion (constant 2015 prices),2020-01-01,https://data.gov.my/data-catalogue/gdp_district_real_supply,fresh,2026-10-04T11:16:32Z
district,Sarawak,Song,sector.p2.share,0.0,%,2020-01-01,https://data.gov.my/data-catalogue/gdp_district_real_supply,fresh,2026-10-04T11:16:32Z
district,Sarawak,Song,sector.p3.value,0.0,RM billion (constant 2015 prices),2020-01-01,https://data.gov.my/data-catalogue/gdp_district_real_supply,fresh,2026-10-04T11:16:32Z
district,Sarawak,Song,sector.p3.share,0.0,%,2020-01-01,https://data.gov.my/data-catalogue/gdp_district_real_supply,fresh,2026-10-04T11:16:32Z
district,Sarawak,Sri Aman,incomeMean,5349.0,RM per household per month,2024-01-01,https://data.gov.my/data-catalogue/hies_district,fresh,2026-10-04T11:16:32Z
district,Sarawak,Sri Aman,incomeMedian,3967.0,RM per household per month,2024-01-01,https://data.gov.my/data-catalogue/hies_district,fresh,2026-10-04T11:16:32Z
district,Sarawak,Sri Aman,expenditureMean,3378.0,RM per household per month,2024-01-01,https://data.gov.my/data-catalogue/hies_district,fresh,2026-10-04T11:16:32Z
district,Sarawak,Sri Aman,incomeMinusExpenditure,589.0,RM per household per month,2024-01-01,https://data.gov.my/data-catalogue/hies_district,fresh,2026-10-04T11:16:32Z
district,Sarawak,Sri Aman,incomeToExpenditureRatio,1.174,ratio,2024-01-01,https://data.gov.my/data-catalogue/hies_district,fresh,2026-10-04T11:16:32Z
district,Sarawak,Sri Aman,poverty,6.2,%,2024-01-01,https://data.gov.my/data-catalogue/hies_district,fresh,2026-10-04T11:16:32Z
district,Sarawak,Sri Aman,gini,0.383,coefficient,2024-01-01,https://data.gov.my/data-catalogue/hies_district,fresh,2026-10-04T11:16:32Z
district,Sarawak,Sri Aman,unemploymentRate,1.6,%,2024-01-01,https://data.gov.my/data-catalogue/lfs_district,fresh,2026-10-04T11:16:32Z
district,Sarawak,Sri Aman,participationRate,67.8,%,2024-01-01,https://data.gov.my/data-catalogue/lfs_district,fresh,2026-10-04T11:16:32Z
district,Sarawak,Sri Aman,employmentPopulationRatio,66.9,%,2024-01-01,https://data.gov.my/data-catalogue/lfs_district,fresh,2026-10-04T11:16:32Z
district,Sarawak,Sri Aman,labourForce,27.9,thousand persons,2024-01-01,https://data.gov.my/data-catalogue/lfs_district,fresh,2026-10-04T11:16:32Z
district,Sarawak,Sri Aman,realGdp,0.784,RM billion (constant 2015 prices),2020-01-01,https://data.gov.my/data-catalogue/gdp_district_real_supply,fresh,2026-10-04T11:16:32Z
district,Sarawak,Sri Aman,largestSector,Services,sector,2020-01-01,https://data.gov.my/data-catalogue/gdp_district_real_supply,fresh,2026-10-04T11:16:32Z
district,Sarawak,Sri Aman,largestSectorShare,51.59,%,2020-01-01,https://data.gov.my/data-catalogue/gdp_district_real_supply,fresh,2026-10-04T11:16:32Z
district,Sarawak,Sri Aman,sector.p5.value,0.404,RM billion (constant 2015 prices),2020-01-01,https://data.gov.my/data-catalogue/gdp_district_real_supply,fresh,2026-10-04T11:16:32Z
district,Sarawak,Sri Aman,sector.p5.share,51.59,%,2020-01-01,https://data.gov.my/data-catalogue/gdp_district_real_supply,fresh,2026-10-04T11:16:32Z
district,Sarawak,Sri Aman,sector.p1.value,0.346,RM billion (constant 2015 prices),2020-01-01,https://data.gov.my/data-catalogue/gdp_district_real_supply,fresh,2026-10-04T11:16:32Z
district,Sarawak,Sri Aman,sector.p1.share,44.11,%,2020-01-01,https://data.gov.my/data-catalogue/gdp_district_real_supply,fresh,2026-10-04T11:16:32Z
district,Sarawak,Sri Aman,sector.p4.value,0.021,RM billion (constant 2015 prices),2020-01-01,https://data.gov.my/data-catalogue/gdp_district_real_supply,fresh,2026-10-04T11:16:32Z
district,Sarawak,Sri Aman,sector.p4.share,2.74,%,2020-01-01,https://data.gov.my/data-catalogue/gdp_district_real_supply,fresh,2026-10-04T11:16:32Z
district,Sarawak,Sri Aman,sector.p3.value,0.006,RM billion (constant 2015 prices),2020-01-01,https://data.gov.my/data-catalogue/gdp_district_real_supply,fresh,2026-10-04T11:16:32Z
district,Sarawak,Sri Aman,sector.p3.share,0.79,%,2020-01-01,https://data.gov.my/data-catalogue/gdp_district_real_supply,fresh,2026-10-04T11:16:32Z
district,Sarawak,Sri Aman,sector.p2.value,0.005,RM billion (constant 2015 prices),2020-01-01,https://data.gov.my/data-catalogue/gdp_district_real_supply,fresh,2026-10-04T11:16:32Z
district,Sarawak,Sri Aman,sector.p2.share,0.68,%,2020-01-01,https://data.gov.my/data-catalogue/gdp_district_real_supply,fresh,2026-10-04T11:16:32Z
district,Sarawak,Subis,incomeMean,6475.0,RM per household per month,2024-01-01,https://data.gov.my/data-catalogue/hies_district,fresh,2026-10-04T11:16:32Z
district,Sarawak,Subis,incomeMedian,5531.0,RM per household per month,2024-01-01,https://data.gov.my/data-catalogue/hies_district,fresh,2026-10-04T11:16:32Z
district,Sarawak,Subis,expenditureMean,3967.0,RM per household per month,2024-01-01,https://data.gov.my/data-catalogue/hies_district,fresh,2026-10-04T11:16:32Z
district,Sarawak,Subis,incomeMinusExpenditure,1564.0,RM per household per month,2024-01-01,https://data.gov.my/data-catalogue/hies_district,fresh,2026-10-04T11:16:32Z
district,Sarawak,Subis,incomeToExpenditureRatio,1.394,ratio,2024-01-01,https://data.gov.my/data-catalogue/hies_district,fresh,2026-10-04T11:16:32Z
district,Sarawak,Subis,poverty,2.4,%,2024-01-01,https://data.gov.my/data-catalogue/hies_district,fresh,2026-10-04T11:16:32Z
district,Sarawak,Subis,gini,0.274,coefficient,2024-01-01,https://data.gov.my/data-catalogue/hies_district,fresh,2026-10-04T11:16:32Z
district,Sarawak,Subis,unemploymentRate,1.5,%,2024-01-01,https://data.gov.my/data-catalogue/lfs_district,fresh,2026-10-04T11:16:32Z
district,Sarawak,Subis,participationRate,70.5,%,2024-01-01,https://data.gov.my/data-catalogue/lfs_district,fresh,2026-10-04T11:16:32Z
district,Sarawak,Subis,employmentPopulationRatio,69.3,%,2024-01-01,https://data.gov.my/data-catalogue/lfs_district,fresh,2026-10-04T11:16:32Z
district,Sarawak,Subis,labourForce,29.4,thousand persons,2024-01-01,https://data.gov.my/data-catalogue/lfs_district,fresh,2026-10-04T11:16:32Z
district,Sarawak,Subis,realGdp,0.868,RM billion (constant 2015 prices),2020-01-01,https://data.gov.my/data-catalogue/gdp_district_real_supply,fresh,2026-10-04T11:16:32Z
district,Sarawak,Subis,largestSector,Agriculture,sector,2020-01-01,https://data.gov.my/data-catalogue/gdp_district_real_supply,fresh,2026-10-04T11:16:32Z
district,Sarawak,Subis,largestSectorShare,77.08,%,2020-01-01,https://data.gov.my/data-catalogue/gdp_district_real_supply,fresh,2026-10-04T11:16:32Z
district,Sarawak,Subis,sector.p1.value,0.669,RM billion (constant 2015 prices),2020-01-01,https://data.gov.my/data-catalogue/gdp_district_real_supply,fresh,2026-10-04T11:16:32Z
district,Sarawak,Subis,sector.p1.share,77.08,%,2020-01-01,https://data.gov.my/data-catalogue/gdp_district_real_supply,fresh,2026-10-04T11:16:32Z
district,Sarawak,Subis,sector.p5.value,0.191,RM billion (constant 2015 prices),2020-01-01,https://data.gov.my/data-catalogue/gdp_district_real_supply,fresh,2026-10-04T11:16:32Z
district,Sarawak,Subis,sector.p5.share,22.03,%,2020-01-01,https://data.gov.my/data-catalogue/gdp_district_real_supply,fresh,2026-10-04T11:16:32Z
district,Sarawak,Subis,sector.p3.value,0.007,RM billion (constant 2015 prices),2020-01-01,https://data.gov.my/data-catalogue/gdp_district_real_supply,fresh,2026-10-04T11:16:32Z
district,Sarawak,Subis,sector.p3.share,0.78,%,2020-01-01,https://data.gov.my/data-catalogue/gdp_district_real_supply,fresh,2026-10-04T11:16:32Z
district,Sarawak,Subis,sector.p2.value,0.0,RM billion (constant 2015 prices),2020-01-01,https://data.gov.my/data-catalogue/gdp_district_real_supply,fresh,2026-10-04T11:16:32Z
district,Sarawak,Subis,sector.p2.share,0.0,%,2020-01-01,https://data.gov.my/data-catalogue/gdp_district_real_supply,fresh,2026-10-04T11:16:32Z
district_residual,Sarawak,Supra,realGdp,27.409,RM billion (constant 2015 prices),2020-01-01,https://data.gov.my/data-catalogue/gdp_district_real_supply,fresh,2026-10-04T11:16:32Z
district_residual,Sarawak,Supra,largestSector,Mining and quarrying,sector,2020-01-01,https://data.gov.my/data-catalogue/gdp_district_real_supply,fresh,2026-10-04T11:16:32Z
district_residual,Sarawak,Supra,largestSectorShare,100.0,%,2020-01-01,https://data.gov.my/data-catalogue/gdp_district_real_supply,fresh,2026-10-04T11:16:32Z
district_residual,Sarawak,Supra,sector.p2.value,27.409,RM billion (constant 2015 prices),2020-01-01,https://data.gov.my/data-catalogue/gdp_district_real_supply,fresh,2026-10-04T11:16:32Z
district_residual,Sarawak,Supra,sector.p2.share,100.0,%,2020-01-01,https://data.gov.my/data-catalogue/gdp_district_real_supply,fresh,2026-10-04T11:16:32Z
district_residual,Sarawak,Supra,sector.p1.value,0.0,RM billion (constant 2015 prices),2020-01-01,https://data.gov.my/data-catalogue/gdp_district_real_supply,fresh,2026-10-04T11:16:32Z
district_residual,Sarawak,Supra,sector.p1.share,0.0,%,2020-01-01,https://data.gov.my/data-catalogue/gdp_district_real_supply,fresh,2026-10-04T11:16:32Z
district_residual,Sarawak,Supra,sector.p3.value,0.0,RM billion (constant 2015 prices),2020-01-01,https://data.gov.my/data-catalogue/gdp_district_real_supply,fresh,2026-10-04T11:16:32Z
district_residual,Sarawak,Supra,sector.p3.share,0.0,%,2020-01-01,https://data.gov.my/data-catalogue/gdp_district_real_supply,fresh,2026-10-04T11:16:32Z
district_residual,Sarawak,Supra,sector.p4.value,0.0,RM billion (constant 2015 prices),2020-01-01,https://data.gov.my/data-catalogue/gdp_district_real_supply,fresh,2026-10-04T11:16:32Z
district_residual,Sarawak,Supra,sector.p4.share,0.0,%,2020-01-01,https://data.gov.my/data-catalogue/gdp_district_real_supply,fresh,2026-10-04T11:16:32Z
district_residual,Sarawak,Supra,sector.p5.value,0.0,RM billion (constant 2015 prices),2020-01-01,https://data.gov.my/data-catalogue/gdp_district_real_supply,fresh,2026-10-04T11:16:32Z
district_residual,Sarawak,Supra,sector.p5.share,0.0,%,2020-01-01,https://data.gov.my/data-catalogue/gdp_district_real_supply,fresh,2026-10-04T11:16:32Z
district,Sarawak,Tanjung Manis,incomeMean,4457.0,RM per household per month,2024-01-01,https://data.gov.my/data-catalogue/hies_district,fresh,2026-10-04T11:16:32Z
district,Sarawak,Tanjung Manis,incomeMedian,3837.0,RM per household per month,2024-01-01,https://data.gov.my/data-catalogue/hies_district,fresh,2026-10-04T11:16:32Z
district,Sarawak,Tanjung Manis,expenditureMean,2902.0,RM per household per month,2024-01-01,https://data.gov.my/data-catalogue/hies_district,fresh,2026-10-04T11:16:32Z
district,Sarawak,Tanjung Manis,incomeMinusExpenditure,935.0,RM per household per month,2024-01-01,https://data.gov.my/data-catalogue/hies_district,fresh,2026-10-04T11:16:32Z
district,Sarawak,Tanjung Manis,incomeToExpenditureRatio,1.322,ratio,2024-01-01,https://data.gov.my/data-catalogue/hies_district,fresh,2026-10-04T11:16:32Z
district,Sarawak,Tanjung Manis,poverty,15.4,%,2024-01-01,https://data.gov.my/data-catalogue/hies_district,fresh,2026-10-04T11:16:32Z
district,Sarawak,Tanjung Manis,gini,0.303,coefficient,2024-01-01,https://data.gov.my/data-catalogue/hies_district,fresh,2026-10-04T11:16:32Z
district,Sarawak,Tanjung Manis,unemploymentRate,5.6,%,2024-01-01,https://data.gov.my/data-catalogue/lfs_district,fresh,2026-10-04T11:16:32Z
district,Sarawak,Tanjung Manis,participationRate,64.4,%,2024-01-01,https://data.gov.my/data-catalogue/lfs_district,fresh,2026-10-04T11:16:32Z
district,Sarawak,Tanjung Manis,employmentPopulationRatio,61.1,%,2024-01-01,https://data.gov.my/data-catalogue/lfs_district,fresh,2026-10-04T11:16:32Z
district,Sarawak,Tanjung Manis,labourForce,3.5,thousand persons,2024-01-01,https://data.gov.my/data-catalogue/lfs_district,fresh,2026-10-04T11:16:32Z
district,Sarawak,Tanjung Manis,realGdp,0.149,RM billion (constant 2015 prices),2020-01-01,https://data.gov.my/data-catalogue/gdp_district_real_supply,fresh,2026-10-04T11:16:32Z
district,Sarawak,Tanjung Manis,largestSector,Agriculture,sector,2020-01-01,https://data.gov.my/data-catalogue/gdp_district_real_supply,fresh,2026-10-04T11:16:32Z
district,Sarawak,Tanjung Manis,largestSectorShare,47.67,%,2020-01-01,https://data.gov.my/data-catalogue/gdp_district_real_supply,fresh,2026-10-04T11:16:32Z
district,Sarawak,Tanjung Manis,sector.p1.value,0.071,RM billion (constant 2015 prices),2020-01-01,https://data.gov.my/data-catalogue/gdp_district_real_supply,fresh,2026-10-04T11:16:32Z
district,Sarawak,Tanjung Manis,sector.p1.share,47.67,%,2020-01-01,https://data.gov.my/data-catalogue/gdp_district_real_supply,fresh,2026-10-04T11:16:32Z
district,Sarawak,Tanjung Manis,sector.p5.value,0.055,RM billion (constant 2015 prices),2020-01-01,https://data.gov.my/data-catalogue/gdp_district_real_supply,fresh,2026-10-04T11:16:32Z
district,Sarawak,Tanjung Manis,sector.p5.share,36.77,%,2020-01-01,https://data.gov.my/data-catalogue/gdp_district_real_supply,fresh,2026-10-04T11:16:32Z
district,Sarawak,Tanjung Manis,sector.p4.value,0.022,RM billion (constant 2015 prices),2020-01-01,https://data.gov.my/data-catalogue/gdp_district_real_supply,fresh,2026-10-04T11:16:32Z
district,Sarawak,Tanjung Manis,sector.p4.share,15.05,%,2020-01-01,https://data.gov.my/data-catalogue/gdp_district_real_supply,fresh,2026-10-04T11:16:32Z
district,Sarawak,Tanjung Manis,sector.p2.value,0.0,RM billion (constant 2015 prices),2020-01-01,https://data.gov.my/data-catalogue/gdp_district_real_supply,fresh,2026-10-04T11:16:32Z
district,Sarawak,Tanjung Manis,sector.p2.share,0.0,%,2020-01-01,https://data.gov.my/data-catalogue/gdp_district_real_supply,fresh,2026-10-04T11:16:32Z
district,Sarawak,Tatau,incomeMean,5807.0,RM per household per month,2024-01-01,https://data.gov.my/data-catalogue/hies_district,fresh,2026-10-04T11:16:32Z
district,Sarawak,Tatau,incomeMedian,4409.0,RM per household per month,2024-01-01,https://data.gov.my/data-catalogue/hies_district,fresh,2026-10-04T11:16:32Z
district,Sarawak,Tatau,expenditureMean,3071.0,RM per household per month,2024-01-01,https://data.gov.my/data-catalogue/hies_district,fresh,2026-10-04T11:16:32Z
district,Sarawak,Tatau,incomeMinusExpenditure,1338.0,RM per household per month,2024-01-01,https://data.gov.my/data-catalogue/hies_district,fresh,2026-10-04T11:16:32Z
district,Sarawak,Tatau,incomeToExpenditureRatio,1.436,ratio,2024-01-01,https://data.gov.my/data-catalogue/hies_district,fresh,2026-10-04T11:16:32Z
district,Sarawak,Tatau,poverty,2.6,%,2024-01-01,https://data.gov.my/data-catalogue/hies_district,fresh,2026-10-04T11:16:32Z
district,Sarawak,Tatau,gini,0.308,coefficient,2024-01-01,https://data.gov.my/data-catalogue/hies_district,fresh,2026-10-04T11:16:32Z
district,Sarawak,Tatau,unemploymentRate,2.8,%,2024-01-01,https://data.gov.my/data-catalogue/lfs_district,fresh,2026-10-04T11:16:32Z
district,Sarawak,Tatau,participationRate,70.7,%,2024-01-01,https://data.gov.my/data-catalogue/lfs_district,fresh,2026-10-04T11:16:32Z
district,Sarawak,Tatau,employmentPopulationRatio,68.7,%,2024-01-01,https://data.gov.my/data-catalogue/lfs_district,fresh,2026-10-04T11:16:32Z
district,Sarawak,Tatau,labourForce,16.3,thousand persons,2024-01-01,https://data.gov.my/data-catalogue/lfs_district,fresh,2026-10-04T11:16:32Z
district,Sarawak,Tatau,realGdp,0.417,RM billion (constant 2015 prices),2020-01-01,https://data.gov.my/data-catalogue/gdp_district_real_supply,fresh,2026-10-04T11:16:32Z
district,Sarawak,Tatau,largestSector,Agriculture,sector,2020-01-01,https://data.gov.my/data-catalogue/gdp_district_real_supply,fresh,2026-10-04T11:16:32Z
district,Sarawak,Tatau,largestSectorShare,63.4,%,2020-01-01,https://data.gov.my/data-catalogue/gdp_district_real_supply,fresh,2026-10-04T11:16:32Z
district,Sarawak,Tatau,sector.p1.value,0.264,RM billion (constant 2015 prices),2020-01-01,https://data.gov.my/data-catalogue/gdp_district_real_supply,fresh,2026-10-04T11:16:32Z
district,Sarawak,Tatau,sector.p1.share,63.4,%,2020-01-01,https://data.gov.my/data-catalogue/gdp_district_real_supply,fresh,2026-10-04T11:16:32Z
district,Sarawak,Tatau,sector.p5.value,0.131,RM billion (constant 2015 prices),2020-01-01,https://data.gov.my/data-catalogue/gdp_district_real_supply,fresh,2026-10-04T11:16:32Z
district,Sarawak,Tatau,sector.p5.share,31.56,%,2020-01-01,https://data.gov.my/data-catalogue/gdp_district_real_supply,fresh,2026-10-04T11:16:32Z
district,Sarawak,Tatau,sector.p3.value,0.015,RM billion (constant 2015 prices),2020-01-01,https://data.gov.my/data-catalogue/gdp_district_real_supply,fresh,2026-10-04T11:16:32Z
district,Sarawak,Tatau,sector.p3.share,3.61,%,2020-01-01,https://data.gov.my/data-catalogue/gdp_district_real_supply,fresh,2026-10-04T11:16:32Z
district,Sarawak,Tatau,sector.p2.value,0.005,RM billion (constant 2015 prices),2020-01-01,https://data.gov.my/data-catalogue/gdp_district_real_supply,fresh,2026-10-04T11:16:32Z
district,Sarawak,Tatau,sector.p2.share,1.23,%,2020-01-01,https://data.gov.my/data-catalogue/gdp_district_real_supply,fresh,2026-10-04T11:16:32Z
district,Sarawak,Tebedu,incomeMean,3375.0,RM per household per month,2024-01-01,https://data.gov.my/data-catalogue/hies_district,fresh,2026-10-04T11:16:32Z
district,Sarawak,Tebedu,incomeMedian,3024.0,RM per household per month,2024-01-01,https://data.gov.my/data-catalogue/hies_district,fresh,2026-10-04T11:16:32Z
district,Sarawak,Tebedu,expenditureMean,2639.0,RM per household per month,2024-01-01,https://data.gov.my/data-catalogue/hies_district,fresh,2026-10-04T11:16:32Z
district,Sarawak,Tebedu,incomeMinusExpenditure,385.0,RM per household per month,2024-01-01,https://data.gov.my/data-catalogue/hies_district,fresh,2026-10-04T11:16:32Z
district,Sarawak,Tebedu,incomeToExpenditureRatio,1.146,ratio,2024-01-01,https://data.gov.my/data-catalogue/hies_district,fresh,2026-10-04T11:16:32Z
district,Sarawak,Tebedu,poverty,25.8,%,2024-01-01,https://data.gov.my/data-catalogue/hies_district,fresh,2026-10-04T11:16:32Z
district,Sarawak,Tebedu,gini,0.249,coefficient,2024-01-01,https://data.gov.my/data-catalogue/hies_district,fresh,2026-10-04T11:16:32Z
district,Sarawak,Tebedu,unemploymentRate,6.1,%,2024-01-01,https://data.gov.my/data-catalogue/lfs_district,fresh,2026-10-04T11:16:32Z
district,Sarawak,Tebedu,participationRate,49.1,%,2024-01-01,https://data.gov.my/data-catalogue/lfs_district,fresh,2026-10-04T11:16:32Z
district,Sarawak,Tebedu,employmentPopulationRatio,46.4,%,2024-01-01,https://data.gov.my/data-catalogue/lfs_district,fresh,2026-10-04T11:16:32Z
district,Sarawak,Tebedu,labourForce,8.9,thousand persons,2024-01-01,https://data.gov.my/data-catalogue/lfs_district,fresh,2026-10-04T11:16:32Z
district,Sarawak,Tebedu,realGdp,0.071,RM billion (constant 2015 prices),2020-01-01,https://data.gov.my/data-catalogue/gdp_district_real_supply,fresh,2026-10-04T11:16:32Z
district,Sarawak,Tebedu,largestSector,Services,sector,2020-01-01,https://data.gov.my/data-catalogue/gdp_district_real_supply,fresh,2026-10-04T11:16:32Z
district,Sarawak,Tebedu,largestSectorShare,78.48,%,2020-01-01,https://data.gov.my/data-catalogue/gdp_district_real_supply,fresh,2026-10-04T11:16:32Z
district,Sarawak,Tebedu,sector.p5.value,0.056,RM billion (constant 2015 prices),2020-01-01,https://data.gov.my/data-catalogue/gdp_district_real_supply,fresh,2026-10-04T11:16:32Z
district,Sarawak,Tebedu,sector.p5.share,78.48,%,2020-01-01,https://data.gov.my/data-catalogue/gdp_district_real_supply,fresh,2026-10-04T11:16:32Z
district,Sarawak,Tebedu,sector.p1.value,0.015,RM billion (constant 2015 prices),2020-01-01,https://data.gov.my/data-catalogue/gdp_district_real_supply,fresh,2026-10-04T11:16:32Z
district,Sarawak,Tebedu,sector.p1.share,20.88,%,2020-01-01,https://data.gov.my/data-catalogue/gdp_district_real_supply,fresh,2026-10-04T11:16:32Z
district,Sarawak,Tebedu,sector.p2.value,0.0,RM billion (constant 2015 prices),2020-01-01,https://data.gov.my/data-catalogue/gdp_district_real_supply,fresh,2026-10-04T11:16:32Z
district,Sarawak,Tebedu,sector.p2.share,0.0,%,2020-01-01,https://data.gov.my/data-catalogue/gdp_district_real_supply,fresh,2026-10-04T11:16:32Z
district,Sarawak,Telang Usan,incomeMean,4795.0,RM per household per month,2024-01-01,https://data.gov.my/data-catalogue/hies_district,fresh,2026-10-04T11:16:32Z
district,Sarawak,Telang Usan,incomeMedian,4281.0,RM per household per month,2024-01-01,https://data.gov.my/data-catalogue/hies_district,fresh,2026-10-04T11:16:32Z
district,Sarawak,Telang Usan,expenditureMean,2824.0,RM per household per month,2024-01-01,https://data.gov.my/data-catalogue/hies_district,fresh,2026-10-04T11:16:32Z
district,Sarawak,Telang Usan,incomeMinusExpenditure,1457.0,RM per household per month,2024-01-01,https://data.gov.my/data-catalogue/hies_district,fresh,2026-10-04T11:16:32Z
district,Sarawak,Telang Usan,incomeToExpenditureRatio,1.516,ratio,2024-01-01,https://data.gov.my/data-catalogue/hies_district,fresh,2026-10-04T11:16:32Z
district,Sarawak,Telang Usan,poverty,1.3,%,2024-01-01,https://data.gov.my/data-catalogue/hies_district,fresh,2026-10-04T11:16:32Z
district,Sarawak,Telang Usan,gini,0.229,coefficient,2024-01-01,https://data.gov.my/data-catalogue/hies_district,fresh,2026-10-04T11:16:32Z
district,Sarawak,Telang Usan,unemploymentRate,1.5,%,2024-01-01,https://data.gov.my/data-catalogue/lfs_district,fresh,2026-10-04T11:16:32Z
district,Sarawak,Telang Usan,participationRate,67.8,%,2024-01-01,https://data.gov.my/data-catalogue/lfs_district,fresh,2026-10-04T11:16:32Z
district,Sarawak,Telang Usan,employmentPopulationRatio,67.2,%,2024-01-01,https://data.gov.my/data-catalogue/lfs_district,fresh,2026-10-04T11:16:32Z
district,Sarawak,Telang Usan,labourForce,8.9,thousand persons,2024-01-01,https://data.gov.my/data-catalogue/lfs_district,fresh,2026-10-04T11:16:32Z
district,Sarawak,Telang Usan,realGdp,0.088,RM billion (constant 2015 prices),2020-01-01,https://data.gov.my/data-catalogue/gdp_district_real_supply,fresh,2026-10-04T11:16:32Z
district,Sarawak,Telang Usan,largestSector,Services,sector,2020-01-01,https://data.gov.my/data-catalogue/gdp_district_real_supply,fresh,2026-10-04T11:16:32Z
district,Sarawak,Telang Usan,largestSectorShare,56.63,%,2020-01-01,https://data.gov.my/data-catalogue/gdp_district_real_supply,fresh,2026-10-04T11:16:32Z
district,Sarawak,Telang Usan,sector.p5.value,0.05,RM billion (constant 2015 prices),2020-01-01,https://data.gov.my/data-catalogue/gdp_district_real_supply,fresh,2026-10-04T11:16:32Z
district,Sarawak,Telang Usan,sector.p5.share,56.63,%,2020-01-01,https://data.gov.my/data-catalogue/gdp_district_real_supply,fresh,2026-10-04T11:16:32Z
district,Sarawak,Telang Usan,sector.p1.value,0.038,RM billion (constant 2015 prices),2020-01-01,https://data.gov.my/data-catalogue/gdp_district_real_supply,fresh,2026-10-04T11:16:32Z
district,Sarawak,Telang Usan,sector.p1.share,42.83,%,2020-01-01,https://data.gov.my/data-catalogue/gdp_district_real_supply,fresh,2026-10-04T11:16:32Z
district,Sarawak,Telang Usan,sector.p2.value,0.0,RM billion (constant 2015 prices),2020-01-01,https://data.gov.my/data-catalogue/gdp_district_real_supply,fresh,2026-10-04T11:16:32Z
district,Sarawak,Telang Usan,sector.p2.share,0.0,%,2020-01-01,https://data.gov.my/data-catalogue/gdp_district_real_supply,fresh,2026-10-04T11:16:32Z
district,Selangor,Gombak,incomeMean,14168.0,RM per household per month,2024-01-01,https://data.gov.my/data-catalogue/hies_district,fresh,2026-10-04T11:16:32Z
district,Selangor,Gombak,incomeMedian,10777.0,RM per household per month,2024-01-01,https://data.gov.my/data-catalogue/hies_district,fresh,2026-10-04T11:16:32Z
district,Selangor,Gombak,expenditureMean,7326.0,RM per household per month,2024-01-01,https://data.gov.my/data-catalogue/hies_district,fresh,2026-10-04T11:16:32Z
district,Selangor,Gombak,incomeMinusExpenditure,3451.0,RM per household per month,2024-01-01,https://data.gov.my/data-catalogue/hies_district,fresh,2026-10-04T11:16:32Z
district,Selangor,Gombak,incomeToExpenditureRatio,1.471,ratio,2024-01-01,https://data.gov.my/data-catalogue/hies_district,fresh,2026-10-04T11:16:32Z
district,Selangor,Gombak,poverty,2.1,%,2024-01-01,https://data.gov.my/data-catalogue/hies_district,fresh,2026-10-04T11:16:32Z
district,Selangor,Gombak,gini,0.366,coefficient,2024-01-01,https://data.gov.my/data-catalogue/hies_district,fresh,2026-10-04T11:16:32Z
district,Selangor,Gombak,unemploymentRate,3.0,%,2024-01-01,https://data.gov.my/data-catalogue/lfs_district,fresh,2026-10-04T11:16:32Z
district,Selangor,Gombak,participationRate,75.7,%,2024-01-01,https://data.gov.my/data-catalogue/lfs_district,fresh,2026-10-04T11:16:32Z
district,Selangor,Gombak,employmentPopulationRatio,73.4,%,2024-01-01,https://data.gov.my/data-catalogue/lfs_district,fresh,2026-10-04T11:16:32Z
district,Selangor,Gombak,labourForce,527.5,thousand persons,2024-01-01,https://data.gov.my/data-catalogue/lfs_district,fresh,2026-10-04T11:16:32Z
district,Selangor,Gombak,realGdp,27.484,RM billion (constant 2015 prices),2020-01-01,https://data.gov.my/data-catalogue/gdp_district_real_supply,fresh,2026-10-04T11:16:32Z
district,Selangor,Gombak,largestSector,Services,sector,2020-01-01,https://data.gov.my/data-catalogue/gdp_district_real_supply,fresh,2026-10-04T11:16:32Z
district,Selangor,Gombak,largestSectorShare,66.18,%,2020-01-01,https://data.gov.my/data-catalogue/gdp_district_real_supply,fresh,2026-10-04T11:16:32Z
district,Selangor,Gombak,sector.p5.value,18.19,RM billion (constant 2015 prices),2020-01-01,https://data.gov.my/data-catalogue/gdp_district_real_supply,fresh,2026-10-04T11:16:32Z
district,Selangor,Gombak,sector.p5.share,66.18,%,2020-01-01,https://data.gov.my/data-catalogue/gdp_district_real_supply,fresh,2026-10-04T11:16:32Z
district,Selangor,Gombak,sector.p3.value,7.506,RM billion (constant 2015 prices),2020-01-01,https://data.gov.my/data-catalogue/gdp_district_real_supply,fresh,2026-10-04T11:16:32Z
district,Selangor,Gombak,sector.p3.share,27.31,%,2020-01-01,https://data.gov.my/data-catalogue/gdp_district_real_supply,fresh,2026-10-04T11:16:32Z
district,Selangor,Gombak,sector.p4.value,0.917,RM billion (constant 2015 prices),2020-01-01,https://data.gov.my/data-catalogue/gdp_district_real_supply,fresh,2026-10-04T11:16:32Z
district,Selangor,Gombak,sector.p4.share,3.34,%,2020-01-01,https://data.gov.my/data-catalogue/gdp_district_real_supply,fresh,2026-10-04T11:16:32Z
district,Selangor,Gombak,sector.p1.value,0.142,RM billion (constant 2015 prices),2020-01-01,https://data.gov.my/data-catalogue/gdp_district_real_supply,fresh,2026-10-04T11:16:32Z
district,Selangor,Gombak,sector.p1.share,0.52,%,2020-01-01,https://data.gov.my/data-catalogue/gdp_district_real_supply,fresh,2026-10-04T11:16:32Z
district,Selangor,Gombak,sector.p2.value,0.056,RM billion (constant 2015 prices),2020-01-01,https://data.gov.my/data-catalogue/gdp_district_real_supply,fresh,2026-10-04T11:16:32Z
district,Selangor,Gombak,sector.p2.share,0.2,%,2020-01-01,https://data.gov.my/data-catalogue/gdp_district_real_supply,fresh,2026-10-04T11:16:32Z
district,Selangor,Klang,incomeMean,10912.0,RM per household per month,2024-01-01,https://data.gov.my/data-catalogue/hies_district,fresh,2026-10-04T11:16:32Z
district,Selangor,Klang,incomeMedian,8837.0,RM per household per month,2024-01-01,https://data.gov.my/data-catalogue/hies_district,fresh,2026-10-04T11:16:32Z
district,Selangor,Klang,expenditureMean,6927.0,RM per household per month,2024-01-01,https://data.gov.my/data-catalogue/hies_district,fresh,2026-10-04T11:16:32Z
district,Selangor,Klang,incomeMinusExpenditure,1910.0,RM per household per month,2024-01-01,https://data.gov.my/data-catalogue/hies_district,fresh,2026-10-04T11:16:32Z
district,Selangor,Klang,incomeToExpenditureRatio,1.276,ratio,2024-01-01,https://data.gov.my/data-catalogue/hies_district,fresh,2026-10-04T11:16:32Z
district,Selangor,Klang,poverty,1.0,%,2024-01-01,https://data.gov.my/data-catalogue/hies_district,fresh,2026-10-04T11:16:32Z
district,Selangor,Klang,gini,0.299,coefficient,2024-01-01,https://data.gov.my/data-catalogue/hies_district,fresh,2026-10-04T11:16:32Z
district,Selangor,Klang,unemploymentRate,2.6,%,2024-01-01,https://data.gov.my/data-catalogue/lfs_district,fresh,2026-10-04T11:16:32Z
district,Selangor,Klang,participationRate,80.3,%,2024-01-01,https://data.gov.my/data-catalogue/lfs_district,fresh,2026-10-04T11:16:32Z
district,Selangor,Klang,employmentPopulationRatio,78.2,%,2024-01-01,https://data.gov.my/data-catalogue/lfs_district,fresh,2026-10-04T11:16:32Z
district,Selangor,Klang,labourForce,674.6,thousand persons,2024-01-01,https://data.gov.my/data-catalogue/lfs_district,fresh,2026-10-04T11:16:32Z
district,Selangor,Klang,realGdp,50.234,RM billion (constant 2015 prices),2020-01-01,https://data.gov.my/data-catalogue/gdp_district_real_supply,fresh,2026-10-04T11:16:32Z
district,Selangor,Klang,largestSector,Services,sector,2020-01-01,https://data.gov.my/data-catalogue/gdp_district_real_supply,fresh,2026-10-04T11:16:32Z
district,Selangor,Klang,largestSectorShare,55.81,%,2020-01-01,https://data.gov.my/data-catalogue/gdp_district_real_supply,fresh,2026-10-04T11:16:32Z
district,Selangor,Klang,sector.p5.value,28.034,RM billion (constant 2015 prices),2020-01-01,https://data.gov.my/data-catalogue/gdp_district_real_supply,fresh,2026-10-04T11:16:32Z
district,Selangor,Klang,sector.p5.share,55.81,%,2020-01-01,https://data.gov.my/data-catalogue/gdp_district_real_supply,fresh,2026-10-04T11:16:32Z
district,Selangor,Klang,sector.p3.value,18.567,RM billion (constant 2015 prices),2020-01-01,https://data.gov.my/data-catalogue/gdp_district_real_supply,fresh,2026-10-04T11:16:32Z
district,Selangor,Klang,sector.p3.share,36.96,%,2020-01-01,https://data.gov.my/data-catalogue/gdp_district_real_supply,fresh,2026-10-04T11:16:32Z
district,Selangor,Klang,sector.p4.value,1.804,RM billion (constant 2015 prices),2020-01-01,https://data.gov.my/data-catalogue/gdp_district_real_supply,fresh,2026-10-04T11:16:32Z
district,Selangor,Klang,sector.p4.share,3.59,%,2020-01-01,https://data.gov.my/data-catalogue/gdp_district_real_supply,fresh,2026-10-04T11:16:32Z
district,Selangor,Klang,sector.p1.value,0.557,RM billion (constant 2015 prices),2020-01-01,https://data.gov.my/data-catalogue/gdp_district_real_supply,fresh,2026-10-04T11:16:32Z
district,Selangor,Klang,sector.p1.share,1.11,%,2020-01-01,https://data.gov.my/data-catalogue/gdp_district_real_supply,fresh,2026-10-04T11:16:32Z
district,Selangor,Klang,sector.p2.value,0.023,RM billion (constant 2015 prices),2020-01-01,https://data.gov.my/data-catalogue/gdp_district_real_supply,fresh,2026-10-04T11:16:32Z
district,Selangor,Klang,sector.p2.share,0.05,%,2020-01-01,https://data.gov.my/data-catalogue/gdp_district_real_supply,fresh,2026-10-04T11:16:32Z
district,Selangor,Kuala Langat,incomeMean,11714.0,RM per household per month,2024-01-01,https://data.gov.my/data-catalogue/hies_district,fresh,2026-10-04T11:16:32Z
district,Selangor,Kuala Langat,incomeMedian,10583.0,RM per household per month,2024-01-01,https://data.gov.my/data-catalogue/hies_district,fresh,2026-10-04T11:16:32Z
district,Selangor,Kuala Langat,expenditureMean,6123.0,RM per household per month,2024-01-01,https://data.gov.my/data-catalogue/hies_district,fresh,2026-10-04T11:16:32Z
district,Selangor,Kuala Langat,incomeMinusExpenditure,4460.0,RM per household per month,2024-01-01,https://data.gov.my/data-catalogue/hies_district,fresh,2026-10-04T11:16:32Z
district,Selangor,Kuala Langat,incomeToExpenditureRatio,1.728,ratio,2024-01-01,https://data.gov.my/data-catalogue/hies_district,fresh,2026-10-04T11:16:32Z
district,Selangor,Kuala Langat,poverty,0.3,%,2024-01-01,https://data.gov.my/data-catalogue/hies_district,fresh,2026-10-04T11:16:32Z
district,Selangor,Kuala Langat,gini,0.16,coefficient,2024-01-01,https://data.gov.my/data-catalogue/hies_district,fresh,2026-10-04T11:16:32Z
district,Selangor,Kuala Langat,unemploymentRate,1.2,%,2024-01-01,https://data.gov.my/data-catalogue/lfs_district,fresh,2026-10-04T11:16:32Z
district,Selangor,Kuala Langat,participationRate,74.8,%,2024-01-01,https://data.gov.my/data-catalogue/lfs_district,fresh,2026-10-04T11:16:32Z
district,Selangor,Kuala Langat,employmentPopulationRatio,73.9,%,2024-01-01,https://data.gov.my/data-catalogue/lfs_district,fresh,2026-10-04T11:16:32Z
district,Selangor,Kuala Langat,labourForce,168.9,thousand persons,2024-01-01,https://data.gov.my/data-catalogue/lfs_district,fresh,2026-10-04T11:16:32Z
district,Selangor,Kuala Langat,realGdp,10.351,RM billion (constant 2015 prices),2020-01-01,https://data.gov.my/data-catalogue/gdp_district_real_supply,fresh,2026-10-04T11:16:32Z
district,Selangor,Kuala Langat,largestSector,Manufacturing,sector,2020-01-01,https://data.gov.my/data-catalogue/gdp_district_real_supply,fresh,2026-10-04T11:16:32Z
district,Selangor,Kuala Langat,largestSectorShare,41.04,%,2020-01-01,https://data.gov.my/data-catalogue/gdp_district_real_supply,fresh,2026-10-04T11:16:32Z
district,Selangor,Kuala Langat,sector.p3.value,4.248,RM billion (constant 2015 prices),2020-01-01,https://data.gov.my/data-catalogue/gdp_district_real_supply,fresh,2026-10-04T11:16:32Z
district,Selangor,Kuala Langat,sector.p3.share,41.04,%,2020-01-01,https://data.gov.my/data-catalogue/gdp_district_real_supply,fresh,2026-10-04T11:16:32Z
district,Selangor,Kuala Langat,sector.p5.value,4.224,RM billion (constant 2015 prices),2020-01-01,https://data.gov.my/data-catalogue/gdp_district_real_supply,fresh,2026-10-04T11:16:32Z
district,Selangor,Kuala Langat,sector.p5.share,40.8,%,2020-01-01,https://data.gov.my/data-catalogue/gdp_district_real_supply,fresh,2026-10-04T11:16:32Z
district,Selangor,Kuala Langat,sector.p4.value,0.774,RM billion (constant 2015 prices),2020-01-01,https://data.gov.my/data-catalogue/gdp_district_real_supply,fresh,2026-10-04T11:16:32Z
district,Selangor,Kuala Langat,sector.p4.share,7.48,%,2020-01-01,https://data.gov.my/data-catalogue/gdp_district_real_supply,fresh,2026-10-04T11:16:32Z
district,Selangor,Kuala Langat,sector.p1.value,0.661,RM billion (constant 2015 prices),2020-01-01,https://data.gov.my/data-catalogue/gdp_district_real_supply,fresh,2026-10-04T11:16:32Z
district,Selangor,Kuala Langat,sector.p1.share,6.38,%,2020-01-01,https://data.gov.my/data-catalogue/gdp_district_real_supply,fresh,2026-10-04T11:16:32Z
district,Selangor,Kuala Langat,sector.p2.value,0.19,RM billion (constant 2015 prices),2020-01-01,https://data.gov.my/data-catalogue/gdp_district_real_supply,fresh,2026-10-04T11:16:32Z
district,Selangor,Kuala Langat,sector.p2.share,1.83,%,2020-01-01,https://data.gov.my/data-catalogue/gdp_district_real_supply,fresh,2026-10-04T11:16:32Z
district,Selangor,Kuala Selangor,incomeMean,10584.0,RM per household per month,2024-01-01,https://data.gov.my/data-catalogue/hies_district,fresh,2026-10-04T11:16:32Z
district,Selangor,Kuala Selangor,incomeMedian,8046.0,RM per household per month,2024-01-01,https://data.gov.my/data-catalogue/hies_district,fresh,2026-10-04T11:16:32Z
district,Selangor,Kuala Selangor,expenditureMean,5974.0,RM per household per month,2024-01-01,https://data.gov.my/data-catalogue/hies_district,fresh,2026-10-04T11:16:32Z
district,Selangor,Kuala Selangor,incomeMinusExpenditure,2072.0,RM per household per month,2024-01-01,https://data.gov.my/data-catalogue/hies_district,fresh,2026-10-04T11:16:32Z
district,Selangor,Kuala Selangor,incomeToExpenditureRatio,1.347,ratio,2024-01-01,https://data.gov.my/data-catalogue/hies_district,fresh,2026-10-04T11:16:32Z
district,Selangor,Kuala Selangor,poverty,1.8,%,2024-01-01,https://data.gov.my/data-catalogue/hies_district,fresh,2026-10-04T11:16:32Z
district,Selangor,Kuala Selangor,gini,0.35,coefficient,2024-01-01,https://data.gov.my/data-catalogue/hies_district,fresh,2026-10-04T11:16:32Z
district,Selangor,Kuala Selangor,unemploymentRate,2.6,%,2024-01-01,https://data.gov.my/data-catalogue/lfs_district,fresh,2026-10-04T11:16:32Z
district,Selangor,Kuala Selangor,participationRate,70.6,%,2024-01-01,https://data.gov.my/data-catalogue/lfs_district,fresh,2026-10-04T11:16:32Z
district,Selangor,Kuala Selangor,employmentPopulationRatio,68.8,%,2024-01-01,https://data.gov.my/data-catalogue/lfs_district,fresh,2026-10-04T11:16:32Z
district,Selangor,Kuala Selangor,labourForce,147.3,thousand persons,2024-01-01,https://data.gov.my/data-catalogue/lfs_district,fresh,2026-10-04T11:16:32Z
district,Selangor,Kuala Selangor,realGdp,5.329,RM billion (constant 2015 prices),2020-01-01,https://data.gov.my/data-catalogue/gdp_district_real_supply,fresh,2026-10-04T11:16:32Z
district,Selangor,Kuala Selangor,largestSector,Services,sector,2020-01-01,https://data.gov.my/data-catalogue/gdp_district_real_supply,fresh,2026-10-04T11:16:32Z
district,Selangor,Kuala Selangor,largestSectorShare,56.13,%,2020-01-01,https://data.gov.my/data-catalogue/gdp_district_real_supply,fresh,2026-10-04T11:16:32Z
district,Selangor,Kuala Selangor,sector.p5.value,2.991,RM billion (constant 2015 prices),2020-01-01,https://data.gov.my/data-catalogue/gdp_district_real_supply,fresh,2026-10-04T11:16:32Z
district,Selangor,Kuala Selangor,sector.p5.share,56.13,%,2020-01-01,https://data.gov.my/data-catalogue/gdp_district_real_supply,fresh,2026-10-04T11:16:32Z
district,Selangor,Kuala Selangor,sector.p3.value,1.004,RM billion (constant 2015 prices),2020-01-01,https://data.gov.my/data-catalogue/gdp_district_real_supply,fresh,2026-10-04T11:16:32Z
district,Selangor,Kuala Selangor,sector.p3.share,18.84,%,2020-01-01,https://data.gov.my/data-catalogue/gdp_district_real_supply,fresh,2026-10-04T11:16:32Z
district,Selangor,Kuala Selangor,sector.p1.value,0.977,RM billion (constant 2015 prices),2020-01-01,https://data.gov.my/data-catalogue/gdp_district_real_supply,fresh,2026-10-04T11:16:32Z
district,Selangor,Kuala Selangor,sector.p1.share,18.34,%,2020-01-01,https://data.gov.my/data-catalogue/gdp_district_real_supply,fresh,2026-10-04T11:16:32Z
district,Selangor,Kuala Selangor,sector.p4.value,0.266,RM billion (constant 2015 prices),2020-01-01,https://data.gov.my/data-catalogue/gdp_district_real_supply,fresh,2026-10-04T11:16:32Z
district,Selangor,Kuala Selangor,sector.p4.share,5.0,%,2020-01-01,https://data.gov.my/data-catalogue/gdp_district_real_supply,fresh,2026-10-04T11:16:32Z
district,Selangor,Kuala Selangor,sector.p2.value,0.012,RM billion (constant 2015 prices),2020-01-01,https://data.gov.my/data-catalogue/gdp_district_real_supply,fresh,2026-10-04T11:16:32Z
district,Selangor,Kuala Selangor,sector.p2.share,0.23,%,2020-01-01,https://data.gov.my/data-catalogue/gdp_district_real_supply,fresh,2026-10-04T11:16:32Z
district,Selangor,Petaling,incomeMean,14422.0,RM per household per month,2024-01-01,https://data.gov.my/data-catalogue/hies_district,fresh,2026-10-04T11:16:32Z
district,Selangor,Petaling,incomeMedian,10688.0,RM per household per month,2024-01-01,https://data.gov.my/data-catalogue/hies_district,fresh,2026-10-04T11:16:32Z
district,Selangor,Petaling,expenditureMean,8210.0,RM per household per month,2024-01-01,https://data.gov.my/data-catalogue/hies_district,fresh,2026-10-04T11:16:32Z
district,Selangor,Petaling,incomeMinusExpenditure,2478.0,RM per household per month,2024-01-01,https://data.gov.my/data-catalogue/hies_district,fresh,2026-10-04T11:16:32Z
district,Selangor,Petaling,incomeToExpenditureRatio,1.302,ratio,2024-01-01,https://data.gov.my/data-catalogue/hies_district,fresh,2026-10-04T11:16:32Z
district,Selangor,Petaling,poverty,1.0,%,2024-01-01,https://data.gov.my/data-catalogue/hies_district,fresh,2026-10-04T11:16:32Z
district,Selangor,Petaling,gini,0.387,coefficient,2024-01-01,https://data.gov.my/data-catalogue/hies_district,fresh,2026-10-04T11:16:32Z
district,Selangor,Petaling,unemploymentRate,2.0,%,2024-01-01,https://data.gov.my/data-catalogue/lfs_district,fresh,2026-10-04T11:16:32Z
district,Selangor,Petaling,participationRate,79.8,%,2024-01-01,https://data.gov.my/data-catalogue/lfs_district,fresh,2026-10-04T11:16:32Z
district,Selangor,Petaling,employmentPopulationRatio,78.1,%,2024-01-01,https://data.gov.my/data-catalogue/lfs_district,fresh,2026-10-04T11:16:32Z
district,Selangor,Petaling,labourForce,1354.1,thousand persons,2024-01-01,https://data.gov.my/data-catalogue/lfs_district,fresh,2026-10-04T11:16:32Z
district,Selangor,Petaling,realGdp,165.748,RM billion (constant 2015 prices),2020-01-01,https://data.gov.my/data-catalogue/gdp_district_real_supply,fresh,2026-10-04T11:16:32Z
district,Selangor,Petaling,largestSector,Services,sector,2020-01-01,https://data.gov.my/data-catalogue/gdp_district_real_supply,fresh,2026-10-04T11:16:32Z
district,Selangor,Petaling,largestSectorShare,64.87,%,2020-01-01,https://data.gov.my/data-catalogue/gdp_district_real_supply,fresh,2026-10-04T11:16:32Z
district,Selangor,Petaling,sector.p5.value,107.516,RM billion (constant 2015 prices),2020-01-01,https://data.gov.my/data-catalogue/gdp_district_real_supply,fresh,2026-10-04T11:16:32Z
district,Selangor,Petaling,sector.p5.share,64.87,%,2020-01-01,https://data.gov.my/data-catalogue/gdp_district_real_supply,fresh,2026-10-04T11:16:32Z
district,Selangor,Petaling,sector.p3.value,43.113,RM billion (constant 2015 prices),2020-01-01,https://data.gov.my/data-catalogue/gdp_district_real_supply,fresh,2026-10-04T11:16:32Z
district,Selangor,Petaling,sector.p3.share,26.01,%,2020-01-01,https://data.gov.my/data-catalogue/gdp_district_real_supply,fresh,2026-10-04T11:16:32Z
district,Selangor,Petaling,sector.p4.value,11.128,RM billion (constant 2015 prices),2020-01-01,https://data.gov.my/data-catalogue/gdp_district_real_supply,fresh,2026-10-04T11:16:32Z
district,Selangor,Petaling,sector.p4.share,6.71,%,2020-01-01,https://data.gov.my/data-catalogue/gdp_district_real_supply,fresh,2026-10-04T11:16:32Z
district,Selangor,Petaling,sector.p2.value,0.164,RM billion (constant 2015 prices),2020-01-01,https://data.gov.my/data-catalogue/gdp_district_real_supply,fresh,2026-10-04T11:16:32Z
district,Selangor,Petaling,sector.p2.share,0.1,%,2020-01-01,https://data.gov.my/data-catalogue/gdp_district_real_supply,fresh,2026-10-04T11:16:32Z
district,Selangor,Petaling,sector.p1.value,0.042,RM billion (constant 2015 prices),2020-01-01,https://data.gov.my/data-catalogue/gdp_district_real_supply,fresh,2026-10-04T11:16:32Z
district,Selangor,Petaling,sector.p1.share,0.03,%,2020-01-01,https://data.gov.my/data-catalogue/gdp_district_real_supply,fresh,2026-10-04T11:16:32Z
district,Selangor,Sabak Bernam,incomeMean,8033.0,RM per household per month,2024-01-01,https://data.gov.my/data-catalogue/hies_district,fresh,2026-10-04T11:16:32Z
district,Selangor,Sabak Bernam,incomeMedian,6941.0,RM per household per month,2024-01-01,https://data.gov.my/data-catalogue/hies_district,fresh,2026-10-04T11:16:32Z
district,Selangor,Sabak Bernam,expenditureMean,5621.0,RM per household per month,2024-01-01,https://data.gov.my/data-catalogue/hies_district,fresh,2026-10-04T11:16:32Z
district,Selangor,Sabak Bernam,incomeMinusExpenditure,1320.0,RM per household per month,2024-01-01,https://data.gov.my/data-catalogue/hies_district,fresh,2026-10-04T11:16:32Z
district,Selangor,Sabak Bernam,incomeToExpenditureRatio,1.235,ratio,2024-01-01,https://data.gov.my/data-catalogue/hies_district,fresh,2026-10-04T11:16:32Z
district,Selangor,Sabak Bernam,poverty,2.7,%,2024-01-01,https://data.gov.my/data-catalogue/hies_district,fresh,2026-10-04T11:16:32Z
district,Selangor,Sabak Bernam,gini,0.268,coefficient,2024-01-01,https://data.gov.my/data-catalogue/hies_district,fresh,2026-10-04T11:16:32Z
district,Selangor,Sabak Bernam,unemploymentRate,1.9,%,2024-01-01,https://data.gov.my/data-catalogue/lfs_district,fresh,2026-10-04T11:16:32Z
district,Selangor,Sabak Bernam,participationRate,71.4,%,2024-01-01,https://data.gov.my/data-catalogue/lfs_district,fresh,2026-10-04T11:16:32Z
district,Selangor,Sabak Bernam,employmentPopulationRatio,70.0,%,2024-01-01,https://data.gov.my/data-catalogue/lfs_district,fresh,2026-10-04T11:16:32Z
district,Selangor,Sabak Bernam,labourForce,54.5,thousand persons,2024-01-01,https://data.gov.my/data-catalogue/lfs_district,fresh,2026-10-04T11:16:32Z
district,Selangor,Sabak Bernam,realGdp,2.253,RM billion (constant 2015 prices),2020-01-01,https://data.gov.my/data-catalogue/gdp_district_real_supply,fresh,2026-10-04T11:16:32Z
district,Selangor,Sabak Bernam,largestSector,Services,sector,2020-01-01,https://data.gov.my/data-catalogue/gdp_district_real_supply,fresh,2026-10-04T11:16:32Z
district,Selangor,Sabak Bernam,largestSectorShare,51.61,%,2020-01-01,https://data.gov.my/data-catalogue/gdp_district_real_supply,fresh,2026-10-04T11:16:32Z
district,Selangor,Sabak Bernam,sector.p5.value,1.163,RM billion (constant 2015 prices),2020-01-01,https://data.gov.my/data-catalogue/gdp_district_real_supply,fresh,2026-10-04T11:16:32Z
district,Selangor,Sabak Bernam,sector.p5.share,51.61,%,2020-01-01,https://data.gov.my/data-catalogue/gdp_district_real_supply,fresh,2026-10-04T11:16:32Z
district,Selangor,Sabak Bernam,sector.p1.value,0.918,RM billion (constant 2015 prices),2020-01-01,https://data.gov.my/data-catalogue/gdp_district_real_supply,fresh,2026-10-04T11:16:32Z
district,Selangor,Sabak Bernam,sector.p1.share,40.74,%,2020-01-01,https://data.gov.my/data-catalogue/gdp_district_real_supply,fresh,2026-10-04T11:16:32Z
district,Selangor,Sabak Bernam,sector.p3.value,0.106,RM billion (constant 2015 prices),2020-01-01,https://data.gov.my/data-catalogue/gdp_district_real_supply,fresh,2026-10-04T11:16:32Z
district,Selangor,Sabak Bernam,sector.p3.share,4.72,%,2020-01-01,https://data.gov.my/data-catalogue/gdp_district_real_supply,fresh,2026-10-04T11:16:32Z
district,Selangor,Sabak Bernam,sector.p4.value,0.047,RM billion (constant 2015 prices),2020-01-01,https://data.gov.my/data-catalogue/gdp_district_real_supply,fresh,2026-10-04T11:16:32Z
district,Selangor,Sabak Bernam,sector.p4.share,2.09,%,2020-01-01,https://data.gov.my/data-catalogue/gdp_district_real_supply,fresh,2026-10-04T11:16:32Z
district,Selangor,Sabak Bernam,sector.p2.value,0.0,RM billion (constant 2015 prices),2020-01-01,https://data.gov.my/data-catalogue/gdp_district_real_supply,fresh,2026-10-04T11:16:32Z
district,Selangor,Sabak Bernam,sector.p2.share,0.0,%,2020-01-01,https://data.gov.my/data-catalogue/gdp_district_real_supply,fresh,2026-10-04T11:16:32Z
district,Selangor,Sepang,incomeMean,15906.0,RM per household per month,2024-01-01,https://data.gov.my/data-catalogue/hies_district,fresh,2026-10-04T11:16:32Z
district,Selangor,Sepang,incomeMedian,11131.0,RM per household per month,2024-01-01,https://data.gov.my/data-catalogue/hies_district,fresh,2026-10-04T11:16:32Z
district,Selangor,Sepang,expenditureMean,7676.0,RM per household per month,2024-01-01,https://data.gov.my/data-catalogue/hies_district,fresh,2026-10-04T11:16:32Z
district,Selangor,Sepang,incomeMinusExpenditure,3455.0,RM per household per month,2024-01-01,https://data.gov.my/data-catalogue/hies_district,fresh,2026-10-04T11:16:32Z
district,Selangor,Sepang,incomeToExpenditureRatio,1.45,ratio,2024-01-01,https://data.gov.my/data-catalogue/hies_district,fresh,2026-10-04T11:16:32Z
district,Selangor,Sepang,poverty,0.1,%,2024-01-01,https://data.gov.my/data-catalogue/hies_district,fresh,2026-10-04T11:16:32Z
district,Selangor,Sepang,gini,0.332,coefficient,2024-01-01,https://data.gov.my/data-catalogue/hies_district,fresh,2026-10-04T11:16:32Z
district,Selangor,Sepang,unemploymentRate,2.5,%,2024-01-01,https://data.gov.my/data-catalogue/lfs_district,fresh,2026-10-04T11:16:32Z
district,Selangor,Sepang,participationRate,76.7,%,2024-01-01,https://data.gov.my/data-catalogue/lfs_district,fresh,2026-10-04T11:16:32Z
district,Selangor,Sepang,employmentPopulationRatio,74.8,%,2024-01-01,https://data.gov.my/data-catalogue/lfs_district,fresh,2026-10-04T11:16:32Z
district,Selangor,Sepang,labourForce,186.6,thousand persons,2024-01-01,https://data.gov.my/data-catalogue/lfs_district,fresh,2026-10-04T11:16:32Z
district,Selangor,Sepang,realGdp,12.628,RM billion (constant 2015 prices),2020-01-01,https://data.gov.my/data-catalogue/gdp_district_real_supply,fresh,2026-10-04T11:16:32Z
district,Selangor,Sepang,largestSector,Services,sector,2020-01-01,https://data.gov.my/data-catalogue/gdp_district_real_supply,fresh,2026-10-04T11:16:32Z
district,Selangor,Sepang,largestSectorShare,77.12,%,2020-01-01,https://data.gov.my/data-catalogue/gdp_district_real_supply,fresh,2026-10-04T11:16:32Z
district,Selangor,Sepang,sector.p5.value,9.74,RM billion (constant 2015 prices),2020-01-01,https://data.gov.my/data-catalogue/gdp_district_real_supply,fresh,2026-10-04T11:16:32Z
district,Selangor,Sepang,sector.p5.share,77.12,%,2020-01-01,https://data.gov.my/data-catalogue/gdp_district_real_supply,fresh,2026-10-04T11:16:32Z
district,Selangor,Sepang,sector.p4.value,1.993,RM billion (constant 2015 prices),2020-01-01,https://data.gov.my/data-catalogue/gdp_district_real_supply,fresh,2026-10-04T11:16:32Z
district,Selangor,Sepang,sector.p4.share,15.79,%,2020-01-01,https://data.gov.my/data-catalogue/gdp_district_real_supply,fresh,2026-10-04T11:16:32Z
district,Selangor,Sepang,sector.p3.value,0.469,RM billion (constant 2015 prices),2020-01-01,https://data.gov.my/data-catalogue/gdp_district_real_supply,fresh,2026-10-04T11:16:32Z
district,Selangor,Sepang,sector.p3.share,3.71,%,2020-01-01,https://data.gov.my/data-catalogue/gdp_district_real_supply,fresh,2026-10-04T11:16:32Z
district,Selangor,Sepang,sector.p1.value,0.281,RM billion (constant 2015 prices),2020-01-01,https://data.gov.my/data-catalogue/gdp_district_real_supply,fresh,2026-10-04T11:16:32Z
district,Selangor,Sepang,sector.p1.share,2.23,%,2020-01-01,https://data.gov.my/data-catalogue/gdp_district_real_supply,fresh,2026-10-04T11:16:32Z
district,Selangor,Sepang,sector.p2.value,0.029,RM billion (constant 2015 prices),2020-01-01,https://data.gov.my/data-catalogue/gdp_district_real_supply,fresh,2026-10-04T11:16:32Z
district,Selangor,Sepang,sector.p2.share,0.23,%,2020-01-01,https://data.gov.my/data-catalogue/gdp_district_real_supply,fresh,2026-10-04T11:16:32Z
district,Selangor,Ulu Langat,incomeMean,13822.0,RM per household per month,2024-01-01,https://data.gov.my/data-catalogue/hies_district,fresh,2026-10-04T11:16:32Z
district,Selangor,Ulu Langat,incomeMedian,11404.0,RM per household per month,2024-01-01,https://data.gov.my/data-catalogue/hies_district,fresh,2026-10-04T11:16:32Z
district,Selangor,Ulu Langat,expenditureMean,6758.0,RM per household per month,2024-01-01,https://data.gov.my/data-catalogue/hies_district,fresh,2026-10-04T11:16:32Z
district,Selangor,Ulu Langat,incomeMinusExpenditure,4646.0,RM per household per month,2024-01-01,https://data.gov.my/data-catalogue/hies_district,fresh,2026-10-04T11:16:32Z
district,Selangor,Ulu Langat,incomeToExpenditureRatio,1.687,ratio,2024-01-01,https://data.gov.my/data-catalogue/hies_district,fresh,2026-10-04T11:16:32Z
district,Selangor,Ulu Langat,poverty,0.1,%,2024-01-01,https://data.gov.my/data-catalogue/hies_district,fresh,2026-10-04T11:16:32Z
district,Selangor,Ulu Langat,gini,0.219,coefficient,2024-01-01,https://data.gov.my/data-catalogue/hies_district,fresh,2026-10-04T11:16:32Z
district,Selangor,Ulu Langat,unemploymentRate,2.3,%,2024-01-01,https://data.gov.my/data-catalogue/lfs_district,fresh,2026-10-04T11:16:32Z
district,Selangor,Ulu Langat,participationRate,77.4,%,2024-01-01,https://data.gov.my/data-catalogue/lfs_district,fresh,2026-10-04T11:16:32Z
district,Selangor,Ulu Langat,employmentPopulationRatio,75.7,%,2024-01-01,https://data.gov.my/data-catalogue/lfs_district,fresh,2026-10-04T11:16:32Z
district,Selangor,Ulu Langat,labourForce,829.6,thousand persons,2024-01-01,https://data.gov.my/data-catalogue/lfs_district,fresh,2026-10-04T11:16:32Z
district,Selangor,Ulu Langat,realGdp,42.309,RM billion (constant 2015 prices),2020-01-01,https://data.gov.my/data-catalogue/gdp_district_real_supply,fresh,2026-10-04T11:16:32Z
district,Selangor,Ulu Langat,largestSector,Services,sector,2020-01-01,https://data.gov.my/data-catalogue/gdp_district_real_supply,fresh,2026-10-04T11:16:32Z
district,Selangor,Ulu Langat,largestSectorShare,59.03,%,2020-01-01,https://data.gov.my/data-catalogue/gdp_district_real_supply,fresh,2026-10-04T11:16:32Z
district,Selangor,Ulu Langat,sector.p5.value,24.976,RM billion (constant 2015 prices),2020-01-01,https://data.gov.my/data-catalogue/gdp_district_real_supply,fresh,2026-10-04T11:16:32Z
district,Selangor,Ulu Langat,sector.p5.share,59.03,%,2020-01-01,https://data.gov.my/data-catalogue/gdp_district_real_supply,fresh,2026-10-04T11:16:32Z
district,Selangor,Ulu Langat,sector.p3.value,14.128,RM billion (constant 2015 prices),2020-01-01,https://data.gov.my/data-catalogue/gdp_district_real_supply,fresh,2026-10-04T11:16:32Z
district,Selangor,Ulu Langat,sector.p3.share,33.39,%,2020-01-01,https://data.gov.my/data-catalogue/gdp_district_real_supply,fresh,2026-10-04T11:16:32Z
district,Selangor,Ulu Langat,sector.p4.value,1.572,RM billion (constant 2015 prices),2020-01-01,https://data.gov.my/data-catalogue/gdp_district_real_supply,fresh,2026-10-04T11:16:32Z
district,Selangor,Ulu Langat,sector.p4.share,3.72,%,2020-01-01,https://data.gov.my/data-catalogue/gdp_district_real_supply,fresh,2026-10-04T11:16:32Z
district,Selangor,Ulu Langat,sector.p1.value,0.397,RM billion (constant 2015 prices),2020-01-01,https://data.gov.my/data-catalogue/gdp_district_real_supply,fresh,2026-10-04T11:16:32Z
district,Selangor,Ulu Langat,sector.p1.share,0.94,%,2020-01-01,https://data.gov.my/data-catalogue/gdp_district_real_supply,fresh,2026-10-04T11:16:32Z
district,Selangor,Ulu Langat,sector.p2.value,0.278,RM billion (constant 2015 prices),2020-01-01,https://data.gov.my/data-catalogue/gdp_district_real_supply,fresh,2026-10-04T11:16:32Z
district,Selangor,Ulu Langat,sector.p2.share,0.66,%,2020-01-01,https://data.gov.my/data-catalogue/gdp_district_real_supply,fresh,2026-10-04T11:16:32Z
district,Selangor,Ulu Selangor,incomeMean,9499.0,RM per household per month,2024-01-01,https://data.gov.my/data-catalogue/hies_district,fresh,2026-10-04T11:16:32Z
district,Selangor,Ulu Selangor,incomeMedian,8485.0,RM per household per month,2024-01-01,https://data.gov.my/data-catalogue/hies_district,fresh,2026-10-04T11:16:32Z
district,Selangor,Ulu Selangor,expenditureMean,5425.0,RM per household per month,2024-01-01,https://data.gov.my/data-catalogue/hies_district,fresh,2026-10-04T11:16:32Z
district,Selangor,Ulu Selangor,incomeMinusExpenditure,3060.0,RM per household per month,2024-01-01,https://data.gov.my/data-catalogue/hies_district,fresh,2026-10-04T11:16:32Z
district,Selangor,Ulu Selangor,incomeToExpenditureRatio,1.564,ratio,2024-01-01,https://data.gov.my/data-catalogue/hies_district,fresh,2026-10-04T11:16:32Z
district,Selangor,Ulu Selangor,poverty,0.4,%,2024-01-01,https://data.gov.my/data-catalogue/hies_district,fresh,2026-10-04T11:16:32Z
district,Selangor,Ulu Selangor,gini,0.299,coefficient,2024-01-01,https://data.gov.my/data-catalogue/hies_district,fresh,2026-10-04T11:16:32Z
district,Selangor,Ulu Selangor,unemploymentRate,1.4,%,2024-01-01,https://data.gov.my/data-catalogue/lfs_district,fresh,2026-10-04T11:16:32Z
district,Selangor,Ulu Selangor,participationRate,77.8,%,2024-01-01,https://data.gov.my/data-catalogue/lfs_district,fresh,2026-10-04T11:16:32Z
district,Selangor,Ulu Selangor,employmentPopulationRatio,76.7,%,2024-01-01,https://data.gov.my/data-catalogue/lfs_district,fresh,2026-10-04T11:16:32Z
district,Selangor,Ulu Selangor,labourForce,140.4,thousand persons,2024-01-01,https://data.gov.my/data-catalogue/lfs_district,fresh,2026-10-04T11:16:32Z
district,Selangor,Ulu Selangor,realGdp,10.468,RM billion (constant 2015 prices),2020-01-01,https://data.gov.my/data-catalogue/gdp_district_real_supply,fresh,2026-10-04T11:16:32Z
district,Selangor,Ulu Selangor,largestSector,Manufacturing,sector,2020-01-01,https://data.gov.my/data-catalogue/gdp_district_real_supply,fresh,2026-10-04T11:16:32Z
district,Selangor,Ulu Selangor,largestSectorShare,57.05,%,2020-01-01,https://data.gov.my/data-catalogue/gdp_district_real_supply,fresh,2026-10-04T11:16:32Z
district,Selangor,Ulu Selangor,sector.p3.value,5.972,RM billion (constant 2015 prices),2020-01-01,https://data.gov.my/data-catalogue/gdp_district_real_supply,fresh,2026-10-04T11:16:32Z
district,Selangor,Ulu Selangor,sector.p3.share,57.05,%,2020-01-01,https://data.gov.my/data-catalogue/gdp_district_real_supply,fresh,2026-10-04T11:16:32Z
district,Selangor,Ulu Selangor,sector.p5.value,3.295,RM billion (constant 2015 prices),2020-01-01,https://data.gov.my/data-catalogue/gdp_district_real_supply,fresh,2026-10-04T11:16:32Z
district,Selangor,Ulu Selangor,sector.p5.share,31.48,%,2020-01-01,https://data.gov.my/data-catalogue/gdp_district_real_supply,fresh,2026-10-04T11:16:32Z
district,Selangor,Ulu Selangor,sector.p1.value,0.746,RM billion (constant 2015 prices),2020-01-01,https://data.gov.my/data-catalogue/gdp_district_real_supply,fresh,2026-10-04T11:16:32Z
district,Selangor,Ulu Selangor,sector.p1.share,7.13,%,2020-01-01,https://data.gov.my/data-catalogue/gdp_district_real_supply,fresh,2026-10-04T11:16:32Z
district,Selangor,Ulu Selangor,sector.p4.value,0.163,RM billion (constant 2015 prices),2020-01-01,https://data.gov.my/data-catalogue/gdp_district_real_supply,fresh,2026-10-04T11:16:32Z
district,Selangor,Ulu Selangor,sector.p4.share,1.56,%,2020-01-01,https://data.gov.my/data-catalogue/gdp_district_real_supply,fresh,2026-10-04T11:16:32Z
district,Terengganu,Besut,incomeMean,6747.0,RM per household per month,2024-01-01,https://data.gov.my/data-catalogue/hies_district,fresh,2026-10-04T11:16:32Z
district,Terengganu,Besut,incomeMedian,5820.0,RM per household per month,2024-01-01,https://data.gov.my/data-catalogue/hies_district,fresh,2026-10-04T11:16:32Z
district,Terengganu,Besut,expenditureMean,4339.0,RM per household per month,2024-01-01,https://data.gov.my/data-catalogue/hies_district,fresh,2026-10-04T11:16:32Z
district,Terengganu,Besut,incomeMinusExpenditure,1481.0,RM per household per month,2024-01-01,https://data.gov.my/data-catalogue/hies_district,fresh,2026-10-04T11:16:32Z
district,Terengganu,Besut,incomeToExpenditureRatio,1.341,ratio,2024-01-01,https://data.gov.my/data-catalogue/hies_district,fresh,2026-10-04T11:16:32Z
district,Terengganu,Besut,poverty,13.1,%,2024-01-01,https://data.gov.my/data-catalogue/hies_district,fresh,2026-10-04T11:16:32Z
district,Terengganu,Besut,gini,0.311,coefficient,2024-01-01,https://data.gov.my/data-catalogue/hies_district,fresh,2026-10-04T11:16:32Z
district,Terengganu,Besut,unemploymentRate,3.5,%,2024-01-01,https://data.gov.my/data-catalogue/lfs_district,fresh,2026-10-04T11:16:32Z
district,Terengganu,Besut,participationRate,59.9,%,2024-01-01,https://data.gov.my/data-catalogue/lfs_district,fresh,2026-10-04T11:16:32Z
district,Terengganu,Besut,employmentPopulationRatio,57.8,%,2024-01-01,https://data.gov.my/data-catalogue/lfs_district,fresh,2026-10-04T11:16:32Z
district,Terengganu,Besut,labourForce,64.1,thousand persons,2024-01-01,https://data.gov.my/data-catalogue/lfs_district,fresh,2026-10-04T11:16:32Z
district,Terengganu,Besut,realGdp,2.05,RM billion (constant 2015 prices),2020-01-01,https://data.gov.my/data-catalogue/gdp_district_real_supply,fresh,2026-10-04T11:16:32Z
district,Terengganu,Besut,largestSector,Services,sector,2020-01-01,https://data.gov.my/data-catalogue/gdp_district_real_supply,fresh,2026-10-04T11:16:32Z
district,Terengganu,Besut,largestSectorShare,69.7,%,2020-01-01,https://data.gov.my/data-catalogue/gdp_district_real_supply,fresh,2026-10-04T11:16:32Z
district,Terengganu,Besut,sector.p5.value,1.429,RM billion (constant 2015 prices),2020-01-01,https://data.gov.my/data-catalogue/gdp_district_real_supply,fresh,2026-10-04T11:16:32Z
district,Terengganu,Besut,sector.p5.share,69.7,%,2020-01-01,https://data.gov.my/data-catalogue/gdp_district_real_supply,fresh,2026-10-04T11:16:32Z
district,Terengganu,Besut,sector.p1.value,0.305,RM billion (constant 2015 prices),2020-01-01,https://data.gov.my/data-catalogue/gdp_district_real_supply,fresh,2026-10-04T11:16:32Z
district,Terengganu,Besut,sector.p1.share,14.87,%,2020-01-01,https://data.gov.my/data-catalogue/gdp_district_real_supply,fresh,2026-10-04T11:16:32Z
district,Terengganu,Besut,sector.p3.value,0.267,RM billion (constant 2015 prices),2020-01-01,https://data.gov.my/data-catalogue/gdp_district_real_supply,fresh,2026-10-04T11:16:32Z
district,Terengganu,Besut,sector.p3.share,13.03,%,2020-01-01,https://data.gov.my/data-catalogue/gdp_district_real_supply,fresh,2026-10-04T11:16:32Z
district,Terengganu,Besut,sector.p4.value,0.038,RM billion (constant 2015 prices),2020-01-01,https://data.gov.my/data-catalogue/gdp_district_real_supply,fresh,2026-10-04T11:16:32Z
district,Terengganu,Besut,sector.p4.share,1.87,%,2020-01-01,https://data.gov.my/data-catalogue/gdp_district_real_supply,fresh,2026-10-04T11:16:32Z
district,Terengganu,Besut,sector.p2.value,0.01,RM billion (constant 2015 prices),2020-01-01,https://data.gov.my/data-catalogue/gdp_district_real_supply,fresh,2026-10-04T11:16:32Z
district,Terengganu,Besut,sector.p2.share,0.49,%,2020-01-01,https://data.gov.my/data-catalogue/gdp_district_real_supply,fresh,2026-10-04T11:16:32Z
district,Terengganu,Dungun,incomeMean,8055.0,RM per household per month,2024-01-01,https://data.gov.my/data-catalogue/hies_district,fresh,2026-10-04T11:16:32Z
district,Terengganu,Dungun,incomeMedian,7156.0,RM per household per month,2024-01-01,https://data.gov.my/data-catalogue/hies_district,fresh,2026-10-04T11:16:32Z
district,Terengganu,Dungun,expenditureMean,5833.0,RM per household per month,2024-01-01,https://data.gov.my/data-catalogue/hies_district,fresh,2026-10-04T11:16:32Z
district,Terengganu,Dungun,incomeMinusExpenditure,1323.0,RM per household per month,2024-01-01,https://data.gov.my/data-catalogue/hies_district,fresh,2026-10-04T11:16:32Z
district,Terengganu,Dungun,incomeToExpenditureRatio,1.227,ratio,2024-01-01,https://data.gov.my/data-catalogue/hies_district,fresh,2026-10-04T11:16:32Z
district,Terengganu,Dungun,poverty,4.4,%,2024-01-01,https://data.gov.my/data-catalogue/hies_district,fresh,2026-10-04T11:16:32Z
district,Terengganu,Dungun,gini,0.308,coefficient,2024-01-01,https://data.gov.my/data-catalogue/hies_district,fresh,2026-10-04T11:16:32Z
district,Terengganu,Dungun,unemploymentRate,3.1,%,2024-01-01,https://data.gov.my/data-catalogue/lfs_district,fresh,2026-10-04T11:16:32Z
district,Terengganu,Dungun,participationRate,58.0,%,2024-01-01,https://data.gov.my/data-catalogue/lfs_district,fresh,2026-10-04T11:16:32Z
district,Terengganu,Dungun,employmentPopulationRatio,56.2,%,2024-01-01,https://data.gov.my/data-catalogue/lfs_district,fresh,2026-10-04T11:16:32Z
district,Terengganu,Dungun,labourForce,65.1,thousand persons,2024-01-01,https://data.gov.my/data-catalogue/lfs_district,fresh,2026-10-04T11:16:32Z
district,Terengganu,Dungun,realGdp,3.183,RM billion (constant 2015 prices),2020-01-01,https://data.gov.my/data-catalogue/gdp_district_real_supply,fresh,2026-10-04T11:16:32Z
district,Terengganu,Dungun,largestSector,Services,sector,2020-01-01,https://data.gov.my/data-catalogue/gdp_district_real_supply,fresh,2026-10-04T11:16:32Z
district,Terengganu,Dungun,largestSectorShare,75.82,%,2020-01-01,https://data.gov.my/data-catalogue/gdp_district_real_supply,fresh,2026-10-04T11:16:32Z
district,Terengganu,Dungun,sector.p5.value,2.413,RM billion (constant 2015 prices),2020-01-01,https://data.gov.my/data-catalogue/gdp_district_real_supply,fresh,2026-10-04T11:16:32Z
district,Terengganu,Dungun,sector.p5.share,75.82,%,2020-01-01,https://data.gov.my/data-catalogue/gdp_district_real_supply,fresh,2026-10-04T11:16:32Z
district,Terengganu,Dungun,sector.p1.value,0.599,RM billion (constant 2015 prices),2020-01-01,https://data.gov.my/data-catalogue/gdp_district_real_supply,fresh,2026-10-04T11:16:32Z
district,Terengganu,Dungun,sector.p1.share,18.8,%,2020-01-01,https://data.gov.my/data-catalogue/gdp_district_real_supply,fresh,2026-10-04T11:16:32Z
district,Terengganu,Dungun,sector.p3.value,0.131,RM billion (constant 2015 prices),2020-01-01,https://data.gov.my/data-catalogue/gdp_district_real_supply,fresh,2026-10-04T11:16:32Z
district,Terengganu,Dungun,sector.p3.share,4.11,%,2020-01-01,https://data.gov.my/data-catalogue/gdp_district_real_supply,fresh,2026-10-04T11:16:32Z
district,Terengganu,Dungun,sector.p4.value,0.029,RM billion (constant 2015 prices),2020-01-01,https://data.gov.my/data-catalogue/gdp_district_real_supply,fresh,2026-10-04T11:16:32Z
district,Terengganu,Dungun,sector.p4.share,0.91,%,2020-01-01,https://data.gov.my/data-catalogue/gdp_district_real_supply,fresh,2026-10-04T11:16:32Z
district,Terengganu,Dungun,sector.p2.value,0.01,RM billion (constant 2015 prices),2020-01-01,https://data.gov.my/data-catalogue/gdp_district_real_supply,fresh,2026-10-04T11:16:32Z
district,Terengganu,Dungun,sector.p2.share,0.32,%,2020-01-01,https://data.gov.my/data-catalogue/gdp_district_real_supply,fresh,2026-10-04T11:16:32Z
district,Terengganu,Hulu Terengganu,incomeMean,6360.0,RM per household per month,2024-01-01,https://data.gov.my/data-catalogue/hies_district,fresh,2026-10-04T11:16:32Z
district,Terengganu,Hulu Terengganu,incomeMedian,6134.0,RM per household per month,2024-01-01,https://data.gov.my/data-catalogue/hies_district,fresh,2026-10-04T11:16:32Z
district,Terengganu,Hulu Terengganu,expenditureMean,4554.0,RM per household per month,2024-01-01,https://data.gov.my/data-catalogue/hies_district,fresh,2026-10-04T11:16:32Z
district,Terengganu,Hulu Terengganu,incomeMinusExpenditure,1580.0,RM per household per month,2024-01-01,https://data.gov.my/data-catalogue/hies_district,fresh,2026-10-04T11:16:32Z
district,Terengganu,Hulu Terengganu,incomeToExpenditureRatio,1.347,ratio,2024-01-01,https://data.gov.my/data-catalogue/hies_district,fresh,2026-10-04T11:16:32Z
district,Terengganu,Hulu Terengganu,poverty,6.6,%,2024-01-01,https://data.gov.my/data-catalogue/hies_district,fresh,2026-10-04T11:16:32Z
district,Terengganu,Hulu Terengganu,gini,0.255,coefficient,2024-01-01,https://data.gov.my/data-catalogue/hies_district,fresh,2026-10-04T11:16:32Z
district,Terengganu,Hulu Terengganu,unemploymentRate,3.3,%,2024-01-01,https://data.gov.my/data-catalogue/lfs_district,fresh,2026-10-04T11:16:32Z
district,Terengganu,Hulu Terengganu,participationRate,55.8,%,2024-01-01,https://data.gov.my/data-catalogue/lfs_district,fresh,2026-10-04T11:16:32Z
district,Terengganu,Hulu Terengganu,employmentPopulationRatio,54.0,%,2024-01-01,https://data.gov.my/data-catalogue/lfs_district,fresh,2026-10-04T11:16:32Z
district,Terengganu,Hulu Terengganu,labourForce,27.4,thousand persons,2024-01-01,https://data.gov.my/data-catalogue/lfs_district,fresh,2026-10-04T11:16:32Z
district,Terengganu,Hulu Terengganu,realGdp,1.312,RM billion (constant 2015 prices),2020-01-01,https://data.gov.my/data-catalogue/gdp_district_real_supply,fresh,2026-10-04T11:16:32Z
district,Terengganu,Hulu Terengganu,largestSector,Services,sector,2020-01-01,https://data.gov.my/data-catalogue/gdp_district_real_supply,fresh,2026-10-04T11:16:32Z
district,Terengganu,Hulu Terengganu,largestSectorShare,62.59,%,2020-01-01,https://data.gov.my/data-catalogue/gdp_district_real_supply,fresh,2026-10-04T11:16:32Z
district,Terengganu,Hulu Terengganu,sector.p5.value,0.821,RM billion (constant 2015 prices),2020-01-01,https://data.gov.my/data-catalogue/gdp_district_real_supply,fresh,2026-10-04T11:16:32Z
district,Terengganu,Hulu Terengganu,sector.p5.share,62.59,%,2020-01-01,https://data.gov.my/data-catalogue/gdp_district_real_supply,fresh,2026-10-04T11:16:32Z
district,Terengganu,Hulu Terengganu,sector.p1.value,0.371,RM billion (constant 2015 prices),2020-01-01,https://data.gov.my/data-catalogue/gdp_district_real_supply,fresh,2026-10-04T11:16:32Z
district,Terengganu,Hulu Terengganu,sector.p1.share,28.26,%,2020-01-01,https://data.gov.my/data-catalogue/gdp_district_real_supply,fresh,2026-10-04T11:16:32Z
district,Terengganu,Hulu Terengganu,sector.p3.value,0.065,RM billion (constant 2015 prices),2020-01-01,https://data.gov.my/data-catalogue/gdp_district_real_supply,fresh,2026-10-04T11:16:32Z
district,Terengganu,Hulu Terengganu,sector.p3.share,4.99,%,2020-01-01,https://data.gov.my/data-catalogue/gdp_district_real_supply,fresh,2026-10-04T11:16:32Z
district,Terengganu,Hulu Terengganu,sector.p4.value,0.053,RM billion (constant 2015 prices),2020-01-01,https://data.gov.my/data-catalogue/gdp_district_real_supply,fresh,2026-10-04T11:16:32Z
district,Terengganu,Hulu Terengganu,sector.p4.share,4.06,%,2020-01-01,https://data.gov.my/data-catalogue/gdp_district_real_supply,fresh,2026-10-04T11:16:32Z
district,Terengganu,Kemaman,incomeMean,8973.0,RM per household per month,2024-01-01,https://data.gov.my/data-catalogue/hies_district,fresh,2026-10-04T11:16:32Z
district,Terengganu,Kemaman,incomeMedian,7709.0,RM per household per month,2024-01-01,https://data.gov.my/data-catalogue/hies_district,fresh,2026-10-04T11:16:32Z
district,Terengganu,Kemaman,expenditureMean,5644.0,RM per household per month,2024-01-01,https://data.gov.my/data-catalogue/hies_district,fresh,2026-10-04T11:16:32Z
district,Terengganu,Kemaman,incomeMinusExpenditure,2065.0,RM per household per month,2024-01-01,https://data.gov.my/data-catalogue/hies_district,fresh,2026-10-04T11:16:32Z
district,Terengganu,Kemaman,incomeToExpenditureRatio,1.366,ratio,2024-01-01,https://data.gov.my/data-catalogue/hies_district,fresh,2026-10-04T11:16:32Z
district,Terengganu,Kemaman,poverty,3.5,%,2024-01-01,https://data.gov.my/data-catalogue/hies_district,fresh,2026-10-04T11:16:32Z
district,Terengganu,Kemaman,gini,0.319,coefficient,2024-01-01,https://data.gov.my/data-catalogue/hies_district,fresh,2026-10-04T11:16:32Z
district,Terengganu,Kemaman,unemploymentRate,2.6,%,2024-01-01,https://data.gov.my/data-catalogue/lfs_district,fresh,2026-10-04T11:16:32Z
district,Terengganu,Kemaman,participationRate,67.5,%,2024-01-01,https://data.gov.my/data-catalogue/lfs_district,fresh,2026-10-04T11:16:32Z
district,Terengganu,Kemaman,employmentPopulationRatio,65.7,%,2024-01-01,https://data.gov.my/data-catalogue/lfs_district,fresh,2026-10-04T11:16:32Z
district,Terengganu,Kemaman,labourForce,104.6,thousand persons,2024-01-01,https://data.gov.my/data-catalogue/lfs_district,fresh,2026-10-04T11:16:32Z
district,Terengganu,Kemaman,realGdp,17.516,RM billion (constant 2015 prices),2020-01-01,https://data.gov.my/data-catalogue/gdp_district_real_supply,fresh,2026-10-04T11:16:32Z
district,Terengganu,Kemaman,largestSector,Manufacturing,sector,2020-01-01,https://data.gov.my/data-catalogue/gdp_district_real_supply,fresh,2026-10-04T11:16:32Z
district,Terengganu,Kemaman,largestSectorShare,63.23,%,2020-01-01,https://data.gov.my/data-catalogue/gdp_district_real_supply,fresh,2026-10-04T11:16:32Z
district,Terengganu,Kemaman,sector.p3.value,11.075,RM billion (constant 2015 prices),2020-01-01,https://data.gov.my/data-catalogue/gdp_district_real_supply,fresh,2026-10-04T11:16:32Z
district,Terengganu,Kemaman,sector.p3.share,63.23,%,2020-01-01,https://data.gov.my/data-catalogue/gdp_district_real_supply,fresh,2026-10-04T11:16:32Z
district,Terengganu,Kemaman,sector.p5.value,5.156,RM billion (constant 2015 prices),2020-01-01,https://data.gov.my/data-catalogue/gdp_district_real_supply,fresh,2026-10-04T11:16:32Z
district,Terengganu,Kemaman,sector.p5.share,29.44,%,2020-01-01,https://data.gov.my/data-catalogue/gdp_district_real_supply,fresh,2026-10-04T11:16:32Z
district,Terengganu,Kemaman,sector.p1.value,0.691,RM billion (constant 2015 prices),2020-01-01,https://data.gov.my/data-catalogue/gdp_district_real_supply,fresh,2026-10-04T11:16:32Z
district,Terengganu,Kemaman,sector.p1.share,3.94,%,2020-01-01,https://data.gov.my/data-catalogue/gdp_district_real_supply,fresh,2026-10-04T11:16:32Z
district,Terengganu,Kemaman,sector.p4.value,0.462,RM billion (constant 2015 prices),2020-01-01,https://data.gov.my/data-catalogue/gdp_district_real_supply,fresh,2026-10-04T11:16:32Z
district,Terengganu,Kemaman,sector.p4.share,2.64,%,2020-01-01,https://data.gov.my/data-catalogue/gdp_district_real_supply,fresh,2026-10-04T11:16:32Z
district,Terengganu,Kemaman,sector.p2.value,0.109,RM billion (constant 2015 prices),2020-01-01,https://data.gov.my/data-catalogue/gdp_district_real_supply,fresh,2026-10-04T11:16:32Z
district,Terengganu,Kemaman,sector.p2.share,0.62,%,2020-01-01,https://data.gov.my/data-catalogue/gdp_district_real_supply,fresh,2026-10-04T11:16:32Z
district,Terengganu,Kuala Nerus,incomeMean,8385.0,RM per household per month,2024-01-01,https://data.gov.my/data-catalogue/hies_district,fresh,2026-10-04T11:16:32Z
district,Terengganu,Kuala Nerus,incomeMedian,7304.0,RM per household per month,2024-01-01,https://data.gov.my/data-catalogue/hies_district,fresh,2026-10-04T11:16:32Z
district,Terengganu,Kuala Nerus,expenditureMean,5498.0,RM per household per month,2024-01-01,https://data.gov.my/data-catalogue/hies_district,fresh,2026-10-04T11:16:32Z
district,Terengganu,Kuala Nerus,incomeMinusExpenditure,1806.0,RM per household per month,2024-01-01,https://data.gov.my/data-catalogue/hies_district,fresh,2026-10-04T11:16:32Z
district,Terengganu,Kuala Nerus,incomeToExpenditureRatio,1.328,ratio,2024-01-01,https://data.gov.my/data-catalogue/hies_district,fresh,2026-10-04T11:16:32Z
district,Terengganu,Kuala Nerus,poverty,1.6,%,2024-01-01,https://data.gov.my/data-catalogue/hies_district,fresh,2026-10-04T11:16:32Z
district,Terengganu,Kuala Nerus,gini,0.282,coefficient,2024-01-01,https://data.gov.my/data-catalogue/hies_district,fresh,2026-10-04T11:16:32Z
district,Terengganu,Kuala Nerus,unemploymentRate,3.3,%,2024-01-01,https://data.gov.my/data-catalogue/lfs_district,fresh,2026-10-04T11:16:32Z
district,Terengganu,Kuala Nerus,participationRate,59.3,%,2024-01-01,https://data.gov.my/data-catalogue/lfs_district,fresh,2026-10-04T11:16:32Z
district,Terengganu,Kuala Nerus,employmentPopulationRatio,57.3,%,2024-01-01,https://data.gov.my/data-catalogue/lfs_district,fresh,2026-10-04T11:16:32Z
district,Terengganu,Kuala Nerus,labourForce,63.4,thousand persons,2024-01-01,https://data.gov.my/data-catalogue/lfs_district,fresh,2026-10-04T11:16:32Z
district,Terengganu,Kuala Nerus,realGdp,1.427,RM billion (constant 2015 prices),2020-01-01,https://data.gov.my/data-catalogue/gdp_district_real_supply,fresh,2026-10-04T11:16:32Z
district,Terengganu,Kuala Nerus,largestSector,Services,sector,2020-01-01,https://data.gov.my/data-catalogue/gdp_district_real_supply,fresh,2026-10-04T11:16:32Z
district,Terengganu,Kuala Nerus,largestSectorShare,86.82,%,2020-01-01,https://data.gov.my/data-catalogue/gdp_district_real_supply,fresh,2026-10-04T11:16:32Z
district,Terengganu,Kuala Nerus,sector.p5.value,1.239,RM billion (constant 2015 prices),2020-01-01,https://data.gov.my/data-catalogue/gdp_district_real_supply,fresh,2026-10-04T11:16:32Z
district,Terengganu,Kuala Nerus,sector.p5.share,86.82,%,2020-01-01,https://data.gov.my/data-catalogue/gdp_district_real_supply,fresh,2026-10-04T11:16:32Z
district,Terengganu,Kuala Nerus,sector.p1.value,0.11,RM billion (constant 2015 prices),2020-01-01,https://data.gov.my/data-catalogue/gdp_district_real_supply,fresh,2026-10-04T11:16:32Z
district,Terengganu,Kuala Nerus,sector.p1.share,7.69,%,2020-01-01,https://data.gov.my/data-catalogue/gdp_district_real_supply,fresh,2026-10-04T11:16:32Z
district,Terengganu,Kuala Nerus,sector.p2.value,0.041,RM billion (constant 2015 prices),2020-01-01,https://data.gov.my/data-catalogue/gdp_district_real_supply,fresh,2026-10-04T11:16:32Z
district,Terengganu,Kuala Nerus,sector.p2.share,2.87,%,2020-01-01,https://data.gov.my/data-catalogue/gdp_district_real_supply,fresh,2026-10-04T11:16:32Z
district,Terengganu,Kuala Nerus,sector.p3.value,0.028,RM billion (constant 2015 prices),2020-01-01,https://data.gov.my/data-catalogue/gdp_district_real_supply,fresh,2026-10-04T11:16:32Z
district,Terengganu,Kuala Nerus,sector.p3.share,1.99,%,2020-01-01,https://data.gov.my/data-catalogue/gdp_district_real_supply,fresh,2026-10-04T11:16:32Z
district,Terengganu,Kuala Nerus,sector.p4.value,0.008,RM billion (constant 2015 prices),2020-01-01,https://data.gov.my/data-catalogue/gdp_district_real_supply,fresh,2026-10-04T11:16:32Z
district,Terengganu,Kuala Nerus,sector.p4.share,0.59,%,2020-01-01,https://data.gov.my/data-catalogue/gdp_district_real_supply,fresh,2026-10-04T11:16:32Z
district,Terengganu,Kuala Terengganu,incomeMean,7279.0,RM per household per month,2024-01-01,https://data.gov.my/data-catalogue/hies_district,fresh,2026-10-04T11:16:32Z
district,Terengganu,Kuala Terengganu,incomeMedian,6615.0,RM per household per month,2024-01-01,https://data.gov.my/data-catalogue/hies_district,fresh,2026-10-04T11:16:32Z
district,Terengganu,Kuala Terengganu,expenditureMean,5264.0,RM per household per month,2024-01-01,https://data.gov.my/data-catalogue/hies_district,fresh,2026-10-04T11:16:32Z
district,Terengganu,Kuala Terengganu,incomeMinusExpenditure,1351.0,RM per household per month,2024-01-01,https://data.gov.my/data-catalogue/hies_district,fresh,2026-10-04T11:16:32Z
district,Terengganu,Kuala Terengganu,incomeToExpenditureRatio,1.257,ratio,2024-01-01,https://data.gov.my/data-catalogue/hies_district,fresh,2026-10-04T11:16:32Z
district,Terengganu,Kuala Terengganu,poverty,4.2,%,2024-01-01,https://data.gov.my/data-catalogue/hies_district,fresh,2026-10-04T11:16:32Z
district,Terengganu,Kuala Terengganu,gini,0.267,coefficient,2024-01-01,https://data.gov.my/data-catalogue/hies_district,fresh,2026-10-04T11:16:32Z
district,Terengganu,Kuala Terengganu,unemploymentRate,3.3,%,2024-01-01,https://data.gov.my/data-catalogue/lfs_district,fresh,2026-10-04T11:16:32Z
district,Terengganu,Kuala Terengganu,participationRate,59.3,%,2024-01-01,https://data.gov.my/data-catalogue/lfs_district,fresh,2026-10-04T11:16:32Z
district,Terengganu,Kuala Terengganu,employmentPopulationRatio,57.3,%,2024-01-01,https://data.gov.my/data-catalogue/lfs_district,fresh,2026-10-04T11:16:32Z
district,Terengganu,Kuala Terengganu,labourForce,94.4,thousand persons,2024-01-01,https://data.gov.my/data-catalogue/lfs_district,fresh,2026-10-04T11:16:32Z
district,Terengganu,Kuala Terengganu,realGdp,6.041,RM billion (constant 2015 prices),2020-01-01,https://data.gov.my/data-catalogue/gdp_district_real_supply,fresh,2026-10-04T11:16:32Z
district,Terengganu,Kuala Terengganu,largestSector,Services,sector,2020-01-01,https://data.gov.my/data-catalogue/gdp_district_real_supply,fresh,2026-10-04T11:16:32Z
district,Terengganu,Kuala Terengganu,largestSectorShare,83.61,%,2020-01-01,https://data.gov.my/data-catalogue/gdp_district_real_supply,fresh,2026-10-04T11:16:32Z
district,Terengganu,Kuala Terengganu,sector.p5.value,5.051,RM billion (constant 2015 prices),2020-01-01,https://data.gov.my/data-catalogue/gdp_district_real_supply,fresh,2026-10-04T11:16:32Z
district,Terengganu,Kuala Terengganu,sector.p5.share,83.61,%,2020-01-01,https://data.gov.my/data-catalogue/gdp_district_real_supply,fresh,2026-10-04T11:16:32Z
district,Terengganu,Kuala Terengganu,sector.p4.value,0.463,RM billion (constant 2015 prices),2020-01-01,https://data.gov.my/data-catalogue/gdp_district_real_supply,fresh,2026-10-04T11:16:32Z
district,Terengganu,Kuala Terengganu,sector.p4.share,7.66,%,2020-01-01,https://data.gov.my/data-catalogue/gdp_district_real_supply,fresh,2026-10-04T11:16:32Z
district,Terengganu,Kuala Terengganu,sector.p1.value,0.317,RM billion (constant 2015 prices),2020-01-01,https://data.gov.my/data-catalogue/gdp_district_real_supply,fresh,2026-10-04T11:16:32Z
district,Terengganu,Kuala Terengganu,sector.p1.share,5.24,%,2020-01-01,https://data.gov.my/data-catalogue/gdp_district_real_supply,fresh,2026-10-04T11:16:32Z
district,Terengganu,Kuala Terengganu,sector.p3.value,0.207,RM billion (constant 2015 prices),2020-01-01,https://data.gov.my/data-catalogue/gdp_district_real_supply,fresh,2026-10-04T11:16:32Z
district,Terengganu,Kuala Terengganu,sector.p3.share,3.42,%,2020-01-01,https://data.gov.my/data-catalogue/gdp_district_real_supply,fresh,2026-10-04T11:16:32Z
district,Terengganu,Marang,incomeMean,6807.0,RM per household per month,2024-01-01,https://data.gov.my/data-catalogue/hies_district,fresh,2026-10-04T11:16:32Z
district,Terengganu,Marang,incomeMedian,6246.0,RM per household per month,2024-01-01,https://data.gov.my/data-catalogue/hies_district,fresh,2026-10-04T11:16:32Z
district,Terengganu,Marang,expenditureMean,5141.0,RM per household per month,2024-01-01,https://data.gov.my/data-catalogue/hies_district,fresh,2026-10-04T11:16:32Z
district,Terengganu,Marang,incomeMinusExpenditure,1105.0,RM per household per month,2024-01-01,https://data.gov.my/data-catalogue/hies_district,fresh,2026-10-04T11:16:32Z
district,Terengganu,Marang,incomeToExpenditureRatio,1.215,ratio,2024-01-01,https://data.gov.my/data-catalogue/hies_district,fresh,2026-10-04T11:16:32Z
district,Terengganu,Marang,poverty,7.3,%,2024-01-01,https://data.gov.my/data-catalogue/hies_district,fresh,2026-10-04T11:16:32Z
district,Terengganu,Marang,gini,0.281,coefficient,2024-01-01,https://data.gov.my/data-catalogue/hies_district,fresh,2026-10-04T11:16:32Z
district,Terengganu,Marang,unemploymentRate,2.6,%,2024-01-01,https://data.gov.my/data-catalogue/lfs_district,fresh,2026-10-04T11:16:32Z
district,Terengganu,Marang,participationRate,58.0,%,2024-01-01,https://data.gov.my/data-catalogue/lfs_district,fresh,2026-10-04T11:16:32Z
district,Terengganu,Marang,employmentPopulationRatio,56.4,%,2024-01-01,https://data.gov.my/data-catalogue/lfs_district,fresh,2026-10-04T11:16:32Z
district,Terengganu,Marang,labourForce,48.1,thousand persons,2024-01-01,https://data.gov.my/data-catalogue/lfs_district,fresh,2026-10-04T11:16:32Z
district,Terengganu,Marang,realGdp,1.566,RM billion (constant 2015 prices),2020-01-01,https://data.gov.my/data-catalogue/gdp_district_real_supply,fresh,2026-10-04T11:16:32Z
district,Terengganu,Marang,largestSector,Services,sector,2020-01-01,https://data.gov.my/data-catalogue/gdp_district_real_supply,fresh,2026-10-04T11:16:32Z
district,Terengganu,Marang,largestSectorShare,83.76,%,2020-01-01,https://data.gov.my/data-catalogue/gdp_district_real_supply,fresh,2026-10-04T11:16:32Z
district,Terengganu,Marang,sector.p5.value,1.311,RM billion (constant 2015 prices),2020-01-01,https://data.gov.my/data-catalogue/gdp_district_real_supply,fresh,2026-10-04T11:16:32Z
district,Terengganu,Marang,sector.p5.share,83.76,%,2020-01-01,https://data.gov.my/data-catalogue/gdp_district_real_supply,fresh,2026-10-04T11:16:32Z
district,Terengganu,Marang,sector.p1.value,0.184,RM billion (constant 2015 prices),2020-01-01,https://data.gov.my/data-catalogue/gdp_district_real_supply,fresh,2026-10-04T11:16:32Z
district,Terengganu,Marang,sector.p1.share,11.73,%,2020-01-01,https://data.gov.my/data-catalogue/gdp_district_real_supply,fresh,2026-10-04T11:16:32Z
district,Terengganu,Marang,sector.p3.value,0.043,RM billion (constant 2015 prices),2020-01-01,https://data.gov.my/data-catalogue/gdp_district_real_supply,fresh,2026-10-04T11:16:32Z
district,Terengganu,Marang,sector.p3.share,2.74,%,2020-01-01,https://data.gov.my/data-catalogue/gdp_district_real_supply,fresh,2026-10-04T11:16:32Z
district,Terengganu,Marang,sector.p4.value,0.023,RM billion (constant 2015 prices),2020-01-01,https://data.gov.my/data-catalogue/gdp_district_real_supply,fresh,2026-10-04T11:16:32Z
district,Terengganu,Marang,sector.p4.share,1.47,%,2020-01-01,https://data.gov.my/data-catalogue/gdp_district_real_supply,fresh,2026-10-04T11:16:32Z
district,Terengganu,Setiu,incomeMean,6359.0,RM per household per month,2024-01-01,https://data.gov.my/data-catalogue/hies_district,fresh,2026-10-04T11:16:32Z
district,Terengganu,Setiu,incomeMedian,6125.0,RM per household per month,2024-01-01,https://data.gov.my/data-catalogue/hies_district,fresh,2026-10-04T11:16:32Z
district,Terengganu,Setiu,expenditureMean,4314.0,RM per household per month,2024-01-01,https://data.gov.my/data-catalogue/hies_district,fresh,2026-10-04T11:16:32Z
district,Terengganu,Setiu,incomeMinusExpenditure,1811.0,RM per household per month,2024-01-01,https://data.gov.my/data-catalogue/hies_district,fresh,2026-10-04T11:16:32Z
district,Terengganu,Setiu,incomeToExpenditureRatio,1.42,ratio,2024-01-01,https://data.gov.my/data-catalogue/hies_district,fresh,2026-10-04T11:16:32Z
district,Terengganu,Setiu,poverty,4.7,%,2024-01-01,https://data.gov.my/data-catalogue/hies_district,fresh,2026-10-04T11:16:32Z
district,Terengganu,Setiu,gini,0.214,coefficient,2024-01-01,https://data.gov.my/data-catalogue/hies_district,fresh,2026-10-04T11:16:32Z
district,Terengganu,Setiu,unemploymentRate,3.6,%,2024-01-01,https://data.gov.my/data-catalogue/lfs_district,fresh,2026-10-04T11:16:32Z
district,Terengganu,Setiu,participationRate,64.7,%,2024-01-01,https://data.gov.my/data-catalogue/lfs_district,fresh,2026-10-04T11:16:32Z
district,Terengganu,Setiu,employmentPopulationRatio,62.3,%,2024-01-01,https://data.gov.my/data-catalogue/lfs_district,fresh,2026-10-04T11:16:32Z
district,Terengganu,Setiu,labourForce,27.3,thousand persons,2024-01-01,https://data.gov.my/data-catalogue/lfs_district,fresh,2026-10-04T11:16:32Z
district,Terengganu,Setiu,realGdp,0.898,RM billion (constant 2015 prices),2020-01-01,https://data.gov.my/data-catalogue/gdp_district_real_supply,fresh,2026-10-04T11:16:32Z
district,Terengganu,Setiu,largestSector,Services,sector,2020-01-01,https://data.gov.my/data-catalogue/gdp_district_real_supply,fresh,2026-10-04T11:16:32Z
district,Terengganu,Setiu,largestSectorShare,57.98,%,2020-01-01,https://data.gov.my/data-catalogue/gdp_district_real_supply,fresh,2026-10-04T11:16:32Z
district,Terengganu,Setiu,sector.p5.value,0.521,RM billion (constant 2015 prices),2020-01-01,https://data.gov.my/data-catalogue/gdp_district_real_supply,fresh,2026-10-04T11:16:32Z
district,Terengganu,Setiu,sector.p5.share,57.98,%,2020-01-01,https://data.gov.my/data-catalogue/gdp_district_real_supply,fresh,2026-10-04T11:16:32Z
district,Terengganu,Setiu,sector.p1.value,0.328,RM billion (constant 2015 prices),2020-01-01,https://data.gov.my/data-catalogue/gdp_district_real_supply,fresh,2026-10-04T11:16:32Z
district,Terengganu,Setiu,sector.p1.share,36.5,%,2020-01-01,https://data.gov.my/data-catalogue/gdp_district_real_supply,fresh,2026-10-04T11:16:32Z
district,Terengganu,Setiu,sector.p3.value,0.045,RM billion (constant 2015 prices),2020-01-01,https://data.gov.my/data-catalogue/gdp_district_real_supply,fresh,2026-10-04T11:16:32Z
district,Terengganu,Setiu,sector.p3.share,5.01,%,2020-01-01,https://data.gov.my/data-catalogue/gdp_district_real_supply,fresh,2026-10-04T11:16:32Z
district,W.P. Kuala Lumpur,W.P. Kuala Lumpur,realGdp,217.447,RM billion (constant 2015 prices),2020-01-01,https://data.gov.my/data-catalogue/gdp_district_real_supply,fresh,2026-10-04T11:16:32Z
district,W.P. Kuala Lumpur,W.P. Kuala Lumpur,largestSector,Services,sector,2020-01-01,https://data.gov.my/data-catalogue/gdp_district_real_supply,fresh,2026-10-04T11:16:32Z
district,W.P. Kuala Lumpur,W.P. Kuala Lumpur,largestSectorShare,89.31,%,2020-01-01,https://data.gov.my/data-catalogue/gdp_district_real_supply,fresh,2026-10-04T11:16:32Z
district,W.P. Kuala Lumpur,W.P. Kuala Lumpur,sector.p5.value,194.204,RM billion (constant 2015 prices),2020-01-01,https://data.gov.my/data-catalogue/gdp_district_real_supply,fresh,2026-10-04T11:16:32Z
district,W.P. Kuala Lumpur,W.P. Kuala Lumpur,sector.p5.share,89.31,%,2020-01-01,https://data.gov.my/data-catalogue/gdp_district_real_supply,fresh,2026-10-04T11:16:32Z
district,W.P. Kuala Lumpur,W.P. Kuala Lumpur,sector.p4.value,13.589,RM billion (constant 2015 prices),2020-01-01,https://data.gov.my/data-catalogue/gdp_district_real_supply,fresh,2026-10-04T11:16:32Z
district,W.P. Kuala Lumpur,W.P. Kuala Lumpur,sector.p4.share,6.25,%,2020-01-01,https://data.gov.my/data-catalogue/gdp_district_real_supply,fresh,2026-10-04T11:16:32Z
district,W.P. Kuala Lumpur,W.P. Kuala Lumpur,sector.p3.value,5.733,RM billion (constant 2015 prices),2020-01-01,https://data.gov.my/data-catalogue/gdp_district_real_supply,fresh,2026-10-04T11:16:32Z
district,W.P. Kuala Lumpur,W.P. Kuala Lumpur,sector.p3.share,2.64,%,2020-01-01,https://data.gov.my/data-catalogue/gdp_district_real_supply,fresh,2026-10-04T11:16:32Z
district,W.P. Kuala Lumpur,W.P. Kuala Lumpur,sector.p2.value,0.138,RM billion (constant 2015 prices),2020-01-01,https://data.gov.my/data-catalogue/gdp_district_real_supply,fresh,2026-10-04T11:16:32Z
district,W.P. Kuala Lumpur,W.P. Kuala Lumpur,sector.p2.share,0.06,%,2020-01-01,https://data.gov.my/data-catalogue/gdp_district_real_supply,fresh,2026-10-04T11:16:32Z
district,W.P. Kuala Lumpur,W.P. Kuala Lumpur,sector.p1.value,0.0,RM billion (constant 2015 prices),2020-01-01,https://data.gov.my/data-catalogue/gdp_district_real_supply,fresh,2026-10-04T11:16:32Z
district,W.P. Kuala Lumpur,W.P. Kuala Lumpur,sector.p1.share,0.0,%,2020-01-01,https://data.gov.my/data-catalogue/gdp_district_real_supply,fresh,2026-10-04T11:16:32Z
district,W.P. Labuan,W.P. Labuan,realGdp,7.613,RM billion (constant 2015 prices),2020-01-01,https://data.gov.my/data-catalogue/gdp_district_real_supply,fresh,2026-10-04T11:16:32Z
district,W.P. Labuan,W.P. Labuan,largestSector,Services,sector,2020-01-01,https://data.gov.my/data-catalogue/gdp_district_real_supply,fresh,2026-10-04T11:16:32Z
district,W.P. Labuan,W.P. Labuan,largestSectorShare,77.63,%,2020-01-01,https://data.gov.my/data-catalogue/gdp_district_real_supply,fresh,2026-10-04T11:16:32Z
district,W.P. Labuan,W.P. Labuan,sector.p5.value,5.91,RM billion (constant 2015 prices),2020-01-01,https://data.gov.my/data-catalogue/gdp_district_real_supply,fresh,2026-10-04T11:16:32Z
district,W.P. Labuan,W.P. Labuan,sector.p5.share,77.63,%,2020-01-01,https://data.gov.my/data-catalogue/gdp_district_real_supply,fresh,2026-10-04T11:16:32Z
district,W.P. Labuan,W.P. Labuan,sector.p3.value,1.368,RM billion (constant 2015 prices),2020-01-01,https://data.gov.my/data-catalogue/gdp_district_real_supply,fresh,2026-10-04T11:16:32Z
district,W.P. Labuan,W.P. Labuan,sector.p3.share,17.96,%,2020-01-01,https://data.gov.my/data-catalogue/gdp_district_real_supply,fresh,2026-10-04T11:16:32Z
district,W.P. Labuan,W.P. Labuan,sector.p4.value,0.163,RM billion (constant 2015 prices),2020-01-01,https://data.gov.my/data-catalogue/gdp_district_real_supply,fresh,2026-10-04T11:16:32Z
district,W.P. Labuan,W.P. Labuan,sector.p4.share,2.14,%,2020-01-01,https://data.gov.my/data-catalogue/gdp_district_real_supply,fresh,2026-10-04T11:16:32Z
district,W.P. Labuan,W.P. Labuan,sector.p1.value,0.115,RM billion (constant 2015 prices),2020-01-01,https://data.gov.my/data-catalogue/gdp_district_real_supply,fresh,2026-10-04T11:16:32Z
district,W.P. Labuan,W.P. Labuan,sector.p1.share,1.51,%,2020-01-01,https://data.gov.my/data-catalogue/gdp_district_real_supply,fresh,2026-10-04T11:16:32Z
district,W.P. Labuan,W.P. Labuan,sector.p2.value,0.0,RM billion (constant 2015 prices),2020-01-01,https://data.gov.my/data-catalogue/gdp_district_real_supply,fresh,2026-10-04T11:16:32Z
district,W.P. Labuan,W.P. Labuan,sector.p2.share,0.0,%,2020-01-01,https://data.gov.my/data-catalogue/gdp_district_real_supply,fresh,2026-10-04T11:16:32Z
state_income_group,Johor,,incomeGroup.b40.meanIncome,4465.62,RM per household per month,2024-01-01,https://data.gov.my/data-catalogue/hies_state_percentile,fresh,2026-10-04T11:16:32Z
state_income_group,Johor,,incomeGroup.b40.medianIncome,4562.0,RM per household per month,2024-01-01,https://data.gov.my/data-catalogue/hies_state_percentile,fresh,2026-10-04T11:16:32Z
state_income_group,Johor,,incomeGroup.b40.minIncome,1912.0,RM per household per month,2024-01-01,https://data.gov.my/data-catalogue/hies_state_percentile,fresh,2026-10-04T11:16:32Z
state_income_group,Johor,,incomeGroup.b40.maxIncome,6567.0,RM per household per month,2024-01-01,https://data.gov.my/data-catalogue/hies_state_percentile,fresh,2026-10-04T11:16:32Z
state_income_group,Johor,,incomeGroup.b40.vsNationalMean,651.15,RM per household per month,2024-01-01,https://data.gov.my/data-catalogue/hies_state_percentile,fresh,2026-10-04T11:16:32Z
state_income_group,Johor,,incomeGroup.b40.percentileRange,1-40,percentiles,2024-01-01,https://data.gov.my/data-catalogue/hies_state_percentile,fresh,2026-10-04T11:16:32Z
state_income_group,Johor,,incomeGroup.m40.meanIncome,9336.5,RM per household per month,2024-01-01,https://data.gov.my/data-catalogue/hies_state_percentile,fresh,2026-10-04T11:16:32Z
state_income_group,Johor,,incomeGroup.m40.medianIncome,8986.5,RM per household per month,2024-01-01,https://data.gov.my/data-catalogue/hies_state_percentile,fresh,2026-10-04T11:16:32Z
state_income_group,Johor,,incomeGroup.m40.minIncome,6569.0,RM per household per month,2024-01-01,https://data.gov.my/data-catalogue/hies_state_percentile,fresh,2026-10-04T11:16:32Z
state_income_group,Johor,,incomeGroup.m40.maxIncome,13563.0,RM per household per month,2024-01-01,https://data.gov.my/data-catalogue/hies_state_percentile,fresh,2026-10-04T11:16:32Z
state_income_group,Johor,,incomeGroup.m40.vsNationalMean,592.62,RM per household per month,2024-01-01,https://data.gov.my/data-catalogue/hies_state_percentile,fresh,2026-10-04T11:16:32Z
state_income_group,Johor,,incomeGroup.m40.percentileRange,41-80,percentiles,2024-01-01,https://data.gov.my/data-catalogue/hies_state_percentile,fresh,2026-10-04T11:16:32Z
state_income_group,Johor,,incomeGroup.t20.meanIncome,19852.5,RM per household per month,2024-01-01,https://data.gov.my/data-catalogue/hies_state_percentile,fresh,2026-10-04T11:16:32Z
state_income_group,Johor,,incomeGroup.t20.medianIncome,16727.5,RM per household per month,2024-01-01,https://data.gov.my/data-catalogue/hies_state_percentile,fresh,2026-10-04T11:16:32Z
state_income_group,Johor,,incomeGroup.t20.minIncome,13567.0,RM per household per month,2024-01-01,https://data.gov.my/data-catalogue/hies_state_percentile,fresh,2026-10-04T11:16:32Z
state_income_group,Johor,,incomeGroup.t20.maxIncome,37762.0,RM per household per month,2024-01-01,https://data.gov.my/data-catalogue/hies_state_percentile,fresh,2026-10-04T11:16:32Z
state_income_group,Johor,,incomeGroup.t20.vsNationalMean,-815.15,RM per household per month,2024-01-01,https://data.gov.my/data-catalogue/hies_state_percentile,fresh,2026-10-04T11:16:32Z
state_income_group,Johor,,incomeGroup.t20.percentileRange,81-100,percentiles,2024-01-01,https://data.gov.my/data-catalogue/hies_state_percentile,fresh,2026-10-04T11:16:32Z
state_income_group,Kedah,,incomeGroup.b40.meanIncome,2776.4,RM per household per month,2024-01-01,https://data.gov.my/data-catalogue/hies_state_percentile,fresh,2026-10-04T11:16:32Z
state_income_group,Kedah,,incomeGroup.b40.medianIncome,2893.5,RM per household per month,2024-01-01,https://data.gov.my/data-catalogue/hies_state_percentile,fresh,2026-10-04T11:16:32Z
state_income_group,Kedah,,incomeGroup.b40.minIncome,1301.0,RM per household per month,2024-01-01,https://data.gov.my/data-catalogue/hies_state_percentile,fresh,2026-10-04T11:16:32Z
state_income_group,Kedah,,incomeGroup.b40.maxIncome,3936.0,RM per household per month,2024-01-01,https://data.gov.my/data-catalogue/hies_state_percentile,fresh,2026-10-04T11:16:32Z
state_income_group,Kedah,,incomeGroup.b40.vsNationalMean,-1038.07,RM per household per month,2024-01-01,https://data.gov.my/data-catalogue/hies_state_percentile,fresh,2026-10-04T11:16:32Z
state_income_group,Kedah,,incomeGroup.b40.percentileRange,1-40,percentiles,2024-01-01,https://data.gov.my/data-catalogue/hies_state_percentile,fresh,2026-10-04T11:16:32Z
state_income_group,Kedah,,incomeGroup.m40.meanIncome,5775.75,RM per household per month,2024-01-01,https://data.gov.my/data-catalogue/hies_state_percentile,fresh,2026-10-04T11:16:32Z
state_income_group,Kedah,,incomeGroup.m40.medianIncome,5667.0,RM per household per month,2024-01-01,https://data.gov.my/data-catalogue/hies_state_percentile,fresh,2026-10-04T11:16:32Z
state_income_group,Kedah,,incomeGroup.m40.minIncome,3954.0,RM per household per month,2024-01-01,https://data.gov.my/data-catalogue/hies_state_percentile,fresh,2026-10-04T11:16:32Z
state_income_group,Kedah,,incomeGroup.m40.maxIncome,7816.0,RM per household per month,2024-01-01,https://data.gov.my/data-catalogue/hies_state_percentile,fresh,2026-10-04T11:16:32Z
state_income_group,Kedah,,incomeGroup.m40.vsNationalMean,-2968.13,RM per household per month,2024-01-01,https://data.gov.my/data-catalogue/hies_state_percentile,fresh,2026-10-04T11:16:32Z
state_income_group,Kedah,,incomeGroup.m40.percentileRange,41-80,percentiles,2024-01-01,https://data.gov.my/data-catalogue/hies_state_percentile,fresh,2026-10-04T11:16:32Z
state_income_group,Kedah,,incomeGroup.t20.meanIncome,11879.15,RM per household per month,2024-01-01,https://data.gov.my/data-catalogue/hies_state_percentile,fresh,2026-10-04T11:16:32Z
state_income_group,Kedah,,incomeGroup.t20.medianIncome,10657.0,RM per household per month,2024-01-01,https://data.gov.my/data-catalogue/hies_state_percentile,fresh,2026-10-04T11:16:32Z
state_income_group,Kedah,,incomeGroup.t20.minIncome,7818.0,RM per household per month,2024-01-01,https://data.gov.my/data-catalogue/hies_state_percentile,fresh,2026-10-04T11:16:32Z
state_income_group,Kedah,,incomeGroup.t20.maxIncome,19958.0,RM per household per month,2024-01-01,https://data.gov.my/data-catalogue/hies_state_percentile,fresh,2026-10-04T11:16:32Z
state_income_group,Kedah,,incomeGroup.t20.vsNationalMean,-8788.5,RM per household per month,2024-01-01,https://data.gov.my/data-catalogue/hies_state_percentile,fresh,2026-10-04T11:16:32Z
state_income_group,Kedah,,incomeGroup.t20.percentileRange,81-100,percentiles,2024-01-01,https://data.gov.my/data-catalogue/hies_state_percentile,fresh,2026-10-04T11:16:32Z
state_income_group,Kelantan,,incomeGroup.b40.meanIncome,2493.05,RM per household per month,2024-01-01,https://data.gov.my/data-catalogue/hies_state_percentile,fresh,2026-10-04T11:16:32Z
state_income_group,Kelantan,,incomeGroup.b40.medianIncome,2541.5,RM per household per month,2024-01-01,https://data.gov.my/data-catalogue/hies_state_percentile,fresh,2026-10-04T11:16:32Z
state_income_group,Kelantan,,incomeGroup.b40.minIncome,1348.0,RM per household per month,2024-01-01,https://data.gov.my/data-catalogue/hies_state_percentile,fresh,2026-10-04T11:16:32Z
state_income_group,Kelantan,,incomeGroup.b40.maxIncome,3522.0,RM per household per month,2024-01-01,https://data.gov.my/data-catalogue/hies_state_percentile,fresh,2026-10-04T11:16:32Z
state_income_group,Kelantan,,incomeGroup.b40.vsNationalMean,-1321.42,RM per household per month,2024-01-01,https://data.gov.my/data-catalogue/hies_state_percentile,fresh,2026-10-04T11:16:32Z
state_income_group,Kelantan,,incomeGroup.b40.percentileRange,1-40,percentiles,2024-01-01,https://data.gov.my/data-catalogue/hies_state_percentile,fresh,2026-10-04T11:16:32Z
state_income_group,Kelantan,,incomeGroup.m40.meanIncome,4907.75,RM per household per month,2024-01-01,https://data.gov.my/data-catalogue/hies_state_percentile,fresh,2026-10-04T11:16:32Z
state_income_group,Kelantan,,incomeGroup.m40.medianIncome,4769.5,RM per household per month,2024-01-01,https://data.gov.my/data-catalogue/hies_state_percentile,fresh,2026-10-04T11:16:32Z
state_income_group,Kelantan,,incomeGroup.m40.minIncome,3523.0,RM per household per month,2024-01-01,https://data.gov.my/data-catalogue/hies_state_percentile,fresh,2026-10-04T11:16:32Z
state_income_group,Kelantan,,incomeGroup.m40.maxIncome,7002.0,RM per household per month,2024-01-01,https://data.gov.my/data-catalogue/hies_state_percentile,fresh,2026-10-04T11:16:32Z
state_income_group,Kelantan,,incomeGroup.m40.vsNationalMean,-3836.13,RM per household per month,2024-01-01,https://data.gov.my/data-catalogue/hies_state_percentile,fresh,2026-10-04T11:16:32Z
state_income_group,Kelantan,,incomeGroup.m40.percentileRange,41-80,percentiles,2024-01-01,https://data.gov.my/data-catalogue/hies_state_percentile,fresh,2026-10-04T11:16:32Z
state_income_group,Kelantan,,incomeGroup.t20.meanIncome,11542.65,RM per household per month,2024-01-01,https://data.gov.my/data-catalogue/hies_state_percentile,fresh,2026-10-04T11:16:32Z
state_income_group,Kelantan,,incomeGroup.t20.medianIncome,9919.5,RM per household per month,2024-01-01,https://data.gov.my/data-catalogue/hies_state_percentile,fresh,2026-10-04T11:16:32Z
state_income_group,Kelantan,,incomeGroup.t20.minIncome,7003.0,RM per household per month,2024-01-01,https://data.gov.my/data-catalogue/hies_state_percentile,fresh,2026-10-04T11:16:32Z
state_income_group,Kelantan,,incomeGroup.t20.maxIncome,20624.0,RM per household per month,2024-01-01,https://data.gov.my/data-catalogue/hies_state_percentile,fresh,2026-10-04T11:16:32Z
state_income_group,Kelantan,,incomeGroup.t20.vsNationalMean,-9125.0,RM per household per month,2024-01-01,https://data.gov.my/data-catalogue/hies_state_percentile,fresh,2026-10-04T11:16:32Z
state_income_group,Kelantan,,incomeGroup.t20.percentileRange,81-100,percentiles,2024-01-01,https://data.gov.my/data-catalogue/hies_state_percentile,fresh,2026-10-04T11:16:32Z
state_income_group,Melaka,,incomeGroup.b40.meanIncome,4306.7,RM per household per month,2024-01-01,https://data.gov.my/data-catalogue/hies_state_percentile,fresh,2026-10-04T11:16:32Z
state_income_group,Melaka,,incomeGroup.b40.medianIncome,4298.0,RM per household per month,2024-01-01,https://data.gov.my/data-catalogue/hies_state_percentile,fresh,2026-10-04T11:16:32Z
state_income_group,Melaka,,incomeGroup.b40.minIncome,2758.0,RM per household per month,2024-01-01,https://data.gov.my/data-catalogue/hies_state_percentile,fresh,2026-10-04T11:16:32Z
state_income_group,Melaka,,incomeGroup.b40.maxIncome,5916.0,RM per household per month,2024-01-01,https://data.gov.my/data-catalogue/hies_state_percentile,fresh,2026-10-04T11:16:32Z
state_income_group,Melaka,,incomeGroup.b40.vsNationalMean,492.23,RM per household per month,2024-01-01,https://data.gov.my/data-catalogue/hies_state_percentile,fresh,2026-10-04T11:16:32Z
state_income_group,Melaka,,incomeGroup.b40.percentileRange,1-40,percentiles,2024-01-01,https://data.gov.my/data-catalogue/hies_state_percentile,fresh,2026-10-04T11:16:32Z
state_income_group,Melaka,,incomeGroup.m40.meanIncome,8314.88,RM per household per month,2024-01-01,https://data.gov.my/data-catalogue/hies_state_percentile,fresh,2026-10-04T11:16:32Z
state_income_group,Melaka,,incomeGroup.m40.medianIncome,8096.0,RM per household per month,2024-01-01,https://data.gov.my/data-catalogue/hies_state_percentile,fresh,2026-10-04T11:16:32Z
state_income_group,Melaka,,incomeGroup.m40.minIncome,5919.0,RM per household per month,2024-01-01,https://data.gov.my/data-catalogue/hies_state_percentile,fresh,2026-10-04T11:16:32Z
state_income_group,Melaka,,incomeGroup.m40.maxIncome,11562.0,RM per household per month,2024-01-01,https://data.gov.my/data-catalogue/hies_state_percentile,fresh,2026-10-04T11:16:32Z
state_income_group,Melaka,,incomeGroup.m40.vsNationalMean,-429.0,RM per household per month,2024-01-01,https://data.gov.my/data-catalogue/hies_state_percentile,fresh,2026-10-04T11:16:32Z
state_income_group,Melaka,,incomeGroup.m40.percentileRange,41-80,percentiles,2024-01-01,https://data.gov.my/data-catalogue/hies_state_percentile,fresh,2026-10-04T11:16:32Z
state_income_group,Melaka,,incomeGroup.t20.meanIncome,18229.15,RM per household per month,2024-01-01,https://data.gov.my/data-catalogue/hies_state_percentile,fresh,2026-10-04T11:16:32Z
state_income_group,Melaka,,incomeGroup.t20.medianIncome,15375.5,RM per household per month,2024-01-01,https://data.gov.my/data-catalogue/hies_state_percentile,fresh,2026-10-04T11:16:32Z
state_income_group,Melaka,,incomeGroup.t20.minIncome,11564.0,RM per household per month,2024-01-01,https://data.gov.my/data-catalogue/hies_state_percentile,fresh,2026-10-04T11:16:32Z
state_income_group,Melaka,,incomeGroup.t20.maxIncome,34835.0,RM per household per month,2024-01-01,https://data.gov.my/data-catalogue/hies_state_percentile,fresh,2026-10-04T11:16:32Z
state_income_group,Melaka,,incomeGroup.t20.vsNationalMean,-2438.5,RM per household per month,2024-01-01,https://data.gov.my/data-catalogue/hies_state_percentile,fresh,2026-10-04T11:16:32Z
state_income_group,Melaka,,incomeGroup.t20.percentileRange,81-100,percentiles,2024-01-01,https://data.gov.my/data-catalogue/hies_state_percentile,fresh,2026-10-04T11:16:32Z
state_income_group,Negeri Sembilan,,incomeGroup.b40.meanIncome,3279.45,RM per household per month,2024-01-01,https://data.gov.my/data-catalogue/hies_state_percentile,fresh,2026-10-04T11:16:32Z
state_income_group,Negeri Sembilan,,incomeGroup.b40.medianIncome,3319.5,RM per household per month,2024-01-01,https://data.gov.my/data-catalogue/hies_state_percentile,fresh,2026-10-04T11:16:32Z
state_income_group,Negeri Sembilan,,incomeGroup.b40.minIncome,1506.0,RM per household per month,2024-01-01,https://data.gov.my/data-catalogue/hies_state_percentile,fresh,2026-10-04T11:16:32Z
state_income_group,Negeri Sembilan,,incomeGroup.b40.maxIncome,4692.0,RM per household per month,2024-01-01,https://data.gov.my/data-catalogue/hies_state_percentile,fresh,2026-10-04T11:16:32Z
state_income_group,Negeri Sembilan,,incomeGroup.b40.vsNationalMean,-535.02,RM per household per month,2024-01-01,https://data.gov.my/data-catalogue/hies_state_percentile,fresh,2026-10-04T11:16:32Z
state_income_group,Negeri Sembilan,,incomeGroup.b40.percentileRange,1-40,percentiles,2024-01-01,https://data.gov.my/data-catalogue/hies_state_percentile,fresh,2026-10-04T11:16:32Z
state_income_group,Negeri Sembilan,,incomeGroup.m40.meanIncome,6826.93,RM per household per month,2024-01-01,https://data.gov.my/data-catalogue/hies_state_percentile,fresh,2026-10-04T11:16:32Z
state_income_group,Negeri Sembilan,,incomeGroup.m40.medianIncome,6629.5,RM per household per month,2024-01-01,https://data.gov.my/data-catalogue/hies_state_percentile,fresh,2026-10-04T11:16:32Z
state_income_group,Negeri Sembilan,,incomeGroup.m40.minIncome,4693.0,RM per household per month,2024-01-01,https://data.gov.my/data-catalogue/hies_state_percentile,fresh,2026-10-04T11:16:32Z
state_income_group,Negeri Sembilan,,incomeGroup.m40.maxIncome,9978.0,RM per household per month,2024-01-01,https://data.gov.my/data-catalogue/hies_state_percentile,fresh,2026-10-04T11:16:32Z
state_income_group,Negeri Sembilan,,incomeGroup.m40.vsNationalMean,-1916.95,RM per household per month,2024-01-01,https://data.gov.my/data-catalogue/hies_state_percentile,fresh,2026-10-04T11:16:32Z
state_income_group,Negeri Sembilan,,incomeGroup.m40.percentileRange,41-80,percentiles,2024-01-01,https://data.gov.my/data-catalogue/hies_state_percentile,fresh,2026-10-04T11:16:32Z
state_income_group,Negeri Sembilan,,incomeGroup.t20.meanIncome,16383.55,RM per household per month,2024-01-01,https://data.gov.my/data-catalogue/hies_state_percentile,fresh,2026-10-04T11:16:32Z
state_income_group,Negeri Sembilan,,incomeGroup.t20.medianIncome,13708.5,RM per household per month,2024-01-01,https://data.gov.my/data-catalogue/hies_state_percentile,fresh,2026-10-04T11:16:32Z
state_income_group,Negeri Sembilan,,incomeGroup.t20.minIncome,9981.0,RM per household per month,2024-01-01,https://data.gov.my/data-catalogue/hies_state_percentile,fresh,2026-10-04T11:16:32Z
state_income_group,Negeri Sembilan,,incomeGroup.t20.maxIncome,31476.0,RM per household per month,2024-01-01,https://data.gov.my/data-catalogue/hies_state_percentile,fresh,2026-10-04T11:16:32Z
state_income_group,Negeri Sembilan,,incomeGroup.t20.vsNationalMean,-4284.1,RM per household per month,2024-01-01,https://data.gov.my/data-catalogue/hies_state_percentile,fresh,2026-10-04T11:16:32Z
state_income_group,Negeri Sembilan,,incomeGroup.t20.percentileRange,81-100,percentiles,2024-01-01,https://data.gov.my/data-catalogue/hies_state_percentile,fresh,2026-10-04T11:16:32Z
state_income_group,Pahang,,incomeGroup.b40.meanIncome,3205.72,RM per household per month,2024-01-01,https://data.gov.my/data-catalogue/hies_state_percentile,fresh,2026-10-04T11:16:32Z
state_income_group,Pahang,,incomeGroup.b40.medianIncome,3257.0,RM per household per month,2024-01-01,https://data.gov.my/data-catalogue/hies_state_percentile,fresh,2026-10-04T11:16:32Z
state_income_group,Pahang,,incomeGroup.b40.minIncome,1733.0,RM per household per month,2024-01-01,https://data.gov.my/data-catalogue/hies_state_percentile,fresh,2026-10-04T11:16:32Z
state_income_group,Pahang,,incomeGroup.b40.maxIncome,4329.0,RM per household per month,2024-01-01,https://data.gov.my/data-catalogue/hies_state_percentile,fresh,2026-10-04T11:16:32Z
state_income_group,Pahang,,incomeGroup.b40.vsNationalMean,-608.75,RM per household per month,2024-01-01,https://data.gov.my/data-catalogue/hies_state_percentile,fresh,2026-10-04T11:16:32Z
state_income_group,Pahang,,incomeGroup.b40.percentileRange,1-40,percentiles,2024-01-01,https://data.gov.my/data-catalogue/hies_state_percentile,fresh,2026-10-04T11:16:32Z
state_income_group,Pahang,,incomeGroup.m40.meanIncome,5683.85,RM per household per month,2024-01-01,https://data.gov.my/data-catalogue/hies_state_percentile,fresh,2026-10-04T11:16:32Z
state_income_group,Pahang,,incomeGroup.m40.medianIncome,5547.0,RM per household per month,2024-01-01,https://data.gov.my/data-catalogue/hies_state_percentile,fresh,2026-10-04T11:16:32Z
state_income_group,Pahang,,incomeGroup.m40.minIncome,4329.0,RM per household per month,2024-01-01,https://data.gov.my/data-catalogue/hies_state_percentile,fresh,2026-10-04T11:16:32Z
state_income_group,Pahang,,incomeGroup.m40.maxIncome,8094.0,RM per household per month,2024-01-01,https://data.gov.my/data-catalogue/hies_state_percentile,fresh,2026-10-04T11:16:32Z
state_income_group,Pahang,,incomeGroup.m40.vsNationalMean,-3060.03,RM per household per month,2024-01-01,https://data.gov.my/data-catalogue/hies_state_percentile,fresh,2026-10-04T11:16:32Z
state_income_group,Pahang,,incomeGroup.m40.percentileRange,41-80,percentiles,2024-01-01,https://data.gov.my/data-catalogue/hies_state_percentile,fresh,2026-10-04T11:16:32Z
state_income_group,Pahang,,incomeGroup.t20.meanIncome,12573.85,RM per household per month,2024-01-01,https://data.gov.my/data-catalogue/hies_state_percentile,fresh,2026-10-04T11:16:32Z
state_income_group,Pahang,,incomeGroup.t20.medianIncome,10869.0,RM per household per month,2024-01-01,https://data.gov.my/data-catalogue/hies_state_percentile,fresh,2026-10-04T11:16:32Z
state_income_group,Pahang,,incomeGroup.t20.minIncome,8095.0,RM per household per month,2024-01-01,https://data.gov.my/data-catalogue/hies_state_percentile,fresh,2026-10-04T11:16:32Z
state_income_group,Pahang,,incomeGroup.t20.maxIncome,21992.0,RM per household per month,2024-01-01,https://data.gov.my/data-catalogue/hies_state_percentile,fresh,2026-10-04T11:16:32Z
state_income_group,Pahang,,incomeGroup.t20.vsNationalMean,-8093.8,RM per household per month,2024-01-01,https://data.gov.my/data-catalogue/hies_state_percentile,fresh,2026-10-04T11:16:32Z
state_income_group,Pahang,,incomeGroup.t20.percentileRange,81-100,percentiles,2024-01-01,https://data.gov.my/data-catalogue/hies_state_percentile,fresh,2026-10-04T11:16:32Z
state_income_group,Perak,,incomeGroup.b40.meanIncome,2833.2,RM per household per month,2024-01-01,https://data.gov.my/data-catalogue/hies_state_percentile,fresh,2026-10-04T11:16:32Z
state_income_group,Perak,,incomeGroup.b40.medianIncome,2887.5,RM per household per month,2024-01-01,https://data.gov.my/data-catalogue/hies_state_percentile,fresh,2026-10-04T11:16:32Z
state_income_group,Perak,,incomeGroup.b40.minIncome,1454.0,RM per household per month,2024-01-01,https://data.gov.my/data-catalogue/hies_state_percentile,fresh,2026-10-04T11:16:32Z
state_income_group,Perak,,incomeGroup.b40.maxIncome,3966.0,RM per household per month,2024-01-01,https://data.gov.my/data-catalogue/hies_state_percentile,fresh,2026-10-04T11:16:32Z
state_income_group,Perak,,incomeGroup.b40.vsNationalMean,-981.27,RM per household per month,2024-01-01,https://data.gov.my/data-catalogue/hies_state_percentile,fresh,2026-10-04T11:16:32Z
state_income_group,Perak,,incomeGroup.b40.percentileRange,1-40,percentiles,2024-01-01,https://data.gov.my/data-catalogue/hies_state_percentile,fresh,2026-10-04T11:16:32Z
state_income_group,Perak,,incomeGroup.m40.meanIncome,5715.73,RM per household per month,2024-01-01,https://data.gov.my/data-catalogue/hies_state_percentile,fresh,2026-10-04T11:16:32Z
state_income_group,Perak,,incomeGroup.m40.medianIncome,5599.5,RM per household per month,2024-01-01,https://data.gov.my/data-catalogue/hies_state_percentile,fresh,2026-10-04T11:16:32Z
state_income_group,Perak,,incomeGroup.m40.minIncome,3967.0,RM per household per month,2024-01-01,https://data.gov.my/data-catalogue/hies_state_percentile,fresh,2026-10-04T11:16:32Z
state_income_group,Perak,,incomeGroup.m40.maxIncome,8212.0,RM per household per month,2024-01-01,https://data.gov.my/data-catalogue/hies_state_percentile,fresh,2026-10-04T11:16:32Z
state_income_group,Perak,,incomeGroup.m40.vsNationalMean,-3028.15,RM per household per month,2024-01-01,https://data.gov.my/data-catalogue/hies_state_percentile,fresh,2026-10-04T11:16:32Z
state_income_group,Perak,,incomeGroup.m40.percentileRange,41-80,percentiles,2024-01-01,https://data.gov.my/data-catalogue/hies_state_percentile,fresh,2026-10-04T11:16:32Z
state_income_group,Perak,,incomeGroup.t20.meanIncome,13790.9,RM per household per month,2024-01-01,https://data.gov.my/data-catalogue/hies_state_percentile,fresh,2026-10-04T11:16:32Z
state_income_group,Perak,,incomeGroup.t20.medianIncome,11489.5,RM per household per month,2024-01-01,https://data.gov.my/data-catalogue/hies_state_percentile,fresh,2026-10-04T11:16:32Z
state_income_group,Perak,,incomeGroup.t20.minIncome,8233.0,RM per household per month,2024-01-01,https://data.gov.my/data-catalogue/hies_state_percentile,fresh,2026-10-04T11:16:32Z
state_income_group,Perak,,incomeGroup.t20.maxIncome,25613.0,RM per household per month,2024-01-01,https://data.gov.my/data-catalogue/hies_state_percentile,fresh,2026-10-04T11:16:32Z
state_income_group,Perak,,incomeGroup.t20.vsNationalMean,-6876.75,RM per household per month,2024-01-01,https://data.gov.my/data-catalogue/hies_state_percentile,fresh,2026-10-04T11:16:32Z
state_income_group,Perak,,incomeGroup.t20.percentileRange,81-100,percentiles,2024-01-01,https://data.gov.my/data-catalogue/hies_state_percentile,fresh,2026-10-04T11:16:32Z
state_income_group,Perlis,,incomeGroup.b40.meanIncome,2959.32,RM per household per month,2024-01-01,https://data.gov.my/data-catalogue/hies_state_percentile,fresh,2026-10-04T11:16:32Z
state_income_group,Perlis,,incomeGroup.b40.medianIncome,3035.0,RM per household per month,2024-01-01,https://data.gov.my/data-catalogue/hies_state_percentile,fresh,2026-10-04T11:16:32Z
state_income_group,Perlis,,incomeGroup.b40.minIncome,1313.0,RM per household per month,2024-01-01,https://data.gov.my/data-catalogue/hies_state_percentile,fresh,2026-10-04T11:16:32Z
state_income_group,Perlis,,incomeGroup.b40.maxIncome,4273.0,RM per household per month,2024-01-01,https://data.gov.my/data-catalogue/hies_state_percentile,fresh,2026-10-04T11:16:32Z
state_income_group,Perlis,,incomeGroup.b40.vsNationalMean,-855.15,RM per household per month,2024-01-01,https://data.gov.my/data-catalogue/hies_state_percentile,fresh,2026-10-04T11:16:32Z
state_income_group,Perlis,,incomeGroup.b40.percentileRange,1-40,percentiles,2024-01-01,https://data.gov.my/data-catalogue/hies_state_percentile,fresh,2026-10-04T11:16:32Z
state_income_group,Perlis,,incomeGroup.m40.meanIncome,5846.35,RM per household per month,2024-01-01,https://data.gov.my/data-catalogue/hies_state_percentile,fresh,2026-10-04T11:16:32Z
state_income_group,Perlis,,incomeGroup.m40.medianIncome,5690.0,RM per household per month,2024-01-01,https://data.gov.my/data-catalogue/hies_state_percentile,fresh,2026-10-04T11:16:32Z
state_income_group,Perlis,,incomeGroup.m40.minIncome,4283.0,RM per household per month,2024-01-01,https://data.gov.my/data-catalogue/hies_state_percentile,fresh,2026-10-04T11:16:32Z
state_income_group,Perlis,,incomeGroup.m40.maxIncome,8007.0,RM per household per month,2024-01-01,https://data.gov.my/data-catalogue/hies_state_percentile,fresh,2026-10-04T11:16:32Z
state_income_group,Perlis,,incomeGroup.m40.vsNationalMean,-2897.53,RM per household per month,2024-01-01,https://data.gov.my/data-catalogue/hies_state_percentile,fresh,2026-10-04T11:16:32Z
state_income_group,Perlis,,incomeGroup.m40.percentileRange,41-80,percentiles,2024-01-01,https://data.gov.my/data-catalogue/hies_state_percentile,fresh,2026-10-04T11:16:32Z
state_income_group,Perlis,,incomeGroup.t20.meanIncome,12437.55,RM per household per month,2024-01-01,https://data.gov.my/data-catalogue/hies_state_percentile,fresh,2026-10-04T11:16:32Z
state_income_group,Perlis,,incomeGroup.t20.medianIncome,10551.0,RM per household per month,2024-01-01,https://data.gov.my/data-catalogue/hies_state_percentile,fresh,2026-10-04T11:16:32Z
state_income_group,Perlis,,incomeGroup.t20.minIncome,8012.0,RM per household per month,2024-01-01,https://data.gov.my/data-catalogue/hies_state_percentile,fresh,2026-10-04T11:16:32Z
state_income_group,Perlis,,incomeGroup.t20.maxIncome,19745.0,RM per household per month,2024-01-01,https://data.gov.my/data-catalogue/hies_state_percentile,fresh,2026-10-04T11:16:32Z
state_income_group,Perlis,,incomeGroup.t20.vsNationalMean,-8230.1,RM per household per month,2024-01-01,https://data.gov.my/data-catalogue/hies_state_percentile,fresh,2026-10-04T11:16:32Z
state_income_group,Perlis,,incomeGroup.t20.percentileRange,81-100,percentiles,2024-01-01,https://data.gov.my/data-catalogue/hies_state_percentile,fresh,2026-10-04T11:16:32Z
state_income_group,Pulau Pinang,,incomeGroup.b40.meanIncome,4151.2,RM per household per month,2024-01-01,https://data.gov.my/data-catalogue/hies_state_percentile,fresh,2026-10-04T11:16:32Z
state_income_group,Pulau Pinang,,incomeGroup.b40.medianIncome,4232.5,RM per household per month,2024-01-01,https://data.gov.my/data-catalogue/hies_state_percentile,fresh,2026-10-04T11:16:32Z
state_income_group,Pulau Pinang,,incomeGroup.b40.minIncome,1673.0,RM per household per month,2024-01-01,https://data.gov.my/data-catalogue/hies_state_percentile,fresh,2026-10-04T11:16:32Z
state_income_group,Pulau Pinang,,incomeGroup.b40.maxIncome,6367.0,RM per household per month,2024-01-01,https://data.gov.my/data-catalogue/hies_state_percentile,fresh,2026-10-04T11:16:32Z
state_income_group,Pulau Pinang,,incomeGroup.b40.vsNationalMean,336.73,RM per household per month,2024-01-01,https://data.gov.my/data-catalogue/hies_state_percentile,fresh,2026-10-04T11:16:32Z
state_income_group,Pulau Pinang,,incomeGroup.b40.percentileRange,1-40,percentiles,2024-01-01,https://data.gov.my/data-catalogue/hies_state_percentile,fresh,2026-10-04T11:16:32Z
state_income_group,Pulau Pinang,,incomeGroup.m40.meanIncome,8913.92,RM per household per month,2024-01-01,https://data.gov.my/data-catalogue/hies_state_percentile,fresh,2026-10-04T11:16:32Z
state_income_group,Pulau Pinang,,incomeGroup.m40.medianIncome,8661.0,RM per household per month,2024-01-01,https://data.gov.my/data-catalogue/hies_state_percentile,fresh,2026-10-04T11:16:32Z
state_income_group,Pulau Pinang,,incomeGroup.m40.minIncome,6370.0,RM per household per month,2024-01-01,https://data.gov.my/data-catalogue/hies_state_percentile,fresh,2026-10-04T11:16:32Z
state_income_group,Pulau Pinang,,incomeGroup.m40.maxIncome,12676.0,RM per household per month,2024-01-01,https://data.gov.my/data-catalogue/hies_state_percentile,fresh,2026-10-04T11:16:32Z
state_income_group,Pulau Pinang,,incomeGroup.m40.vsNationalMean,170.04,RM per household per month,2024-01-01,https://data.gov.my/data-catalogue/hies_state_percentile,fresh,2026-10-04T11:16:32Z
state_income_group,Pulau Pinang,,incomeGroup.m40.percentileRange,41-80,percentiles,2024-01-01,https://data.gov.my/data-catalogue/hies_state_percentile,fresh,2026-10-04T11:16:32Z
state_income_group,Pulau Pinang,,incomeGroup.t20.meanIncome,19660.25,RM per household per month,2024-01-01,https://data.gov.my/data-catalogue/hies_state_percentile,fresh,2026-10-04T11:16:32Z
state_income_group,Pulau Pinang,,incomeGroup.t20.medianIncome,16487.5,RM per household per month,2024-01-01,https://data.gov.my/data-catalogue/hies_state_percentile,fresh,2026-10-04T11:16:32Z
state_income_group,Pulau Pinang,,incomeGroup.t20.minIncome,12676.0,RM per household per month,2024-01-01,https://data.gov.my/data-catalogue/hies_state_percentile,fresh,2026-10-04T11:16:32Z
state_income_group,Pulau Pinang,,incomeGroup.t20.maxIncome,34270.0,RM per household per month,2024-01-01,https://data.gov.my/data-catalogue/hies_state_percentile,fresh,2026-10-04T11:16:32Z
state_income_group,Pulau Pinang,,incomeGroup.t20.vsNationalMean,-1007.4,RM per household per month,2024-01-01,https://data.gov.my/data-catalogue/hies_state_percentile,fresh,2026-10-04T11:16:32Z
state_income_group,Pulau Pinang,,incomeGroup.t20.percentileRange,81-100,percentiles,2024-01-01,https://data.gov.my/data-catalogue/hies_state_percentile,fresh,2026-10-04T11:16:32Z
state_income_group,Sabah,,incomeGroup.b40.meanIncome,2769.55,RM per household per month,2024-01-01,https://data.gov.my/data-catalogue/hies_state_percentile,fresh,2026-10-04T11:16:32Z
state_income_group,Sabah,,incomeGroup.b40.medianIncome,2787.0,RM per household per month,2024-01-01,https://data.gov.my/data-catalogue/hies_state_percentile,fresh,2026-10-04T11:16:32Z
state_income_group,Sabah,,incomeGroup.b40.minIncome,1224.0,RM per household per month,2024-01-01,https://data.gov.my/data-catalogue/hies_state_percentile,fresh,2026-10-04T11:16:32Z
state_income_group,Sabah,,incomeGroup.b40.maxIncome,4123.0,RM per household per month,2024-01-01,https://data.gov.my/data-catalogue/hies_state_percentile,fresh,2026-10-04T11:16:32Z
state_income_group,Sabah,,incomeGroup.b40.vsNationalMean,-1044.92,RM per household per month,2024-01-01,https://data.gov.my/data-catalogue/hies_state_percentile,fresh,2026-10-04T11:16:32Z
state_income_group,Sabah,,incomeGroup.b40.percentileRange,1-40,percentiles,2024-01-01,https://data.gov.my/data-catalogue/hies_state_percentile,fresh,2026-10-04T11:16:32Z
state_income_group,Sabah,,incomeGroup.m40.meanIncome,6018.3,RM per household per month,2024-01-01,https://data.gov.my/data-catalogue/hies_state_percentile,fresh,2026-10-04T11:16:32Z
state_income_group,Sabah,,incomeGroup.m40.medianIncome,5694.0,RM per household per month,2024-01-01,https://data.gov.my/data-catalogue/hies_state_percentile,fresh,2026-10-04T11:16:32Z
state_income_group,Sabah,,incomeGroup.m40.minIncome,4125.0,RM per household per month,2024-01-01,https://data.gov.my/data-catalogue/hies_state_percentile,fresh,2026-10-04T11:16:32Z
state_income_group,Sabah,,incomeGroup.m40.maxIncome,9162.0,RM per household per month,2024-01-01,https://data.gov.my/data-catalogue/hies_state_percentile,fresh,2026-10-04T11:16:32Z
state_income_group,Sabah,,incomeGroup.m40.vsNationalMean,-2725.58,RM per household per month,2024-01-01,https://data.gov.my/data-catalogue/hies_state_percentile,fresh,2026-10-04T11:16:32Z
state_income_group,Sabah,,incomeGroup.m40.percentileRange,41-80,percentiles,2024-01-01,https://data.gov.my/data-catalogue/hies_state_percentile,fresh,2026-10-04T11:16:32Z
state_income_group,Sabah,,incomeGroup.t20.meanIncome,14934.05,RM per household per month,2024-01-01,https://data.gov.my/data-catalogue/hies_state_percentile,fresh,2026-10-04T11:16:32Z
state_income_group,Sabah,,incomeGroup.t20.medianIncome,12759.0,RM per household per month,2024-01-01,https://data.gov.my/data-catalogue/hies_state_percentile,fresh,2026-10-04T11:16:32Z
state_income_group,Sabah,,incomeGroup.t20.minIncome,9166.0,RM per household per month,2024-01-01,https://data.gov.my/data-catalogue/hies_state_percentile,fresh,2026-10-04T11:16:32Z
state_income_group,Sabah,,incomeGroup.t20.maxIncome,26820.0,RM per household per month,2024-01-01,https://data.gov.my/data-catalogue/hies_state_percentile,fresh,2026-10-04T11:16:32Z
state_income_group,Sabah,,incomeGroup.t20.vsNationalMean,-5733.6,RM per household per month,2024-01-01,https://data.gov.my/data-catalogue/hies_state_percentile,fresh,2026-10-04T11:16:32Z
state_income_group,Sabah,,incomeGroup.t20.percentileRange,81-100,percentiles,2024-01-01,https://data.gov.my/data-catalogue/hies_state_percentile,fresh,2026-10-04T11:16:32Z
state_income_group,Sarawak,,incomeGroup.b40.meanIncome,3142.4,RM per household per month,2024-01-01,https://data.gov.my/data-catalogue/hies_state_percentile,fresh,2026-10-04T11:16:32Z
state_income_group,Sarawak,,incomeGroup.b40.medianIncome,3163.5,RM per household per month,2024-01-01,https://data.gov.my/data-catalogue/hies_state_percentile,fresh,2026-10-04T11:16:32Z
state_income_group,Sarawak,,incomeGroup.b40.minIncome,1504.0,RM per household per month,2024-01-01,https://data.gov.my/data-catalogue/hies_state_percentile,fresh,2026-10-04T11:16:32Z
state_income_group,Sarawak,,incomeGroup.b40.maxIncome,4668.0,RM per household per month,2024-01-01,https://data.gov.my/data-catalogue/hies_state_percentile,fresh,2026-10-04T11:16:32Z
state_income_group,Sarawak,,incomeGroup.b40.vsNationalMean,-672.07,RM per household per month,2024-01-01,https://data.gov.my/data-catalogue/hies_state_percentile,fresh,2026-10-04T11:16:32Z
state_income_group,Sarawak,,incomeGroup.b40.percentileRange,1-40,percentiles,2024-01-01,https://data.gov.my/data-catalogue/hies_state_percentile,fresh,2026-10-04T11:16:32Z
state_income_group,Sarawak,,incomeGroup.m40.meanIncome,6719.6,RM per household per month,2024-01-01,https://data.gov.my/data-catalogue/hies_state_percentile,fresh,2026-10-04T11:16:32Z
state_income_group,Sarawak,,incomeGroup.m40.medianIncome,6528.5,RM per household per month,2024-01-01,https://data.gov.my/data-catalogue/hies_state_percentile,fresh,2026-10-04T11:16:32Z
state_income_group,Sarawak,,incomeGroup.m40.minIncome,4670.0,RM per household per month,2024-01-01,https://data.gov.my/data-catalogue/hies_state_percentile,fresh,2026-10-04T11:16:32Z
state_income_group,Sarawak,,incomeGroup.m40.maxIncome,9709.0,RM per household per month,2024-01-01,https://data.gov.my/data-catalogue/hies_state_percentile,fresh,2026-10-04T11:16:32Z
state_income_group,Sarawak,,incomeGroup.m40.vsNationalMean,-2024.28,RM per household per month,2024-01-01,https://data.gov.my/data-catalogue/hies_state_percentile,fresh,2026-10-04T11:16:32Z
state_income_group,Sarawak,,incomeGroup.m40.percentileRange,41-80,percentiles,2024-01-01,https://data.gov.my/data-catalogue/hies_state_percentile,fresh,2026-10-04T11:16:32Z
state_income_group,Sarawak,,incomeGroup.t20.meanIncome,15028.75,RM per household per month,2024-01-01,https://data.gov.my/data-catalogue/hies_state_percentile,fresh,2026-10-04T11:16:32Z
state_income_group,Sarawak,,incomeGroup.t20.medianIncome,13121.5,RM per household per month,2024-01-01,https://data.gov.my/data-catalogue/hies_state_percentile,fresh,2026-10-04T11:16:32Z
state_income_group,Sarawak,,incomeGroup.t20.minIncome,9711.0,RM per household per month,2024-01-01,https://data.gov.my/data-catalogue/hies_state_percentile,fresh,2026-10-04T11:16:32Z
state_income_group,Sarawak,,incomeGroup.t20.maxIncome,26228.0,RM per household per month,2024-01-01,https://data.gov.my/data-catalogue/hies_state_percentile,fresh,2026-10-04T11:16:32Z
state_income_group,Sarawak,,incomeGroup.t20.vsNationalMean,-5638.9,RM per household per month,2024-01-01,https://data.gov.my/data-catalogue/hies_state_percentile,fresh,2026-10-04T11:16:32Z
state_income_group,Sarawak,,incomeGroup.t20.percentileRange,81-100,percentiles,2024-01-01,https://data.gov.my/data-catalogue/hies_state_percentile,fresh,2026-10-04T11:16:32Z
state_income_group,Selangor,,incomeGroup.b40.meanIncome,7012.25,RM per household per month,2024-01-01,https://data.gov.my/data-catalogue/hies_state_percentile,fresh,2026-10-04T11:16:32Z
state_income_group,Selangor,,incomeGroup.b40.medianIncome,7338.0,RM per household per month,2024-01-01,https://data.gov.my/data-catalogue/hies_state_percentile,fresh,2026-10-04T11:16:32Z
state_income_group,Selangor,,incomeGroup.b40.minIncome,3033.0,RM per household per month,2024-01-01,https://data.gov.my/data-catalogue/hies_state_percentile,fresh,2026-10-04T11:16:32Z
state_income_group,Selangor,,incomeGroup.b40.maxIncome,9572.0,RM per household per month,2024-01-01,https://data.gov.my/data-catalogue/hies_state_percentile,fresh,2026-10-04T11:16:32Z
state_income_group,Selangor,,incomeGroup.b40.vsNationalMean,3197.78,RM per household per month,2024-01-01,https://data.gov.my/data-catalogue/hies_state_percentile,fresh,2026-10-04T11:16:32Z
state_income_group,Selangor,,incomeGroup.b40.percentileRange,1-40,percentiles,2024-01-01,https://data.gov.my/data-catalogue/hies_state_percentile,fresh,2026-10-04T11:16:32Z
state_income_group,Selangor,,incomeGroup.m40.meanIncome,12209.48,RM per household per month,2024-01-01,https://data.gov.my/data-catalogue/hies_state_percentile,fresh,2026-10-04T11:16:32Z
state_income_group,Selangor,,incomeGroup.m40.medianIncome,11890.5,RM per household per month,2024-01-01,https://data.gov.my/data-catalogue/hies_state_percentile,fresh,2026-10-04T11:16:32Z
state_income_group,Selangor,,incomeGroup.m40.minIncome,9573.0,RM per household per month,2024-01-01,https://data.gov.my/data-catalogue/hies_state_percentile,fresh,2026-10-04T11:16:32Z
state_income_group,Selangor,,incomeGroup.m40.maxIncome,16033.0,RM per household per month,2024-01-01,https://data.gov.my/data-catalogue/hies_state_percentile,fresh,2026-10-04T11:16:32Z
state_income_group,Selangor,,incomeGroup.m40.vsNationalMean,3465.6,RM per household per month,2024-01-01,https://data.gov.my/data-catalogue/hies_state_percentile,fresh,2026-10-04T11:16:32Z
state_income_group,Selangor,,incomeGroup.m40.percentileRange,41-80,percentiles,2024-01-01,https://data.gov.my/data-catalogue/hies_state_percentile,fresh,2026-10-04T11:16:32Z
state_income_group,Selangor,,incomeGroup.t20.meanIncome,28091.1,RM per household per month,2024-01-01,https://data.gov.my/data-catalogue/hies_state_percentile,fresh,2026-10-04T11:16:32Z
state_income_group,Selangor,,incomeGroup.t20.medianIncome,21630.0,RM per household per month,2024-01-01,https://data.gov.my/data-catalogue/hies_state_percentile,fresh,2026-10-04T11:16:32Z
state_income_group,Selangor,,incomeGroup.t20.minIncome,16051.0,RM per household per month,2024-01-01,https://data.gov.my/data-catalogue/hies_state_percentile,fresh,2026-10-04T11:16:32Z
state_income_group,Selangor,,incomeGroup.t20.maxIncome,63136.0,RM per household per month,2024-01-01,https://data.gov.my/data-catalogue/hies_state_percentile,fresh,2026-10-04T11:16:32Z
state_income_group,Selangor,,incomeGroup.t20.vsNationalMean,7423.45,RM per household per month,2024-01-01,https://data.gov.my/data-catalogue/hies_state_percentile,fresh,2026-10-04T11:16:32Z
state_income_group,Selangor,,incomeGroup.t20.percentileRange,81-100,percentiles,2024-01-01,https://data.gov.my/data-catalogue/hies_state_percentile,fresh,2026-10-04T11:16:32Z
state_income_group,Terengganu,,incomeGroup.b40.meanIncome,4119.15,RM per household per month,2024-01-01,https://data.gov.my/data-catalogue/hies_state_percentile,fresh,2026-10-04T11:16:32Z
state_income_group,Terengganu,,incomeGroup.b40.medianIncome,4131.0,RM per household per month,2024-01-01,https://data.gov.my/data-catalogue/hies_state_percentile,fresh,2026-10-04T11:16:32Z
state_income_group,Terengganu,,incomeGroup.b40.minIncome,2015.0,RM per household per month,2024-01-01,https://data.gov.my/data-catalogue/hies_state_percentile,fresh,2026-10-04T11:16:32Z
state_income_group,Terengganu,,incomeGroup.b40.maxIncome,5884.0,RM per household per month,2024-01-01,https://data.gov.my/data-catalogue/hies_state_percentile,fresh,2026-10-04T11:16:32Z
state_income_group,Terengganu,,incomeGroup.b40.vsNationalMean,304.68,RM per household per month,2024-01-01,https://data.gov.my/data-catalogue/hies_state_percentile,fresh,2026-10-04T11:16:32Z
state_income_group,Terengganu,,incomeGroup.b40.percentileRange,1-40,percentiles,2024-01-01,https://data.gov.my/data-catalogue/hies_state_percentile,fresh,2026-10-04T11:16:32Z
state_income_group,Terengganu,,incomeGroup.m40.meanIncome,7533.9,RM per household per month,2024-01-01,https://data.gov.my/data-catalogue/hies_state_percentile,fresh,2026-10-04T11:16:32Z
state_income_group,Terengganu,,incomeGroup.m40.medianIncome,7359.0,RM per household per month,2024-01-01,https://data.gov.my/data-catalogue/hies_state_percentile,fresh,2026-10-04T11:16:32Z
state_income_group,Terengganu,,incomeGroup.m40.minIncome,5887.0,RM per household per month,2024-01-01,https://data.gov.my/data-catalogue/hies_state_percentile,fresh,2026-10-04T11:16:32Z
state_income_group,Terengganu,,incomeGroup.m40.maxIncome,9789.0,RM per household per month,2024-01-01,https://data.gov.my/data-catalogue/hies_state_percentile,fresh,2026-10-04T11:16:32Z
state_income_group,Terengganu,,incomeGroup.m40.vsNationalMean,-1209.98,RM per household per month,2024-01-01,https://data.gov.my/data-catalogue/hies_state_percentile,fresh,2026-10-04T11:16:32Z
state_income_group,Terengganu,,incomeGroup.m40.percentileRange,41-80,percentiles,2024-01-01,https://data.gov.my/data-catalogue/hies_state_percentile,fresh,2026-10-04T11:16:32Z
state_income_group,Terengganu,,incomeGroup.t20.meanIncome,14874.75,RM per household per month,2024-01-01,https://data.gov.my/data-catalogue/hies_state_percentile,fresh,2026-10-04T11:16:32Z
state_income_group,Terengganu,,incomeGroup.t20.medianIncome,13369.5,RM per household per month,2024-01-01,https://data.gov.my/data-catalogue/hies_state_percentile,fresh,2026-10-04T11:16:32Z
state_income_group,Terengganu,,incomeGroup.t20.minIncome,9793.0,RM per household per month,2024-01-01,https://data.gov.my/data-catalogue/hies_state_percentile,fresh,2026-10-04T11:16:32Z
state_income_group,Terengganu,,incomeGroup.t20.maxIncome,24301.0,RM per household per month,2024-01-01,https://data.gov.my/data-catalogue/hies_state_percentile,fresh,2026-10-04T11:16:32Z
state_income_group,Terengganu,,incomeGroup.t20.vsNationalMean,-5792.9,RM per household per month,2024-01-01,https://data.gov.my/data-catalogue/hies_state_percentile,fresh,2026-10-04T11:16:32Z
state_income_group,Terengganu,,incomeGroup.t20.percentileRange,81-100,percentiles,2024-01-01,https://data.gov.my/data-catalogue/hies_state_percentile,fresh,2026-10-04T11:16:32Z
state_income_group,W.P. Kuala Lumpur,,incomeGroup.b40.meanIncome,6528.77,RM per household per month,2024-01-01,https://data.gov.my/data-catalogue/hies_state_percentile,fresh,2026-10-04T11:16:32Z
state_income_group,W.P. Kuala Lumpur,,incomeGroup.b40.medianIncome,6743.0,RM per household per month,2024-01-01,https://data.gov.my/data-catalogue/hies_state_percentile,fresh,2026-10-04T11:16:32Z
state_income_group,W.P. Kuala Lumpur,,incomeGroup.b40.minIncome,2610.0,RM per household per month,2024-01-01,https://data.gov.my/data-catalogue/hies_state_percentile,fresh,2026-10-04T11:16:32Z
state_income_group,W.P. Kuala Lumpur,,incomeGroup.b40.maxIncome,9632.0,RM per household per month,2024-01-01,https://data.gov.my/data-catalogue/hies_state_percentile,fresh,2026-10-04T11:16:32Z
state_income_group,W.P. Kuala Lumpur,,incomeGroup.b40.vsNationalMean,2714.3,RM per household per month,2024-01-01,https://data.gov.my/data-catalogue/hies_state_percentile,fresh,2026-10-04T11:16:32Z
state_income_group,W.P. Kuala Lumpur,,incomeGroup.b40.percentileRange,1-40,percentiles,2024-01-01,https://data.gov.my/data-catalogue/hies_state_percentile,fresh,2026-10-04T11:16:32Z
state_income_group,W.P. Kuala Lumpur,,incomeGroup.m40.meanIncome,12652.88,RM per household per month,2024-01-01,https://data.gov.my/data-catalogue/hies_state_percentile,fresh,2026-10-04T11:16:32Z
state_income_group,W.P. Kuala Lumpur,,incomeGroup.m40.medianIncome,12281.0,RM per household per month,2024-01-01,https://data.gov.my/data-catalogue/hies_state_percentile,fresh,2026-10-04T11:16:32Z
state_income_group,W.P. Kuala Lumpur,,incomeGroup.m40.minIncome,9634.0,RM per household per month,2024-01-01,https://data.gov.my/data-catalogue/hies_state_percentile,fresh,2026-10-04T11:16:32Z
state_income_group,W.P. Kuala Lumpur,,incomeGroup.m40.maxIncome,17028.0,RM per household per month,2024-01-01,https://data.gov.my/data-catalogue/hies_state_percentile,fresh,2026-10-04T11:16:32Z
state_income_group,W.P. Kuala Lumpur,,incomeGroup.m40.vsNationalMean,3909.0,RM per household per month,2024-01-01,https://data.gov.my/data-catalogue/hies_state_percentile,fresh,2026-10-04T11:16:32Z
state_income_group,W.P. Kuala Lumpur,,incomeGroup.m40.percentileRange,41-80,percentiles,2024-01-01,https://data.gov.my/data-catalogue/hies_state_percentile,fresh,2026-10-04T11:16:32Z
state_income_group,W.P. Kuala Lumpur,,incomeGroup.t20.meanIncome,31721.3,RM per household per month,2024-01-01,https://data.gov.my/data-catalogue/hies_state_percentile,fresh,2026-10-04T11:16:32Z
state_income_group,W.P. Kuala Lumpur,,incomeGroup.t20.medianIncome,24310.0,RM per household per month,2024-01-01,https://data.gov.my/data-catalogue/hies_state_percentile,fresh,2026-10-04T11:16:32Z
state_income_group,W.P. Kuala Lumpur,,incomeGroup.t20.minIncome,17052.0,RM per household per month,2024-01-01,https://data.gov.my/data-catalogue/hies_state_percentile,fresh,2026-10-04T11:16:32Z
state_income_group,W.P. Kuala Lumpur,,incomeGroup.t20.maxIncome,59878.0,RM per household per month,2024-01-01,https://data.gov.my/data-catalogue/hies_state_percentile,fresh,2026-10-04T11:16:32Z
state_income_group,W.P. Kuala Lumpur,,incomeGroup.t20.vsNationalMean,11053.65,RM per household per month,2024-01-01,https://data.gov.my/data-catalogue/hies_state_percentile,fresh,2026-10-04T11:16:32Z
state_income_group,W.P. Kuala Lumpur,,incomeGroup.t20.percentileRange,81-100,percentiles,2024-01-01,https://data.gov.my/data-catalogue/hies_state_percentile,fresh,2026-10-04T11:16:32Z
state_income_group,W.P. Labuan,,incomeGroup.b40.meanIncome,4226.88,RM per household per month,2024-01-01,https://data.gov.my/data-catalogue/hies_state_percentile,fresh,2026-10-04T11:16:32Z
state_income_group,W.P. Labuan,,incomeGroup.b40.medianIncome,4414.5,RM per household per month,2024-01-01,https://data.gov.my/data-catalogue/hies_state_percentile,fresh,2026-10-04T11:16:32Z
state_income_group,W.P. Labuan,,incomeGroup.b40.minIncome,1605.0,RM per household per month,2024-01-01,https://data.gov.my/data-catalogue/hies_state_percentile,fresh,2026-10-04T11:16:32Z
state_income_group,W.P. Labuan,,incomeGroup.b40.maxIncome,6313.0,RM per household per month,2024-01-01,https://data.gov.my/data-catalogue/hies_state_percentile,fresh,2026-10-04T11:16:32Z
state_income_group,W.P. Labuan,,incomeGroup.b40.vsNationalMean,412.41,RM per household per month,2024-01-01,https://data.gov.my/data-catalogue/hies_state_percentile,fresh,2026-10-04T11:16:32Z
state_income_group,W.P. Labuan,,incomeGroup.b40.percentileRange,1-40,percentiles,2024-01-01,https://data.gov.my/data-catalogue/hies_state_percentile,fresh,2026-10-04T11:16:32Z
state_income_group,W.P. Labuan,,incomeGroup.m40.meanIncome,8636.17,RM per household per month,2024-01-01,https://data.gov.my/data-catalogue/hies_state_percentile,fresh,2026-10-04T11:16:32Z
state_income_group,W.P. Labuan,,incomeGroup.m40.medianIncome,8074.0,RM per household per month,2024-01-01,https://data.gov.my/data-catalogue/hies_state_percentile,fresh,2026-10-04T11:16:32Z
state_income_group,W.P. Labuan,,incomeGroup.m40.minIncome,6356.0,RM per household per month,2024-01-01,https://data.gov.my/data-catalogue/hies_state_percentile,fresh,2026-10-04T11:16:32Z
state_income_group,W.P. Labuan,,incomeGroup.m40.maxIncome,11628.0,RM per household per month,2024-01-01,https://data.gov.my/data-catalogue/hies_state_percentile,fresh,2026-10-04T11:16:32Z
state_income_group,W.P. Labuan,,incomeGroup.m40.vsNationalMean,-107.71,RM per household per month,2024-01-01,https://data.gov.my/data-catalogue/hies_state_percentile,fresh,2026-10-04T11:16:32Z
state_income_group,W.P. Labuan,,incomeGroup.m40.percentileRange,41-80,percentiles,2024-01-01,https://data.gov.my/data-catalogue/hies_state_percentile,fresh,2026-10-04T11:16:32Z
state_income_group,W.P. Labuan,,incomeGroup.t20.meanIncome,17429.5,RM per household per month,2024-01-01,https://data.gov.my/data-catalogue/hies_state_percentile,fresh,2026-10-04T11:16:32Z
state_income_group,W.P. Labuan,,incomeGroup.t20.medianIncome,14815.5,RM per household per month,2024-01-01,https://data.gov.my/data-catalogue/hies_state_percentile,fresh,2026-10-04T11:16:32Z
state_income_group,W.P. Labuan,,incomeGroup.t20.minIncome,11635.0,RM per household per month,2024-01-01,https://data.gov.my/data-catalogue/hies_state_percentile,fresh,2026-10-04T11:16:32Z
state_income_group,W.P. Labuan,,incomeGroup.t20.maxIncome,29499.0,RM per household per month,2024-01-01,https://data.gov.my/data-catalogue/hies_state_percentile,fresh,2026-10-04T11:16:32Z
state_income_group,W.P. Labuan,,incomeGroup.t20.vsNationalMean,-3238.15,RM per household per month,2024-01-01,https://data.gov.my/data-catalogue/hies_state_percentile,fresh,2026-10-04T11:16:32Z
state_income_group,W.P. Labuan,,incomeGroup.t20.percentileRange,81-100,percentiles,2024-01-01,https://data.gov.my/data-catalogue/hies_state_percentile,fresh,2026-10-04T11:16:32Z
state_income_group,W.P. Putrajaya,,incomeGroup.b40.meanIncome,6869.4,RM per household per month,2024-01-01,https://data.gov.my/data-catalogue/hies_state_percentile,fresh,2026-10-04T11:16:32Z
state_income_group,W.P. Putrajaya,,incomeGroup.b40.medianIncome,6838.0,RM per household per month,2024-01-01,https://data.gov.my/data-catalogue/hies_state_percentile,fresh,2026-10-04T11:16:32Z
state_income_group,W.P. Putrajaya,,incomeGroup.b40.minIncome,3946.0,RM per household per month,2024-01-01,https://data.gov.my/data-catalogue/hies_state_percentile,fresh,2026-10-04T11:16:32Z
state_income_group,W.P. Putrajaya,,incomeGroup.b40.maxIncome,9624.0,RM per household per month,2024-01-01,https://data.gov.my/data-catalogue/hies_state_percentile,fresh,2026-10-04T11:16:32Z
state_income_group,W.P. Putrajaya,,incomeGroup.b40.vsNationalMean,3054.93,RM per household per month,2024-01-01,https://data.gov.my/data-catalogue/hies_state_percentile,fresh,2026-10-04T11:16:32Z
state_income_group,W.P. Putrajaya,,incomeGroup.b40.percentileRange,1-40,percentiles,2024-01-01,https://data.gov.my/data-catalogue/hies_state_percentile,fresh,2026-10-04T11:16:32Z
state_income_group,W.P. Putrajaya,,incomeGroup.m40.meanIncome,14055.42,RM per household per month,2024-01-01,https://data.gov.my/data-catalogue/hies_state_percentile,fresh,2026-10-04T11:16:32Z
state_income_group,W.P. Putrajaya,,incomeGroup.m40.medianIncome,13851.5,RM per household per month,2024-01-01,https://data.gov.my/data-catalogue/hies_state_percentile,fresh,2026-10-04T11:16:32Z
state_income_group,W.P. Putrajaya,,incomeGroup.m40.minIncome,9627.0,RM per household per month,2024-01-01,https://data.gov.my/data-catalogue/hies_state_percentile,fresh,2026-10-04T11:16:32Z
state_income_group,W.P. Putrajaya,,incomeGroup.m40.maxIncome,19021.0,RM per household per month,2024-01-01,https://data.gov.my/data-catalogue/hies_state_percentile,fresh,2026-10-04T11:16:32Z
state_income_group,W.P. Putrajaya,,incomeGroup.m40.vsNationalMean,5311.54,RM per household per month,2024-01-01,https://data.gov.my/data-catalogue/hies_state_percentile,fresh,2026-10-04T11:16:32Z
state_income_group,W.P. Putrajaya,,incomeGroup.m40.percentileRange,41-80,percentiles,2024-01-01,https://data.gov.my/data-catalogue/hies_state_percentile,fresh,2026-10-04T11:16:32Z
state_income_group,W.P. Putrajaya,,incomeGroup.t20.meanIncome,27604.55,RM per household per month,2024-01-01,https://data.gov.my/data-catalogue/hies_state_percentile,fresh,2026-10-04T11:16:32Z
state_income_group,W.P. Putrajaya,,incomeGroup.t20.medianIncome,24859.5,RM per household per month,2024-01-01,https://data.gov.my/data-catalogue/hies_state_percentile,fresh,2026-10-04T11:16:32Z
state_income_group,W.P. Putrajaya,,incomeGroup.t20.minIncome,19032.0,RM per household per month,2024-01-01,https://data.gov.my/data-catalogue/hies_state_percentile,fresh,2026-10-04T11:16:32Z
state_income_group,W.P. Putrajaya,,incomeGroup.t20.maxIncome,45619.0,RM per household per month,2024-01-01,https://data.gov.my/data-catalogue/hies_state_percentile,fresh,2026-10-04T11:16:32Z
state_income_group,W.P. Putrajaya,,incomeGroup.t20.vsNationalMean,6936.9,RM per household per month,2024-01-01,https://data.gov.my/data-catalogue/hies_state_percentile,fresh,2026-10-04T11:16:32Z
state_income_group,W.P. Putrajaya,,incomeGroup.t20.percentileRange,81-100,percentiles,2024-01-01,https://data.gov.my/data-catalogue/hies_state_percentile,fresh,2026-10-04T11:16:32Z
national_income_group,Malaysia,,incomeGroup.b40.meanIncome,3814.47,RM per household per month,2024-01-01,https://storage.dosm.gov.my/hies/hies_malaysia_percentile.csv,fresh,2026-10-04T11:16:32Z
national_income_group,Malaysia,,incomeGroup.b40.medianIncome,3815.0,RM per household per month,2024-01-01,https://storage.dosm.gov.my/hies/hies_malaysia_percentile.csv,fresh,2026-10-04T11:16:32Z
national_income_group,Malaysia,,incomeGroup.b40.minIncome,1556.0,RM per household per month,2024-01-01,https://storage.dosm.gov.my/hies/hies_malaysia_percentile.csv,fresh,2026-10-04T11:16:32Z
national_income_group,Malaysia,,incomeGroup.b40.maxIncome,5858.0,RM per household per month,2024-01-01,https://storage.dosm.gov.my/hies/hies_malaysia_percentile.csv,fresh,2026-10-04T11:16:32Z
national_income_group,Malaysia,,incomeGroup.b40.percentileRange,1-40,percentiles,2024-01-01,https://storage.dosm.gov.my/hies/hies_malaysia_percentile.csv,fresh,2026-10-04T11:16:32Z
national_income_group,Malaysia,,incomeGroup.m40.meanIncome,8743.88,RM per household per month,2024-01-01,https://storage.dosm.gov.my/hies/hies_malaysia_percentile.csv,fresh,2026-10-04T11:16:32Z
national_income_group,Malaysia,,incomeGroup.m40.medianIncome,8601.0,RM per household per month,2024-01-01,https://storage.dosm.gov.my/hies/hies_malaysia_percentile.csv,fresh,2026-10-04T11:16:32Z
national_income_group,Malaysia,,incomeGroup.m40.minIncome,5858.0,RM per household per month,2024-01-01,https://storage.dosm.gov.my/hies/hies_malaysia_percentile.csv,fresh,2026-10-04T11:16:32Z
national_income_group,Malaysia,,incomeGroup.m40.maxIncome,12681.0,RM per household per month,2024-01-01,https://storage.dosm.gov.my/hies/hies_malaysia_percentile.csv,fresh,2026-10-04T11:16:32Z
national_income_group,Malaysia,,incomeGroup.m40.percentileRange,41-80,percentiles,2024-01-01,https://storage.dosm.gov.my/hies/hies_malaysia_percentile.csv,fresh,2026-10-04T11:16:32Z
national_income_group,Malaysia,,incomeGroup.t20.meanIncome,20667.65,RM per household per month,2024-01-01,https://storage.dosm.gov.my/hies/hies_malaysia_percentile.csv,fresh,2026-10-04T11:16:32Z
national_income_group,Malaysia,,incomeGroup.t20.medianIncome,16520.5,RM per household per month,2024-01-01,https://storage.dosm.gov.my/hies/hies_malaysia_percentile.csv,fresh,2026-10-04T11:16:32Z
national_income_group,Malaysia,,incomeGroup.t20.minIncome,12682.0,RM per household per month,2024-01-01,https://storage.dosm.gov.my/hies/hies_malaysia_percentile.csv,fresh,2026-10-04T11:16:32Z
national_income_group,Malaysia,,incomeGroup.t20.maxIncome,40194.0,RM per household per month,2024-01-01,https://storage.dosm.gov.my/hies/hies_malaysia_percentile.csv,fresh,2026-10-04T11:16:32Z
national_income_group,Malaysia,,incomeGroup.t20.percentileRange,81-100,percentiles,2024-01-01,https://storage.dosm.gov.my/hies/hies_malaysia_percentile.csv,fresh,2026-10-04T11:16:32Z
